/* GENERATED by engine/idnagen.mjs from Unicode 17.0.0's IdnaMappingTable.txt.
   Do not edit — re-run the generator, which is also where the WHATWG configuration this table is
   specialized for (UseSTD3ASCIIRules=false, Transitional=false) is applied. */
#ifndef ENGINE_HOST_BROWSER_CORE_URL_IDNA_TABLE_H
#define ENGINE_HOST_BROWSER_CORE_URL_IDNA_TABLE_H
#include <stdint.h>

#define IDNA_UNICODE_VERSION "17.0.0"

/* The four outcomes, after the collapse. */
enum { IDNA_KEEP = 0, IDNA_REMOVE = 1, IDNA_MAP = 2, IDNA_ERROR = 3 };

typedef struct { uint32_t lo, hi; uint8_t outcome; uint16_t off, len; } IdnaRange;

static const uint32_t IDNA_MAP_POOL[] = {
    0x61, 0x62, 0x63, 0x64, 0x65, 0x66, 0x67, 0x68, 0x69, 0x6a, 0x6b, 0x6c,
    0x6d, 0x6e, 0x6f, 0x70, 0x71, 0x72, 0x73, 0x74, 0x75, 0x76, 0x77, 0x78,
    0x79, 0x7a, 0x20, 0x20, 0x308, 0x20, 0x304, 0x32, 0x33, 0x20, 0x301, 0x3bc,
    0x20, 0x327, 0x31, 0x31, 0x2044, 0x34, 0x31, 0x2044, 0x32, 0x33, 0x2044, 0x34,
    0xe0, 0xe1, 0xe2, 0xe3, 0xe4, 0xe5, 0xe6, 0xe7, 0xe8, 0xe9, 0xea, 0xeb,
    0xec, 0xed, 0xee, 0xef, 0xf0, 0xf1, 0xf2, 0xf3, 0xf4, 0xf5, 0xf6, 0xf8,
    0xf9, 0xfa, 0xfb, 0xfc, 0xfd, 0xfe, 0x101, 0x103, 0x105, 0x107, 0x109, 0x10b,
    0x10d, 0x10f, 0x111, 0x113, 0x115, 0x117, 0x119, 0x11b, 0x11d, 0x11f, 0x121, 0x123,
    0x125, 0x127, 0x129, 0x12b, 0x12d, 0x12f, 0x69, 0x307, 0x69, 0x6a, 0x135, 0x137,
    0x13a, 0x13c, 0x13e, 0x6c, 0xb7, 0x142, 0x144, 0x146, 0x148, 0x2bc, 0x6e, 0x14b,
    0x14d, 0x14f, 0x151, 0x153, 0x155, 0x157, 0x159, 0x15b, 0x15d, 0x15f, 0x161, 0x163,
    0x165, 0x167, 0x169, 0x16b, 0x16d, 0x16f, 0x171, 0x173, 0x175, 0x177, 0xff, 0x17a,
    0x17c, 0x17e, 0x253, 0x183, 0x185, 0x254, 0x188, 0x256, 0x257, 0x18c, 0x1dd, 0x259,
    0x25b, 0x192, 0x260, 0x263, 0x269, 0x268, 0x199, 0x26f, 0x272, 0x275, 0x1a1, 0x1a3,
    0x1a5, 0x280, 0x1a8, 0x283, 0x1ad, 0x288, 0x1b0, 0x28a, 0x28b, 0x1b4, 0x1b6, 0x292,
    0x1b9, 0x1bd, 0x64, 0x17e, 0x6c, 0x6a, 0x6e, 0x6a, 0x1ce, 0x1d0, 0x1d2, 0x1d4,
    0x1d6, 0x1d8, 0x1da, 0x1dc, 0x1df, 0x1e1, 0x1e3, 0x1e5, 0x1e7, 0x1e9, 0x1eb, 0x1ed,
    0x1ef, 0x64, 0x7a, 0x1f5, 0x195, 0x1bf, 0x1f9, 0x1fb, 0x1fd, 0x1ff, 0x201, 0x203,
    0x205, 0x207, 0x209, 0x20b, 0x20d, 0x20f, 0x211, 0x213, 0x215, 0x217, 0x219, 0x21b,
    0x21d, 0x21f, 0x19e, 0x223, 0x225, 0x227, 0x229, 0x22b, 0x22d, 0x22f, 0x231, 0x233,
    0x2c65, 0x23c, 0x19a, 0x2c66, 0x242, 0x180, 0x289, 0x28c, 0x247, 0x249, 0x24b, 0x24d,
    0x24f, 0x266, 0x279, 0x27b, 0x281, 0x20, 0x306, 0x20, 0x307, 0x20, 0x30a, 0x20,
    0x328, 0x20, 0x303, 0x20, 0x30b, 0x295, 0x300, 0x301, 0x313, 0x308, 0x301, 0x3b9,
    0x371, 0x373, 0x2b9, 0x377, 0x20, 0x3b9, 0x3b, 0x3f3, 0x20, 0x308, 0x301, 0x3ac,
    0xb7, 0x3ad, 0x3ae, 0x3af, 0x3cc, 0x3cd, 0x3ce, 0x3b1, 0x3b2, 0x3b3, 0x3b4, 0x3b5,
    0x3b6, 0x3b7, 0x3b8, 0x3ba, 0x3bb, 0x3bd, 0x3be, 0x3bf, 0x3c0, 0x3c1, 0x3c3, 0x3c4,
    0x3c5, 0x3c6, 0x3c7, 0x3c8, 0x3c9, 0x3ca, 0x3cb, 0x3d7, 0x3d9, 0x3db, 0x3dd, 0x3df,
    0x3e1, 0x3e3, 0x3e5, 0x3e7, 0x3e9, 0x3eb, 0x3ed, 0x3ef, 0x3f8, 0x3fb, 0x37b, 0x37c,
    0x37d, 0x450, 0x451, 0x452, 0x453, 0x454, 0x455, 0x456, 0x457, 0x458, 0x459, 0x45a,
    0x45b, 0x45c, 0x45d, 0x45e, 0x45f, 0x430, 0x431, 0x432, 0x433, 0x434, 0x435, 0x436,
    0x437, 0x438, 0x439, 0x43a, 0x43b, 0x43c, 0x43d, 0x43e, 0x43f, 0x440, 0x441, 0x442,
    0x443, 0x444, 0x445, 0x446, 0x447, 0x448, 0x449, 0x44a, 0x44b, 0x44c, 0x44d, 0x44e,
    0x44f, 0x461, 0x463, 0x465, 0x467, 0x469, 0x46b, 0x46d, 0x46f, 0x471, 0x473, 0x475,
    0x477, 0x479, 0x47b, 0x47d, 0x47f, 0x481, 0x48b, 0x48d, 0x48f, 0x491, 0x493, 0x495,
    0x497, 0x499, 0x49b, 0x49d, 0x49f, 0x4a1, 0x4a3, 0x4a5, 0x4a7, 0x4a9, 0x4ab, 0x4ad,
    0x4af, 0x4b1, 0x4b3, 0x4b5, 0x4b7, 0x4b9, 0x4bb, 0x4bd, 0x4bf, 0x4cf, 0x4c2, 0x4c4,
    0x4c6, 0x4c8, 0x4ca, 0x4cc, 0x4ce, 0x4d1, 0x4d3, 0x4d5, 0x4d7, 0x4d9, 0x4db, 0x4dd,
    0x4df, 0x4e1, 0x4e3, 0x4e5, 0x4e7, 0x4e9, 0x4eb, 0x4ed, 0x4ef, 0x4f1, 0x4f3, 0x4f5,
    0x4f7, 0x4f9, 0x4fb, 0x4fd, 0x4ff, 0x501, 0x503, 0x505, 0x507, 0x509, 0x50b, 0x50d,
    0x50f, 0x511, 0x513, 0x515, 0x517, 0x519, 0x51b, 0x51d, 0x51f, 0x521, 0x523, 0x525,
    0x527, 0x529, 0x52b, 0x52d, 0x52f, 0x561, 0x562, 0x563, 0x564, 0x565, 0x566, 0x567,
    0x568, 0x569, 0x56a, 0x56b, 0x56c, 0x56d, 0x56e, 0x56f, 0x570, 0x571, 0x572, 0x573,
    0x574, 0x575, 0x576, 0x577, 0x578, 0x579, 0x57a, 0x57b, 0x57c, 0x57d, 0x57e, 0x57f,
    0x580, 0x581, 0x582, 0x583, 0x584, 0x585, 0x586, 0x565, 0x582, 0x627, 0x674, 0x648,
    0x674, 0x6c7, 0x674, 0x64a, 0x674, 0x915, 0x93c, 0x916, 0x93c, 0x917, 0x93c, 0x91c,
    0x93c, 0x921, 0x93c, 0x922, 0x93c, 0x92b, 0x93c, 0x92f, 0x93c, 0x9a1, 0x9bc, 0x9a2,
    0x9bc, 0x9af, 0x9bc, 0xa32, 0xa3c, 0xa38, 0xa3c, 0xa16, 0xa3c, 0xa17, 0xa3c, 0xa1c,
    0xa3c, 0xa2b, 0xa3c, 0xb21, 0xb3c, 0xb22, 0xb3c, 0xe4d, 0xe32, 0xecd, 0xeb2, 0xeab,
    0xe99, 0xeab, 0xea1, 0xf0b, 0xf42, 0xfb7, 0xf4c, 0xfb7, 0xf51, 0xfb7, 0xf56, 0xfb7,
    0xf5b, 0xfb7, 0xf40, 0xfb5, 0xf71, 0xf72, 0xf71, 0xf74, 0xfb2, 0xf80, 0xfb2, 0xf71,
    0xf80, 0xfb3, 0xf80, 0xfb3, 0xf71, 0xf80, 0xf71, 0xf80, 0xf92, 0xfb7, 0xf9c, 0xfb7,
    0xfa1, 0xfb7, 0xfa6, 0xfb7, 0xfab, 0xfb7, 0xf90, 0xfb5, 0x2d00, 0x2d01, 0x2d02, 0x2d03,
    0x2d04, 0x2d05, 0x2d06, 0x2d07, 0x2d08, 0x2d09, 0x2d0a, 0x2d0b, 0x2d0c, 0x2d0d, 0x2d0e, 0x2d0f,
    0x2d10, 0x2d11, 0x2d12, 0x2d13, 0x2d14, 0x2d15, 0x2d16, 0x2d17, 0x2d18, 0x2d19, 0x2d1a, 0x2d1b,
    0x2d1c, 0x2d1d, 0x2d1e, 0x2d1f, 0x2d20, 0x2d21, 0x2d22, 0x2d23, 0x2d24, 0x2d25, 0x2d27, 0x2d2d,
    0x10dc, 0x13f0, 0x13f1, 0x13f2, 0x13f3, 0x13f4, 0x13f5, 0xa64b, 0x1c8a, 0x10d0, 0x10d1, 0x10d2,
    0x10d3, 0x10d4, 0x10d5, 0x10d6, 0x10d7, 0x10d8, 0x10d9, 0x10da, 0x10db, 0x10dd, 0x10de, 0x10df,
    0x10e0, 0x10e1, 0x10e2, 0x10e3, 0x10e4, 0x10e5, 0x10e6, 0x10e7, 0x10e8, 0x10e9, 0x10ea, 0x10eb,
    0x10ec, 0x10ed, 0x10ee, 0x10ef, 0x10f0, 0x10f1, 0x10f2, 0x10f3, 0x10f4, 0x10f5, 0x10f6, 0x10f7,
    0x10f8, 0x10f9, 0x10fa, 0x10fd, 0x10fe, 0x10ff, 0x250, 0x251, 0x1d02, 0x25c, 0x1d16, 0x1d17,
    0x1d1d, 0x1d25, 0x252, 0x255, 0x25f, 0x261, 0x265, 0x26a, 0x1d7b, 0x29d, 0x26d, 0x1d85,
    0x29f, 0x271, 0x270, 0x273, 0x274, 0x278, 0x282, 0x1ab, 0x1d1c, 0x290, 0x291, 0x1e01,
    0x1e03, 0x1e05, 0x1e07, 0x1e09, 0x1e0b, 0x1e0d, 0x1e0f, 0x1e11, 0x1e13, 0x1e15, 0x1e17, 0x1e19,
    0x1e1b, 0x1e1d, 0x1e1f, 0x1e21, 0x1e23, 0x1e25, 0x1e27, 0x1e29, 0x1e2b, 0x1e2d, 0x1e2f, 0x1e31,
    0x1e33, 0x1e35, 0x1e37, 0x1e39, 0x1e3b, 0x1e3d, 0x1e3f, 0x1e41, 0x1e43, 0x1e45, 0x1e47, 0x1e49,
    0x1e4b, 0x1e4d, 0x1e4f, 0x1e51, 0x1e53, 0x1e55, 0x1e57, 0x1e59, 0x1e5b, 0x1e5d, 0x1e5f, 0x1e61,
    0x1e63, 0x1e65, 0x1e67, 0x1e69, 0x1e6b, 0x1e6d, 0x1e6f, 0x1e71, 0x1e73, 0x1e75, 0x1e77, 0x1e79,
    0x1e7b, 0x1e7d, 0x1e7f, 0x1e81, 0x1e83, 0x1e85, 0x1e87, 0x1e89, 0x1e8b, 0x1e8d, 0x1e8f, 0x1e91,
    0x1e93, 0x1e95, 0x61, 0x2be, 0xdf, 0x1ea1, 0x1ea3, 0x1ea5, 0x1ea7, 0x1ea9, 0x1eab, 0x1ead,
    0x1eaf, 0x1eb1, 0x1eb3, 0x1eb5, 0x1eb7, 0x1eb9, 0x1ebb, 0x1ebd, 0x1ebf, 0x1ec1, 0x1ec3, 0x1ec5,
    0x1ec7, 0x1ec9, 0x1ecb, 0x1ecd, 0x1ecf, 0x1ed1, 0x1ed3, 0x1ed5, 0x1ed7, 0x1ed9, 0x1edb, 0x1edd,
    0x1edf, 0x1ee1, 0x1ee3, 0x1ee5, 0x1ee7, 0x1ee9, 0x1eeb, 0x1eed, 0x1eef, 0x1ef1, 0x1ef3, 0x1ef5,
    0x1ef7, 0x1ef9, 0x1efb, 0x1efd, 0x1eff, 0x1f00, 0x1f01, 0x1f02, 0x1f03, 0x1f04, 0x1f05, 0x1f06,
    0x1f07, 0x1f10, 0x1f11, 0x1f12, 0x1f13, 0x1f14, 0x1f15, 0x1f20, 0x1f21, 0x1f22, 0x1f23, 0x1f24,
    0x1f25, 0x1f26, 0x1f27, 0x1f30, 0x1f31, 0x1f32, 0x1f33, 0x1f34, 0x1f35, 0x1f36, 0x1f37, 0x1f40,
    0x1f41, 0x1f42, 0x1f43, 0x1f44, 0x1f45, 0x1f51, 0x1f53, 0x1f55, 0x1f57, 0x1f60, 0x1f61, 0x1f62,
    0x1f63, 0x1f64, 0x1f65, 0x1f66, 0x1f67, 0x1f00, 0x3b9, 0x1f01, 0x3b9, 0x1f02, 0x3b9, 0x1f03,
    0x3b9, 0x1f04, 0x3b9, 0x1f05, 0x3b9, 0x1f06, 0x3b9, 0x1f07, 0x3b9, 0x1f20, 0x3b9, 0x1f21,
    0x3b9, 0x1f22, 0x3b9, 0x1f23, 0x3b9, 0x1f24, 0x3b9, 0x1f25, 0x3b9, 0x1f26, 0x3b9, 0x1f27,
    0x3b9, 0x1f60, 0x3b9, 0x1f61, 0x3b9, 0x1f62, 0x3b9, 0x1f63, 0x3b9, 0x1f64, 0x3b9, 0x1f65,
    0x3b9, 0x1f66, 0x3b9, 0x1f67, 0x3b9, 0x1f70, 0x3b9, 0x3b1, 0x3b9, 0x3ac, 0x3b9, 0x1fb6,
    0x3b9, 0x1fb0, 0x1fb1, 0x1f70, 0x20, 0x313, 0x20, 0x342, 0x20, 0x308, 0x342, 0x1f74,
    0x3b9, 0x3b7, 0x3b9, 0x3ae, 0x3b9, 0x1fc6, 0x3b9, 0x1f72, 0x1f74, 0x20, 0x313, 0x300,
    0x20, 0x313, 0x301, 0x20, 0x313, 0x342, 0x390, 0x1fd0, 0x1fd1, 0x1f76, 0x20, 0x314,
    0x300, 0x20, 0x314, 0x301, 0x20, 0x314, 0x342, 0x3b0, 0x1fe0, 0x1fe1, 0x1f7a, 0x1fe5,
    0x20, 0x308, 0x300, 0x60, 0x1f7c, 0x3b9, 0x3c9, 0x3b9, 0x3ce, 0x3b9, 0x1ff6, 0x3b9,
    0x1f78, 0x1f7c, 0x20, 0x314, 0x2010, 0x20, 0x333, 0x2032, 0x2032, 0x2032, 0x2032, 0x2032,
    0x2035, 0x2035, 0x2035, 0x2035, 0x2035, 0x21, 0x21, 0x20, 0x305, 0x3f, 0x3f, 0x3f,
    0x21, 0x21, 0x3f, 0x2032, 0x2032, 0x2032, 0x2032, 0x30, 0x34, 0x35, 0x36, 0x37,
    0x38, 0x39, 0x2b, 0x2212, 0x3d, 0x28, 0x29, 0x72, 0x73, 0x61, 0x2f, 0x63,
    0x61, 0x2f, 0x73, 0xb0, 0x63, 0x63, 0x2f, 0x6f, 0x63, 0x2f, 0x75, 0xb0,
    0x66, 0x6e, 0x6f, 0x73, 0x6d, 0x74, 0x65, 0x6c, 0x74, 0x6d, 0x214e, 0x5d0,
    0x5d1, 0x5d2, 0x5d3, 0x66, 0x61, 0x78, 0x2211, 0x31, 0x2044, 0x37, 0x31, 0x2044,
    0x39, 0x31, 0x2044, 0x31, 0x30, 0x31, 0x2044, 0x33, 0x32, 0x2044, 0x33, 0x31,
    0x2044, 0x35, 0x32, 0x2044, 0x35, 0x33, 0x2044, 0x35, 0x34, 0x2044, 0x35, 0x31,
    0x2044, 0x36, 0x35, 0x2044, 0x36, 0x31, 0x2044, 0x38, 0x33, 0x2044, 0x38, 0x35,
    0x2044, 0x38, 0x37, 0x2044, 0x38, 0x31, 0x2044, 0x69, 0x69, 0x69, 0x69, 0x69,
    0x69, 0x76, 0x76, 0x69, 0x76, 0x69, 0x69, 0x76, 0x69, 0x69, 0x69, 0x69,
    0x78, 0x78, 0x69, 0x78, 0x69, 0x69, 0x2184, 0x30, 0x2044, 0x33, 0x222b, 0x222b,
    0x222b, 0x222b, 0x222b, 0x222e, 0x222e, 0x222e, 0x222e, 0x222e, 0x3008, 0x3009, 0x31, 0x30,
    0x31, 0x31, 0x31, 0x32, 0x31, 0x33, 0x31, 0x34, 0x31, 0x35, 0x31, 0x36,
    0x31, 0x37, 0x31, 0x38, 0x31, 0x39, 0x32, 0x30, 0x28, 0x31, 0x29, 0x28,
    0x32, 0x29, 0x28, 0x33, 0x29, 0x28, 0x34, 0x29, 0x28, 0x35, 0x29, 0x28,
    0x36, 0x29, 0x28, 0x37, 0x29, 0x28, 0x38, 0x29, 0x28, 0x39, 0x29, 0x28,
    0x31, 0x30, 0x29, 0x28, 0x31, 0x31, 0x29, 0x28, 0x31, 0x32, 0x29, 0x28,
    0x31, 0x33, 0x29, 0x28, 0x31, 0x34, 0x29, 0x28, 0x31, 0x35, 0x29, 0x28,
    0x31, 0x36, 0x29, 0x28, 0x31, 0x37, 0x29, 0x28, 0x31, 0x38, 0x29, 0x28,
    0x31, 0x39, 0x29, 0x28, 0x32, 0x30, 0x29, 0x28, 0x61, 0x29, 0x28, 0x62,
    0x29, 0x28, 0x63, 0x29, 0x28, 0x64, 0x29, 0x28, 0x65, 0x29, 0x28, 0x66,
    0x29, 0x28, 0x67, 0x29, 0x28, 0x68, 0x29, 0x28, 0x69, 0x29, 0x28, 0x6a,
    0x29, 0x28, 0x6b, 0x29, 0x28, 0x6c, 0x29, 0x28, 0x6d, 0x29, 0x28, 0x6e,
    0x29, 0x28, 0x6f, 0x29, 0x28, 0x70, 0x29, 0x28, 0x71, 0x29, 0x28, 0x72,
    0x29, 0x28, 0x73, 0x29, 0x28, 0x74, 0x29, 0x28, 0x75, 0x29, 0x28, 0x76,
    0x29, 0x28, 0x77, 0x29, 0x28, 0x78, 0x29, 0x28, 0x79, 0x29, 0x28, 0x7a,
    0x29, 0x222b, 0x222b, 0x222b, 0x222b, 0x3a, 0x3a, 0x3d, 0x3d, 0x3d, 0x3d, 0x3d,
    0x3d, 0x2add, 0x338, 0x2c30, 0x2c31, 0x2c32, 0x2c33, 0x2c34, 0x2c35, 0x2c36, 0x2c37, 0x2c38,
    0x2c39, 0x2c3a, 0x2c3b, 0x2c3c, 0x2c3d, 0x2c3e, 0x2c3f, 0x2c40, 0x2c41, 0x2c42, 0x2c43, 0x2c44,
    0x2c45, 0x2c46, 0x2c47, 0x2c48, 0x2c49, 0x2c4a, 0x2c4b, 0x2c4c, 0x2c4d, 0x2c4e, 0x2c4f, 0x2c50,
    0x2c51, 0x2c52, 0x2c53, 0x2c54, 0x2c55, 0x2c56, 0x2c57, 0x2c58, 0x2c59, 0x2c5a, 0x2c5b, 0x2c5c,
    0x2c5d, 0x2c5e, 0x2c5f, 0x2c61, 0x26b, 0x1d7d, 0x27d, 0x2c68, 0x2c6a, 0x2c6c, 0x2c73, 0x2c76,
    0x23f, 0x240, 0x2c81, 0x2c83, 0x2c85, 0x2c87, 0x2c89, 0x2c8b, 0x2c8d, 0x2c8f, 0x2c91, 0x2c93,
    0x2c95, 0x2c97, 0x2c99, 0x2c9b, 0x2c9d, 0x2c9f, 0x2ca1, 0x2ca3, 0x2ca5, 0x2ca7, 0x2ca9, 0x2cab,
    0x2cad, 0x2caf, 0x2cb1, 0x2cb3, 0x2cb5, 0x2cb7, 0x2cb9, 0x2cbb, 0x2cbd, 0x2cbf, 0x2cc1, 0x2cc3,
    0x2cc5, 0x2cc7, 0x2cc9, 0x2ccb, 0x2ccd, 0x2ccf, 0x2cd1, 0x2cd3, 0x2cd5, 0x2cd7, 0x2cd9, 0x2cdb,
    0x2cdd, 0x2cdf, 0x2ce1, 0x2ce3, 0x2cec, 0x2cee, 0x2cf3, 0x2d61, 0x6bcd, 0x9f9f, 0x4e00, 0x4e28,
    0x4e36, 0x4e3f, 0x4e59, 0x4e85, 0x4e8c, 0x4ea0, 0x4eba, 0x513f, 0x5165, 0x516b, 0x5182, 0x5196,
    0x51ab, 0x51e0, 0x51f5, 0x5200, 0x529b, 0x52f9, 0x5315, 0x531a, 0x5338, 0x5341, 0x535c, 0x5369,
    0x5382, 0x53b6, 0x53c8, 0x53e3, 0x56d7, 0x571f, 0x58eb, 0x5902, 0x590a, 0x5915, 0x5927, 0x5973,
    0x5b50, 0x5b80, 0x5bf8, 0x5c0f, 0x5c22, 0x5c38, 0x5c6e, 0x5c71, 0x5ddb, 0x5de5, 0x5df1, 0x5dfe,
    0x5e72, 0x5e7a, 0x5e7f, 0x5ef4, 0x5efe, 0x5f0b, 0x5f13, 0x5f50, 0x5f61, 0x5f73, 0x5fc3, 0x6208,
    0x6236, 0x624b, 0x652f, 0x6534, 0x6587, 0x6597, 0x65a4, 0x65b9, 0x65e0, 0x65e5, 0x66f0, 0x6708,
    0x6728, 0x6b20, 0x6b62, 0x6b79, 0x6bb3, 0x6bcb, 0x6bd4, 0x6bdb, 0x6c0f, 0x6c14, 0x6c34, 0x706b,
    0x722a, 0x7236, 0x723b, 0x723f, 0x7247, 0x7259, 0x725b, 0x72ac, 0x7384, 0x7389, 0x74dc, 0x74e6,
    0x7518, 0x751f, 0x7528, 0x7530, 0x758b, 0x7592, 0x7676, 0x767d, 0x76ae, 0x76bf, 0x76ee, 0x77db,
    0x77e2, 0x77f3, 0x793a, 0x79b8, 0x79be, 0x7a74, 0x7acb, 0x7af9, 0x7c73, 0x7cf8, 0x7f36, 0x7f51,
    0x7f8a, 0x7fbd, 0x8001, 0x800c, 0x8012, 0x8033, 0x807f, 0x8089, 0x81e3, 0x81ea, 0x81f3, 0x81fc,
    0x820c, 0x821b, 0x821f, 0x826e, 0x8272, 0x8278, 0x864d, 0x866b, 0x8840, 0x884c, 0x8863, 0x897e,
    0x898b, 0x89d2, 0x8a00, 0x8c37, 0x8c46, 0x8c55, 0x8c78, 0x8c9d, 0x8d64, 0x8d70, 0x8db3, 0x8eab,
    0x8eca, 0x8f9b, 0x8fb0, 0x8fb5, 0x9091, 0x9149, 0x91c6, 0x91cc, 0x91d1, 0x9577, 0x9580, 0x961c,
    0x96b6, 0x96b9, 0x96e8, 0x9751, 0x975e, 0x9762, 0x9769, 0x97cb, 0x97ed, 0x97f3, 0x9801, 0x98a8,
    0x98db, 0x98df, 0x9996, 0x9999, 0x99ac, 0x9aa8, 0x9ad8, 0x9adf, 0x9b25, 0x9b2f, 0x9b32, 0x9b3c,
    0x9b5a, 0x9ce5, 0x9e75, 0x9e7f, 0x9ea5, 0x9ebb, 0x9ec3, 0x9ecd, 0x9ed1, 0x9ef9, 0x9efd, 0x9f0e,
    0x9f13, 0x9f20, 0x9f3b, 0x9f4a, 0x9f52, 0x9f8d, 0x9f9c, 0x9fa0, 0x2e, 0x3012, 0x5344, 0x5345,
    0x20, 0x3099, 0x20, 0x309a, 0x3088, 0x308a, 0x30b3, 0x30c8, 0x1100, 0x1101, 0x11aa, 0x1102,
    0x11ac, 0x11ad, 0x1103, 0x1104, 0x1105, 0x11b0, 0x11b1, 0x11b2, 0x11b3, 0x11b4, 0x11b5, 0x111a,
    0x1106, 0x1107, 0x1108, 0x1121, 0x1109, 0x110a, 0x110b, 0x110c, 0x110d, 0x110e, 0x110f, 0x1110,
    0x1111, 0x1112, 0x1161, 0x1162, 0x1163, 0x1164, 0x1165, 0x1166, 0x1167, 0x1168, 0x1169, 0x116a,
    0x116b, 0x116c, 0x116d, 0x116e, 0x116f, 0x1170, 0x1171, 0x1172, 0x1173, 0x1174, 0x1175, 0x1114,
    0x1115, 0x11c7, 0x11c8, 0x11cc, 0x11ce, 0x11d3, 0x11d7, 0x11d9, 0x111c, 0x11dd, 0x11df, 0x111d,
    0x111e, 0x1120, 0x1122, 0x1123, 0x1127, 0x1129, 0x112b, 0x112c, 0x112d, 0x112e, 0x112f, 0x1132,
    0x1136, 0x1140, 0x1147, 0x114c, 0x11f1, 0x11f2, 0x1157, 0x1158, 0x1159, 0x1184, 0x1185, 0x1188,
    0x1191, 0x1192, 0x1194, 0x119e, 0x11a1, 0x4e09, 0x56db, 0x4e0a, 0x4e2d, 0x4e0b, 0x7532, 0x4e19,
    0x4e01, 0x5929, 0x5730, 0x28, 0x1100, 0x29, 0x28, 0x1102, 0x29, 0x28, 0x1103, 0x29,
    0x28, 0x1105, 0x29, 0x28, 0x1106, 0x29, 0x28, 0x1107, 0x29, 0x28, 0x1109, 0x29,
    0x28, 0x110b, 0x29, 0x28, 0x110c, 0x29, 0x28, 0x110e, 0x29, 0x28, 0x110f, 0x29,
    0x28, 0x1110, 0x29, 0x28, 0x1111, 0x29, 0x28, 0x1112, 0x29, 0x28, 0xac00, 0x29,
    0x28, 0xb098, 0x29, 0x28, 0xb2e4, 0x29, 0x28, 0xb77c, 0x29, 0x28, 0xb9c8, 0x29,
    0x28, 0xbc14, 0x29, 0x28, 0xc0ac, 0x29, 0x28, 0xc544, 0x29, 0x28, 0xc790, 0x29,
    0x28, 0xcc28, 0x29, 0x28, 0xce74, 0x29, 0x28, 0xd0c0, 0x29, 0x28, 0xd30c, 0x29,
    0x28, 0xd558, 0x29, 0x28, 0xc8fc, 0x29, 0x28, 0xc624, 0xc804, 0x29, 0x28, 0xc624,
    0xd6c4, 0x29, 0x28, 0x4e00, 0x29, 0x28, 0x4e8c, 0x29, 0x28, 0x4e09, 0x29, 0x28,
    0x56db, 0x29, 0x28, 0x4e94, 0x29, 0x28, 0x516d, 0x29, 0x28, 0x4e03, 0x29, 0x28,
    0x516b, 0x29, 0x28, 0x4e5d, 0x29, 0x28, 0x5341, 0x29, 0x28, 0x6708, 0x29, 0x28,
    0x706b, 0x29, 0x28, 0x6c34, 0x29, 0x28, 0x6728, 0x29, 0x28, 0x91d1, 0x29, 0x28,
    0x571f, 0x29, 0x28, 0x65e5, 0x29, 0x28, 0x682a, 0x29, 0x28, 0x6709, 0x29, 0x28,
    0x793e, 0x29, 0x28, 0x540d, 0x29, 0x28, 0x7279, 0x29, 0x28, 0x8ca1, 0x29, 0x28,
    0x795d, 0x29, 0x28, 0x52b4, 0x29, 0x28, 0x4ee3, 0x29, 0x28, 0x547c, 0x29, 0x28,
    0x5b66, 0x29, 0x28, 0x76e3, 0x29, 0x28, 0x4f01, 0x29, 0x28, 0x8cc7, 0x29, 0x28,
    0x5354, 0x29, 0x28, 0x796d, 0x29, 0x28, 0x4f11, 0x29, 0x28, 0x81ea, 0x29, 0x28,
    0x81f3, 0x29, 0x554f, 0x5e7c, 0x7b8f, 0x70, 0x74, 0x65, 0x32, 0x31, 0x32, 0x32,
    0x32, 0x33, 0x32, 0x34, 0x32, 0x35, 0x32, 0x36, 0x32, 0x37, 0x32, 0x38,
    0x32, 0x39, 0x33, 0x30, 0x33, 0x31, 0x33, 0x32, 0x33, 0x33, 0x33, 0x34,
    0x33, 0x35, 0xac00, 0xb098, 0xb2e4, 0xb77c, 0xb9c8, 0xbc14, 0xc0ac, 0xc544, 0xc790, 0xcc28,
    0xce74, 0xd0c0, 0xd30c, 0xd558, 0xcc38, 0xace0, 0xc8fc, 0xc758, 0xc6b0, 0x4e94, 0x516d, 0x4e03,
    0x4e5d, 0x682a, 0x6709, 0x793e, 0x540d, 0x7279, 0x8ca1, 0x795d, 0x52b4, 0x79d8, 0x7537, 0x9069,
    0x512a, 0x5370, 0x6ce8, 0x9805, 0x4f11, 0x5199, 0x6b63, 0x5de6, 0x53f3, 0x533b, 0x5b97, 0x5b66,
    0x76e3, 0x4f01, 0x8cc7, 0x5354, 0x591c, 0x33, 0x36, 0x33, 0x37, 0x33, 0x38, 0x33,
    0x39, 0x34, 0x30, 0x34, 0x31, 0x34, 0x32, 0x34, 0x33, 0x34, 0x34, 0x34,
    0x35, 0x34, 0x36, 0x34, 0x37, 0x34, 0x38, 0x34, 0x39, 0x35, 0x30, 0x31,
    0x6708, 0x32, 0x6708, 0x33, 0x6708, 0x34, 0x6708, 0x35, 0x6708, 0x36, 0x6708, 0x37,
    0x6708, 0x38, 0x6708, 0x39, 0x6708, 0x31, 0x30, 0x6708, 0x31, 0x31, 0x6708, 0x31,
    0x32, 0x6708, 0x68, 0x67, 0x65, 0x72, 0x67, 0x65, 0x76, 0x6c, 0x74, 0x64,
    0x30a2, 0x30a4, 0x30a6, 0x30a8, 0x30aa, 0x30ab, 0x30ad, 0x30af, 0x30b1, 0x30b3, 0x30b5, 0x30b7,
    0x30b9, 0x30bb, 0x30bd, 0x30bf, 0x30c1, 0x30c4, 0x30c6, 0x30c8, 0x30ca, 0x30cb, 0x30cc, 0x30cd,
    0x30ce, 0x30cf, 0x30d2, 0x30d5, 0x30d8, 0x30db, 0x30de, 0x30df, 0x30e0, 0x30e1, 0x30e2, 0x30e4,
    0x30e6, 0x30e8, 0x30e9, 0x30ea, 0x30eb, 0x30ec, 0x30ed, 0x30ef, 0x30f0, 0x30f1, 0x30f2, 0x4ee4,
    0x548c, 0x30a2, 0x30d1, 0x30fc, 0x30c8, 0x30a2, 0x30eb, 0x30d5, 0x30a1, 0x30a2, 0x30f3, 0x30da,
    0x30a2, 0x30a2, 0x30fc, 0x30eb, 0x30a4, 0x30cb, 0x30f3, 0x30b0, 0x30a4, 0x30f3, 0x30c1, 0x30a6,
    0x30a9, 0x30f3, 0x30a8, 0x30b9, 0x30af, 0x30fc, 0x30c9, 0x30a8, 0x30fc, 0x30ab, 0x30fc, 0x30aa,
    0x30f3, 0x30b9, 0x30aa, 0x30fc, 0x30e0, 0x30ab, 0x30a4, 0x30ea, 0x30ab, 0x30e9, 0x30c3, 0x30c8,
    0x30ab, 0x30ed, 0x30ea, 0x30fc, 0x30ac, 0x30ed, 0x30f3, 0x30ac, 0x30f3, 0x30de, 0x30ae, 0x30ac,
    0x30ae, 0x30cb, 0x30fc, 0x30ad, 0x30e5, 0x30ea, 0x30fc, 0x30ae, 0x30eb, 0x30c0, 0x30fc, 0x30ad,
    0x30ed, 0x30ad, 0x30ed, 0x30b0, 0x30e9, 0x30e0, 0x30ad, 0x30ed, 0x30e1, 0x30fc, 0x30c8, 0x30eb,
    0x30ad, 0x30ed, 0x30ef, 0x30c3, 0x30c8, 0x30b0, 0x30e9, 0x30e0, 0x30b0, 0x30e9, 0x30e0, 0x30c8,
    0x30f3, 0x30af, 0x30eb, 0x30bc, 0x30a4, 0x30ed, 0x30af, 0x30ed, 0x30fc, 0x30cd, 0x30b1, 0x30fc,
    0x30b9, 0x30b3, 0x30eb, 0x30ca, 0x30b3, 0x30fc, 0x30dd, 0x30b5, 0x30a4, 0x30af, 0x30eb, 0x30b5,
    0x30f3, 0x30c1, 0x30fc, 0x30e0, 0x30b7, 0x30ea, 0x30f3, 0x30b0, 0x30bb, 0x30f3, 0x30c1, 0x30bb,
    0x30f3, 0x30c8, 0x30c0, 0x30fc, 0x30b9, 0x30c7, 0x30b7, 0x30c9, 0x30eb, 0x30c8, 0x30f3, 0x30ca,
    0x30ce, 0x30ce, 0x30c3, 0x30c8, 0x30cf, 0x30a4, 0x30c4, 0x30d1, 0x30fc, 0x30bb, 0x30f3, 0x30c8,
    0x30d1, 0x30fc, 0x30c4, 0x30d0, 0x30fc, 0x30ec, 0x30eb, 0x30d4, 0x30a2, 0x30b9, 0x30c8, 0x30eb,
    0x30d4, 0x30af, 0x30eb, 0x30d4, 0x30b3, 0x30d3, 0x30eb, 0x30d5, 0x30a1, 0x30e9, 0x30c3, 0x30c9,
    0x30d5, 0x30a3, 0x30fc, 0x30c8, 0x30d6, 0x30c3, 0x30b7, 0x30a7, 0x30eb, 0x30d5, 0x30e9, 0x30f3,
    0x30d8, 0x30af, 0x30bf, 0x30fc, 0x30eb, 0x30da, 0x30bd, 0x30da, 0x30cb, 0x30d2, 0x30d8, 0x30eb,
    0x30c4, 0x30da, 0x30f3, 0x30b9, 0x30da, 0x30fc, 0x30b8, 0x30d9, 0x30fc, 0x30bf, 0x30dd, 0x30a4,
    0x30f3, 0x30c8, 0x30dc, 0x30eb, 0x30c8, 0x30db, 0x30f3, 0x30dd, 0x30f3, 0x30c9, 0x30db, 0x30fc,
    0x30eb, 0x30db, 0x30fc, 0x30f3, 0x30de, 0x30a4, 0x30af, 0x30ed, 0x30de, 0x30a4, 0x30eb, 0x30de,
    0x30c3, 0x30cf, 0x30de, 0x30eb, 0x30af, 0x30de, 0x30f3, 0x30b7, 0x30e7, 0x30f3, 0x30df, 0x30af,
    0x30ed, 0x30f3, 0x30df, 0x30ea, 0x30df, 0x30ea, 0x30d0, 0x30fc, 0x30eb, 0x30e1, 0x30ac, 0x30e1,
    0x30ac, 0x30c8, 0x30f3, 0x30e1, 0x30fc, 0x30c8, 0x30eb, 0x30e4, 0x30fc, 0x30c9, 0x30e4, 0x30fc,
    0x30eb, 0x30e6, 0x30a2, 0x30f3, 0x30ea, 0x30c3, 0x30c8, 0x30eb, 0x30ea, 0x30e9, 0x30eb, 0x30d4,
    0x30fc, 0x30eb, 0x30fc, 0x30d6, 0x30eb, 0x30ec, 0x30e0, 0x30ec, 0x30f3, 0x30c8, 0x30b2, 0x30f3,
    0x30ef, 0x30c3, 0x30c8, 0x30, 0x70b9, 0x31, 0x70b9, 0x32, 0x70b9, 0x33, 0x70b9, 0x34,
    0x70b9, 0x35, 0x70b9, 0x36, 0x70b9, 0x37, 0x70b9, 0x38, 0x70b9, 0x39, 0x70b9, 0x31,
    0x30, 0x70b9, 0x31, 0x31, 0x70b9, 0x31, 0x32, 0x70b9, 0x31, 0x33, 0x70b9, 0x31,
    0x34, 0x70b9, 0x31, 0x35, 0x70b9, 0x31, 0x36, 0x70b9, 0x31, 0x37, 0x70b9, 0x31,
    0x38, 0x70b9, 0x31, 0x39, 0x70b9, 0x32, 0x30, 0x70b9, 0x32, 0x31, 0x70b9, 0x32,
    0x32, 0x70b9, 0x32, 0x33, 0x70b9, 0x32, 0x34, 0x70b9, 0x68, 0x70, 0x61, 0x64,
    0x61, 0x61, 0x75, 0x62, 0x61, 0x72, 0x6f, 0x76, 0x70, 0x63, 0x64, 0x6d,
    0x64, 0x6d, 0x32, 0x64, 0x6d, 0x33, 0x69, 0x75, 0x5e73, 0x6210, 0x662d, 0x548c,
    0x5927, 0x6b63, 0x660e, 0x6cbb, 0x682a, 0x5f0f, 0x4f1a, 0x793e, 0x70, 0x61, 0x6e, 0x61,
    0x3bc, 0x61, 0x6d, 0x61, 0x6b, 0x61, 0x6b, 0x62, 0x6d, 0x62, 0x67, 0x62,
    0x63, 0x61, 0x6c, 0x6b, 0x63, 0x61, 0x6c, 0x70, 0x66, 0x6e, 0x66, 0x3bc,
    0x66, 0x3bc, 0x67, 0x6d, 0x67, 0x6b, 0x67, 0x68, 0x7a, 0x6b, 0x68, 0x7a,
    0x6d, 0x68, 0x7a, 0x67, 0x68, 0x7a, 0x74, 0x68, 0x7a, 0x3bc, 0x6c, 0x6d,
    0x6c, 0x64, 0x6c, 0x6b, 0x6c, 0x66, 0x6d, 0x6e, 0x6d, 0x3bc, 0x6d, 0x6d,
    0x6d, 0x63, 0x6d, 0x6b, 0x6d, 0x6d, 0x6d, 0x32, 0x63, 0x6d, 0x32, 0x6d,
    0x32, 0x6b, 0x6d, 0x32, 0x6d, 0x6d, 0x33, 0x63, 0x6d, 0x33, 0x6d, 0x33,
    0x6b, 0x6d, 0x33, 0x6d, 0x2215, 0x73, 0x6d, 0x2215, 0x73, 0x32, 0x6b, 0x70,
    0x61, 0x6d, 0x70, 0x61, 0x67, 0x70, 0x61, 0x72, 0x61, 0x64, 0x72, 0x61,
    0x64, 0x2215, 0x73, 0x72, 0x61, 0x64, 0x2215, 0x73, 0x32, 0x70, 0x73, 0x6e,
    0x73, 0x3bc, 0x73, 0x6d, 0x73, 0x70, 0x76, 0x6e, 0x76, 0x3bc, 0x76, 0x6d,
    0x76, 0x6b, 0x76, 0x70, 0x77, 0x6e, 0x77, 0x3bc, 0x77, 0x6d, 0x77, 0x6b,
    0x77, 0x6b, 0x3c9, 0x6d, 0x3c9, 0x62, 0x71, 0x63, 0x63, 0x63, 0x64, 0x63,
    0x2215, 0x6b, 0x67, 0x64, 0x62, 0x67, 0x79, 0x68, 0x61, 0x68, 0x70, 0x69,
    0x6e, 0x6b, 0x6b, 0x6b, 0x74, 0x6c, 0x6d, 0x6c, 0x6e, 0x6c, 0x6f, 0x67,
    0x6c, 0x78, 0x6d, 0x69, 0x6c, 0x6d, 0x6f, 0x6c, 0x70, 0x68, 0x70, 0x70,
    0x6d, 0x70, 0x72, 0x73, 0x72, 0x73, 0x76, 0x77, 0x62, 0x76, 0x2215, 0x6d,
    0x61, 0x2215, 0x6d, 0x31, 0x65e5, 0x32, 0x65e5, 0x33, 0x65e5, 0x34, 0x65e5, 0x35,
    0x65e5, 0x36, 0x65e5, 0x37, 0x65e5, 0x38, 0x65e5, 0x39, 0x65e5, 0x31, 0x30, 0x65e5,
    0x31, 0x31, 0x65e5, 0x31, 0x32, 0x65e5, 0x31, 0x33, 0x65e5, 0x31, 0x34, 0x65e5,
    0x31, 0x35, 0x65e5, 0x31, 0x36, 0x65e5, 0x31, 0x37, 0x65e5, 0x31, 0x38, 0x65e5,
    0x31, 0x39, 0x65e5, 0x32, 0x30, 0x65e5, 0x32, 0x31, 0x65e5, 0x32, 0x32, 0x65e5,
    0x32, 0x33, 0x65e5, 0x32, 0x34, 0x65e5, 0x32, 0x35, 0x65e5, 0x32, 0x36, 0x65e5,
    0x32, 0x37, 0x65e5, 0x32, 0x38, 0x65e5, 0x32, 0x39, 0x65e5, 0x33, 0x30, 0x65e5,
    0x33, 0x31, 0x65e5, 0x67, 0x61, 0x6c, 0xa641, 0xa643, 0xa645, 0xa647, 0xa649, 0xa64d,
    0xa64f, 0xa651, 0xa653, 0xa655, 0xa657, 0xa659, 0xa65b, 0xa65d, 0xa65f, 0xa661, 0xa663, 0xa665,
    0xa667, 0xa669, 0xa66b, 0xa66d, 0xa681, 0xa683, 0xa685, 0xa687, 0xa689, 0xa68b, 0xa68d, 0xa68f,
    0xa691, 0xa693, 0xa695, 0xa697, 0xa699, 0xa69b, 0xa723, 0xa725, 0xa727, 0xa729, 0xa72b, 0xa72d,
    0xa72f, 0xa733, 0xa735, 0xa737, 0xa739, 0xa73b, 0xa73d, 0xa73f, 0xa741, 0xa743, 0xa745, 0xa747,
    0xa749, 0xa74b, 0xa74d, 0xa74f, 0xa751, 0xa753, 0xa755, 0xa757, 0xa759, 0xa75b, 0xa75d, 0xa75f,
    0xa761, 0xa763, 0xa765, 0xa767, 0xa769, 0xa76b, 0xa76d, 0xa76f, 0xa77a, 0xa77c, 0x1d79, 0xa77f,
    0xa781, 0xa783, 0xa785, 0xa787, 0xa78c, 0xa791, 0xa793, 0xa797, 0xa799, 0xa79b, 0xa79d, 0xa79f,
    0xa7a1, 0xa7a3, 0xa7a5, 0xa7a7, 0xa7a9, 0x26c, 0x29e, 0x287, 0xab53, 0xa7b5, 0xa7b7, 0xa7b9,
    0xa7bb, 0xa7bd, 0xa7bf, 0xa7c1, 0xa7c3, 0xa794, 0x1d8e, 0xa7c8, 0xa7ca, 0x264, 0xa7cd, 0xa7cf,
    0xa7d1, 0xa7d3, 0xa7d5, 0xa7d7, 0xa7d9, 0xa7db, 0x19b, 0xa7f6, 0xab37, 0xab52, 0x28d, 0x13a0,
    0x13a1, 0x13a2, 0x13a3, 0x13a4, 0x13a5, 0x13a6, 0x13a7, 0x13a8, 0x13a9, 0x13aa, 0x13ab, 0x13ac,
    0x13ad, 0x13ae, 0x13af, 0x13b0, 0x13b1, 0x13b2, 0x13b3, 0x13b4, 0x13b5, 0x13b6, 0x13b7, 0x13b8,
    0x13b9, 0x13ba, 0x13bb, 0x13bc, 0x13bd, 0x13be, 0x13bf, 0x13c0, 0x13c1, 0x13c2, 0x13c3, 0x13c4,
    0x13c5, 0x13c6, 0x13c7, 0x13c8, 0x13c9, 0x13ca, 0x13cb, 0x13cc, 0x13cd, 0x13ce, 0x13cf, 0x13d0,
    0x13d1, 0x13d2, 0x13d3, 0x13d4, 0x13d5, 0x13d6, 0x13d7, 0x13d8, 0x13d9, 0x13da, 0x13db, 0x13dc,
    0x13dd, 0x13de, 0x13df, 0x13e0, 0x13e1, 0x13e2, 0x13e3, 0x13e4, 0x13e5, 0x13e6, 0x13e7, 0x13e8,
    0x13e9, 0x13ea, 0x13eb, 0x13ec, 0x13ed, 0x13ee, 0x13ef, 0x8c48, 0x66f4, 0x8cc8, 0x6ed1, 0x4e32,
    0x53e5, 0x5951, 0x5587, 0x5948, 0x61f6, 0x7669, 0x7f85, 0x863f, 0x87ba, 0x88f8, 0x908f, 0x6a02,
    0x6d1b, 0x70d9, 0x73de, 0x843d, 0x916a, 0x99f1, 0x4e82, 0x5375, 0x6b04, 0x721b, 0x862d, 0x9e1e,
    0x5d50, 0x6feb, 0x85cd, 0x8964, 0x62c9, 0x81d8, 0x881f, 0x5eca, 0x6717, 0x6d6a, 0x72fc, 0x90ce,
    0x4f86, 0x51b7, 0x52de, 0x64c4, 0x6ad3, 0x7210, 0x76e7, 0x8606, 0x865c, 0x8def, 0x9732, 0x9b6f,
    0x9dfa, 0x788c, 0x797f, 0x7da0, 0x83c9, 0x9304, 0x8ad6, 0x58df, 0x5f04, 0x7c60, 0x807e, 0x7262,
    0x78ca, 0x8cc2, 0x96f7, 0x58d8, 0x5c62, 0x6a13, 0x6dda, 0x6f0f, 0x7d2f, 0x7e37, 0x964b, 0x52d2,
    0x808b, 0x51dc, 0x51cc, 0x7a1c, 0x7dbe, 0x83f1, 0x9675, 0x8b80, 0x62cf, 0x8afe, 0x4e39, 0x5be7,
    0x6012, 0x7387, 0x7570, 0x5317, 0x78fb, 0x4fbf, 0x5fa9, 0x4e0d, 0x6ccc, 0x6578, 0x7d22, 0x53c3,
    0x585e, 0x7701, 0x8449, 0x8aaa, 0x6bba, 0x6c88, 0x62fe, 0x82e5, 0x63a0, 0x7565, 0x4eae, 0x5169,
    0x51c9, 0x6881, 0x7ce7, 0x826f, 0x8ad2, 0x91cf, 0x52f5, 0x5442, 0x5eec, 0x65c5, 0x6ffe, 0x792a,
    0x95ad, 0x9a6a, 0x9e97, 0x9ece, 0x66c6, 0x6b77, 0x8f62, 0x5e74, 0x6190, 0x6200, 0x649a, 0x6f23,
    0x7149, 0x7489, 0x79ca, 0x7df4, 0x806f, 0x8f26, 0x84ee, 0x9023, 0x934a, 0x5217, 0x52a3, 0x54bd,
    0x70c8, 0x88c2, 0x5ec9, 0x5ff5, 0x637b, 0x6bae, 0x7c3e, 0x7375, 0x4ee4, 0x56f9, 0x5dba, 0x601c,
    0x73b2, 0x7469, 0x7f9a, 0x8046, 0x9234, 0x96f6, 0x9748, 0x9818, 0x4f8b, 0x79ae, 0x91b4, 0x96b8,
    0x60e1, 0x4e86, 0x50da, 0x5bee, 0x5c3f, 0x6599, 0x71ce, 0x7642, 0x84fc, 0x907c, 0x6688, 0x962e,
    0x5289, 0x677b, 0x67f3, 0x6d41, 0x6e9c, 0x7409, 0x7559, 0x786b, 0x7d10, 0x985e, 0x622e, 0x9678,
    0x502b, 0x5d19, 0x6dea, 0x8f2a, 0x5f8b, 0x6144, 0x6817, 0x9686, 0x5229, 0x540f, 0x5c65, 0x6613,
    0x674e, 0x68a8, 0x6ce5, 0x7406, 0x75e2, 0x7f79, 0x88cf, 0x88e1, 0x96e2, 0x533f, 0x6eba, 0x541d,
    0x71d0, 0x7498, 0x85fa, 0x96a3, 0x9c57, 0x9e9f, 0x6797, 0x6dcb, 0x81e8, 0x7b20, 0x7c92, 0x72c0,
    0x7099, 0x8b58, 0x4ec0, 0x8336, 0x523a, 0x5207, 0x5ea6, 0x62d3, 0x7cd6, 0x5b85, 0x6d1e, 0x66b4,
    0x8f3b, 0x964d, 0x5ed3, 0x5140, 0x55c0, 0x585a, 0x6674, 0x51de, 0x732a, 0x76ca, 0x793c, 0x795e,
    0x7965, 0x798f, 0x9756, 0x7cbe, 0x8612, 0x8af8, 0x9038, 0x90fd, 0x98ef, 0x98fc, 0x9928, 0x9db4,
    0x90de, 0x96b7, 0x4fae, 0x50e7, 0x514d, 0x52c9, 0x52e4, 0x5351, 0x559d, 0x5606, 0x5668, 0x5840,
    0x58a8, 0x5c64, 0x6094, 0x6168, 0x618e, 0x61f2, 0x654f, 0x65e2, 0x6691, 0x6885, 0x6d77, 0x6e1a,
    0x6f22, 0x716e, 0x722b, 0x7422, 0x7891, 0x7949, 0x7948, 0x7950, 0x7956, 0x798d, 0x798e, 0x7a40,
    0x7a81, 0x7bc0, 0x7e09, 0x7e41, 0x7f72, 0x8005, 0x81ed, 0x8279, 0x8457, 0x8910, 0x8996, 0x8b01,
    0x8b39, 0x8cd3, 0x8d08, 0x8fb6, 0x96e3, 0x97ff, 0x983b, 0x6075, 0x242ee, 0x8218, 0x4e26, 0x51b5,
    0x5168, 0x4f80, 0x5145, 0x5180, 0x52c7, 0x52fa, 0x5555, 0x5599, 0x55e2, 0x58b3, 0x5944, 0x5954,
    0x5a62, 0x5b28, 0x5ed2, 0x5ed9, 0x5f69, 0x5fad, 0x60d8, 0x614e, 0x6108, 0x6160, 0x6234, 0x63c4,
    0x641c, 0x6452, 0x6556, 0x671b, 0x6756, 0x6edb, 0x6ecb, 0x701e, 0x77a7, 0x7235, 0x72af, 0x7471,
    0x7506, 0x753b, 0x761d, 0x761f, 0x76db, 0x76f4, 0x774a, 0x7740, 0x78cc, 0x7ab1, 0x7c7b, 0x7d5b,
    0x7f3e, 0x8352, 0x83ef, 0x8779, 0x8941, 0x8986, 0x8abf, 0x8acb, 0x8aed, 0x8b8a, 0x8f38, 0x9072,
    0x9199, 0x9276, 0x967c, 0x97db, 0x980b, 0x9b12, 0x2284a, 0x22844, 0x233d5, 0x3b9d, 0x4018, 0x4039,
    0x25249, 0x25cd0, 0x27ed3, 0x9f43, 0x9f8e, 0x66, 0x66, 0x66, 0x69, 0x66, 0x6c, 0x66,
    0x66, 0x69, 0x66, 0x66, 0x6c, 0x73, 0x74, 0x574, 0x576, 0x574, 0x565, 0x574,
    0x56b, 0x57e, 0x576, 0x574, 0x56d, 0x5d9, 0x5b4, 0x5f2, 0x5b7, 0x5e2, 0x5d4, 0x5db,
    0x5dc, 0x5dd, 0x5e8, 0x5ea, 0x5e9, 0x5c1, 0x5e9, 0x5c2, 0x5e9, 0x5bc, 0x5c1, 0x5e9,
    0x5bc, 0x5c2, 0x5d0, 0x5b7, 0x5d0, 0x5b8, 0x5d0, 0x5bc, 0x5d1, 0x5bc, 0x5d2, 0x5bc,
    0x5d3, 0x5bc, 0x5d4, 0x5bc, 0x5d5, 0x5bc, 0x5d6, 0x5bc, 0x5d8, 0x5bc, 0x5d9, 0x5bc,
    0x5da, 0x5bc, 0x5db, 0x5bc, 0x5dc, 0x5bc, 0x5de, 0x5bc, 0x5e0, 0x5bc, 0x5e1, 0x5bc,
    0x5e3, 0x5bc, 0x5e4, 0x5bc, 0x5e6, 0x5bc, 0x5e7, 0x5bc, 0x5e8, 0x5bc, 0x5e9, 0x5bc,
    0x5ea, 0x5bc, 0x5d5, 0x5b9, 0x5d1, 0x5bf, 0x5db, 0x5bf, 0x5e4, 0x5bf, 0x5d0, 0x5dc,
    0x671, 0x67b, 0x67e, 0x680, 0x67a, 0x67f, 0x679, 0x6a4, 0x6a6, 0x684, 0x683, 0x686,
    0x687, 0x68d, 0x68c, 0x68e, 0x688, 0x698, 0x691, 0x6a9, 0x6af, 0x6b3, 0x6b1, 0x6ba,
    0x6bb, 0x6c0, 0x6c1, 0x6be, 0x6d2, 0x6d3, 0x6ad, 0x6c7, 0x6c6, 0x6c8, 0x6cb, 0x6c5,
    0x6c9, 0x6d0, 0x649, 0x626, 0x627, 0x626, 0x6d5, 0x626, 0x648, 0x626, 0x6c7, 0x626,
    0x6c6, 0x626, 0x6c8, 0x626, 0x6d0, 0x626, 0x649, 0x6cc, 0x626, 0x62c, 0x626, 0x62d,
    0x626, 0x645, 0x626, 0x64a, 0x628, 0x62c, 0x628, 0x62d, 0x628, 0x62e, 0x628, 0x645,
    0x628, 0x649, 0x628, 0x64a, 0x62a, 0x62c, 0x62a, 0x62d, 0x62a, 0x62e, 0x62a, 0x645,
    0x62a, 0x649, 0x62a, 0x64a, 0x62b, 0x62c, 0x62b, 0x645, 0x62b, 0x649, 0x62b, 0x64a,
    0x62c, 0x62d, 0x62c, 0x645, 0x62d, 0x62c, 0x62d, 0x645, 0x62e, 0x62c, 0x62e, 0x62d,
    0x62e, 0x645, 0x633, 0x62c, 0x633, 0x62d, 0x633, 0x62e, 0x633, 0x645, 0x635, 0x62d,
    0x635, 0x645, 0x636, 0x62c, 0x636, 0x62d, 0x636, 0x62e, 0x636, 0x645, 0x637, 0x62d,
    0x637, 0x645, 0x638, 0x645, 0x639, 0x62c, 0x639, 0x645, 0x63a, 0x62c, 0x63a, 0x645,
    0x641, 0x62c, 0x641, 0x62d, 0x641, 0x62e, 0x641, 0x645, 0x641, 0x649, 0x641, 0x64a,
    0x642, 0x62d, 0x642, 0x645, 0x642, 0x649, 0x642, 0x64a, 0x643, 0x627, 0x643, 0x62c,
    0x643, 0x62d, 0x643, 0x62e, 0x643, 0x644, 0x643, 0x645, 0x643, 0x649, 0x643, 0x64a,
    0x644, 0x62c, 0x644, 0x62d, 0x644, 0x62e, 0x644, 0x645, 0x644, 0x649, 0x644, 0x64a,
    0x645, 0x62c, 0x645, 0x62d, 0x645, 0x62e, 0x645, 0x645, 0x645, 0x649, 0x645, 0x64a,
    0x646, 0x62c, 0x646, 0x62d, 0x646, 0x62e, 0x646, 0x645, 0x646, 0x649, 0x646, 0x64a,
    0x647, 0x62c, 0x647, 0x645, 0x647, 0x649, 0x647, 0x64a, 0x64a, 0x62c, 0x64a, 0x62d,
    0x64a, 0x62e, 0x64a, 0x645, 0x64a, 0x649, 0x64a, 0x64a, 0x630, 0x670, 0x631, 0x670,
    0x649, 0x670, 0x20, 0x64c, 0x651, 0x20, 0x64d, 0x651, 0x20, 0x64e, 0x651, 0x20,
    0x64f, 0x651, 0x20, 0x650, 0x651, 0x20, 0x651, 0x670, 0x626, 0x631, 0x626, 0x632,
    0x626, 0x646, 0x628, 0x631, 0x628, 0x632, 0x628, 0x646, 0x62a, 0x631, 0x62a, 0x632,
    0x62a, 0x646, 0x62b, 0x631, 0x62b, 0x632, 0x62b, 0x646, 0x645, 0x627, 0x646, 0x631,
    0x646, 0x632, 0x646, 0x646, 0x64a, 0x631, 0x64a, 0x632, 0x64a, 0x646, 0x626, 0x62e,
    0x626, 0x647, 0x628, 0x647, 0x62a, 0x647, 0x635, 0x62e, 0x644, 0x647, 0x646, 0x647,
    0x647, 0x670, 0x64a, 0x647, 0x62b, 0x647, 0x633, 0x647, 0x634, 0x645, 0x634, 0x647,
    0x640, 0x64e, 0x651, 0x640, 0x64f, 0x651, 0x640, 0x650, 0x651, 0x637, 0x649, 0x637,
    0x64a, 0x639, 0x649, 0x639, 0x64a, 0x63a, 0x649, 0x63a, 0x64a, 0x633, 0x649, 0x633,
    0x64a, 0x634, 0x649, 0x634, 0x64a, 0x62d, 0x649, 0x62d, 0x64a, 0x62c, 0x649, 0x62c,
    0x64a, 0x62e, 0x649, 0x62e, 0x64a, 0x635, 0x649, 0x635, 0x64a, 0x636, 0x649, 0x636,
    0x64a, 0x634, 0x62c, 0x634, 0x62d, 0x634, 0x62e, 0x634, 0x631, 0x633, 0x631, 0x635,
    0x631, 0x636, 0x631, 0x627, 0x64b, 0x62a, 0x62c, 0x645, 0x62a, 0x62d, 0x62c, 0x62a,
    0x62d, 0x645, 0x62a, 0x62e, 0x645, 0x62a, 0x645, 0x62c, 0x62a, 0x645, 0x62d, 0x62a,
    0x645, 0x62e, 0x62c, 0x645, 0x62d, 0x62d, 0x645, 0x64a, 0x62d, 0x645, 0x649, 0x633,
    0x62d, 0x62c, 0x633, 0x62c, 0x62d, 0x633, 0x62c, 0x649, 0x633, 0x645, 0x62d, 0x633,
    0x645, 0x62c, 0x633, 0x645, 0x645, 0x635, 0x62d, 0x62d, 0x635, 0x645, 0x645, 0x634,
    0x62d, 0x645, 0x634, 0x62c, 0x64a, 0x634, 0x645, 0x62e, 0x634, 0x645, 0x645, 0x636,
    0x62d, 0x649, 0x636, 0x62e, 0x645, 0x637, 0x645, 0x62d, 0x637, 0x645, 0x645, 0x637,
    0x645, 0x64a, 0x639, 0x62c, 0x645, 0x639, 0x645, 0x645, 0x639, 0x645, 0x649, 0x63a,
    0x645, 0x645, 0x63a, 0x645, 0x64a, 0x63a, 0x645, 0x649, 0x641, 0x62e, 0x645, 0x642,
    0x645, 0x62d, 0x642, 0x645, 0x645, 0x644, 0x62d, 0x645, 0x644, 0x62d, 0x64a, 0x644,
    0x62d, 0x649, 0x644, 0x62c, 0x62c, 0x644, 0x62e, 0x645, 0x644, 0x645, 0x62d, 0x645,
    0x62d, 0x62c, 0x645, 0x62d, 0x645, 0x645, 0x62d, 0x64a, 0x645, 0x62c, 0x62d, 0x645,
    0x62c, 0x645, 0x645, 0x62e, 0x62c, 0x645, 0x62e, 0x645, 0x645, 0x62c, 0x62e, 0x647,
    0x645, 0x62c, 0x647, 0x645, 0x645, 0x646, 0x62d, 0x645, 0x646, 0x62d, 0x649, 0x646,
    0x62c, 0x645, 0x646, 0x62c, 0x649, 0x646, 0x645, 0x64a, 0x646, 0x645, 0x649, 0x64a,
    0x645, 0x645, 0x628, 0x62e, 0x64a, 0x62a, 0x62c, 0x64a, 0x62a, 0x62c, 0x649, 0x62a,
    0x62e, 0x64a, 0x62a, 0x62e, 0x649, 0x62a, 0x645, 0x64a, 0x62a, 0x645, 0x649, 0x62c,
    0x645, 0x64a, 0x62c, 0x62d, 0x649, 0x62c, 0x645, 0x649, 0x633, 0x62e, 0x649, 0x635,
    0x62d, 0x64a, 0x634, 0x62d, 0x64a, 0x636, 0x62d, 0x64a, 0x644, 0x62c, 0x64a, 0x644,
    0x645, 0x64a, 0x64a, 0x62d, 0x64a, 0x64a, 0x62c, 0x64a, 0x64a, 0x645, 0x64a, 0x645,
    0x645, 0x64a, 0x642, 0x645, 0x64a, 0x646, 0x62d, 0x64a, 0x639, 0x645, 0x64a, 0x643,
    0x645, 0x64a, 0x646, 0x62c, 0x62d, 0x645, 0x62e, 0x64a, 0x644, 0x62c, 0x645, 0x643,
    0x645, 0x645, 0x62c, 0x62d, 0x64a, 0x62d, 0x62c, 0x64a, 0x645, 0x62c, 0x64a, 0x641,
    0x645, 0x64a, 0x628, 0x62d, 0x64a, 0x633, 0x62e, 0x64a, 0x646, 0x62c, 0x64a, 0x635,
    0x644, 0x6d2, 0x642, 0x644, 0x6d2, 0x627, 0x644, 0x644, 0x647, 0x627, 0x643, 0x628,
    0x631, 0x645, 0x62d, 0x645, 0x62f, 0x635, 0x644, 0x639, 0x645, 0x631, 0x633, 0x648,
    0x644, 0x639, 0x644, 0x64a, 0x647, 0x648, 0x633, 0x644, 0x645, 0x635, 0x644, 0x649,
    0x635, 0x644, 0x649, 0x20, 0x627, 0x644, 0x644, 0x647, 0x20, 0x639, 0x644, 0x64a,
    0x647, 0x20, 0x648, 0x633, 0x644, 0x645, 0x62c, 0x644, 0x20, 0x62c, 0x644, 0x627,
    0x644, 0x647, 0x631, 0x6cc, 0x627, 0x644, 0x2c, 0x3001, 0x3a, 0x21, 0x3f, 0x3016,
    0x3017, 0x2014, 0x2013, 0x5f, 0x7b, 0x7d, 0x3014, 0x3015, 0x3010, 0x3011, 0x300a, 0x300b,
    0x300c, 0x300d, 0x300e, 0x300f, 0x5b, 0x5d, 0x23, 0x26, 0x2a, 0x2d, 0x3c, 0x3e,
    0x5c, 0x24, 0x25, 0x40, 0x20, 0x64b, 0x640, 0x64b, 0x20, 0x64c, 0x20, 0x64d,
    0x20, 0x64e, 0x640, 0x64e, 0x20, 0x64f, 0x640, 0x64f, 0x20, 0x650, 0x640, 0x650,
    0x20, 0x651, 0x640, 0x651, 0x20, 0x652, 0x640, 0x652, 0x621, 0x622, 0x623, 0x624,
    0x625, 0x626, 0x627, 0x628, 0x629, 0x62a, 0x62b, 0x62c, 0x62d, 0x62e, 0x62f, 0x630,
    0x631, 0x632, 0x633, 0x634, 0x635, 0x636, 0x637, 0x638, 0x639, 0x63a, 0x641, 0x642,
    0x643, 0x644, 0x645, 0x646, 0x647, 0x648, 0x64a, 0x644, 0x622, 0x644, 0x623, 0x644,
    0x625, 0x644, 0x627, 0x22, 0x27, 0x2f, 0x5e, 0x7c, 0x7e, 0x2985, 0x2986, 0x30fb,
    0x30a1, 0x30a3, 0x30a5, 0x30a7, 0x30a9, 0x30e3, 0x30e5, 0x30e7, 0x30c3, 0x30fc, 0x30f3, 0x3099,
    0x309a, 0xa2, 0xa3, 0xac, 0xa6, 0xa5, 0x20a9, 0x2502, 0x2190, 0x2191, 0x2192, 0x2193,
    0x25a0, 0x25cb, 0x10428, 0x10429, 0x1042a, 0x1042b, 0x1042c, 0x1042d, 0x1042e, 0x1042f, 0x10430, 0x10431,
    0x10432, 0x10433, 0x10434, 0x10435, 0x10436, 0x10437, 0x10438, 0x10439, 0x1043a, 0x1043b, 0x1043c, 0x1043d,
    0x1043e, 0x1043f, 0x10440, 0x10441, 0x10442, 0x10443, 0x10444, 0x10445, 0x10446, 0x10447, 0x10448, 0x10449,
    0x1044a, 0x1044b, 0x1044c, 0x1044d, 0x1044e, 0x1044f, 0x104d8, 0x104d9, 0x104da, 0x104db, 0x104dc, 0x104dd,
    0x104de, 0x104df, 0x104e0, 0x104e1, 0x104e2, 0x104e3, 0x104e4, 0x104e5, 0x104e6, 0x104e7, 0x104e8, 0x104e9,
    0x104ea, 0x104eb, 0x104ec, 0x104ed, 0x104ee, 0x104ef, 0x104f0, 0x104f1, 0x104f2, 0x104f3, 0x104f4, 0x104f5,
    0x104f6, 0x104f7, 0x104f8, 0x104f9, 0x104fa, 0x104fb, 0x10597, 0x10598, 0x10599, 0x1059a, 0x1059b, 0x1059c,
    0x1059d, 0x1059e, 0x1059f, 0x105a0, 0x105a1, 0x105a3, 0x105a4, 0x105a5, 0x105a6, 0x105a7, 0x105a8, 0x105a9,
    0x105aa, 0x105ab, 0x105ac, 0x105ad, 0x105ae, 0x105af, 0x105b0, 0x105b1, 0x105b3, 0x105b4, 0x105b5, 0x105b6,
    0x105b7, 0x105b8, 0x105b9, 0x105bb, 0x105bc, 0x2d0, 0x2d1, 0x299, 0x2a3, 0xab66, 0x2a5, 0x2a4,
    0x1d91, 0x258, 0x25e, 0x2a9, 0x262, 0x29b, 0x29c, 0x267, 0x284, 0x2aa, 0x2ab, 0x1df04,
    0xa78e, 0x26e, 0x1df05, 0x28e, 0x1df06, 0x276, 0x277, 0x27a, 0x1df08, 0x27e, 0x2a8, 0x2a6,
    0xab67, 0x2a7, 0x2c71, 0x28f, 0x2a1, 0x2a2, 0x298, 0x1c0, 0x1c1, 0x1c2, 0x1df0a, 0x1df1e,
    0x10cc0, 0x10cc1, 0x10cc2, 0x10cc3, 0x10cc4, 0x10cc5, 0x10cc6, 0x10cc7, 0x10cc8, 0x10cc9, 0x10cca, 0x10ccb,
    0x10ccc, 0x10ccd, 0x10cce, 0x10ccf, 0x10cd0, 0x10cd1, 0x10cd2, 0x10cd3, 0x10cd4, 0x10cd5, 0x10cd6, 0x10cd7,
    0x10cd8, 0x10cd9, 0x10cda, 0x10cdb, 0x10cdc, 0x10cdd, 0x10cde, 0x10cdf, 0x10ce0, 0x10ce1, 0x10ce2, 0x10ce3,
    0x10ce4, 0x10ce5, 0x10ce6, 0x10ce7, 0x10ce8, 0x10ce9, 0x10cea, 0x10ceb, 0x10cec, 0x10ced, 0x10cee, 0x10cef,
    0x10cf0, 0x10cf1, 0x10cf2, 0x10d70, 0x10d71, 0x10d72, 0x10d73, 0x10d74, 0x10d75, 0x10d76, 0x10d77, 0x10d78,
    0x10d79, 0x10d7a, 0x10d7b, 0x10d7c, 0x10d7d, 0x10d7e, 0x10d7f, 0x10d80, 0x10d81, 0x10d82, 0x10d83, 0x10d84,
    0x10d85, 0x118c0, 0x118c1, 0x118c2, 0x118c3, 0x118c4, 0x118c5, 0x118c6, 0x118c7, 0x118c8, 0x118c9, 0x118ca,
    0x118cb, 0x118cc, 0x118cd, 0x118ce, 0x118cf, 0x118d0, 0x118d1, 0x118d2, 0x118d3, 0x118d4, 0x118d5, 0x118d6,
    0x118d7, 0x118d8, 0x118d9, 0x118da, 0x118db, 0x118dc, 0x118dd, 0x118de, 0x118df, 0x16e60, 0x16e61, 0x16e62,
    0x16e63, 0x16e64, 0x16e65, 0x16e66, 0x16e67, 0x16e68, 0x16e69, 0x16e6a, 0x16e6b, 0x16e6c, 0x16e6d, 0x16e6e,
    0x16e6f, 0x16e70, 0x16e71, 0x16e72, 0x16e73, 0x16e74, 0x16e75, 0x16e76, 0x16e77, 0x16e78, 0x16e79, 0x16e7a,
    0x16e7b, 0x16e7c, 0x16e7d, 0x16e7e, 0x16e7f, 0x16ebb, 0x16ebc, 0x16ebd, 0x16ebe, 0x16ebf, 0x16ec0, 0x16ec1,
    0x16ec2, 0x16ec3, 0x16ec4, 0x16ec5, 0x16ec6, 0x16ec7, 0x16ec8, 0x16ec9, 0x16eca, 0x16ecb, 0x16ecc, 0x16ecd,
    0x16ece, 0x16ecf, 0x16ed0, 0x16ed1, 0x16ed2, 0x16ed3, 0x1d157, 0x1d165, 0x1d158, 0x1d165, 0x1d158, 0x1d165,
    0x1d16e, 0x1d158, 0x1d165, 0x1d16f, 0x1d158, 0x1d165, 0x1d170, 0x1d158, 0x1d165, 0x1d171, 0x1d158, 0x1d165,
    0x1d172, 0x1d1b9, 0x1d165, 0x1d1ba, 0x1d165, 0x1d1b9, 0x1d165, 0x1d16e, 0x1d1ba, 0x1d165, 0x1d16e, 0x1d1b9,
    0x1d165, 0x1d16f, 0x1d1ba, 0x1d165, 0x1d16f, 0x131, 0x237, 0x2207, 0x2202, 0x1e922, 0x1e923, 0x1e924,
    0x1e925, 0x1e926, 0x1e927, 0x1e928, 0x1e929, 0x1e92a, 0x1e92b, 0x1e92c, 0x1e92d, 0x1e92e, 0x1e92f, 0x1e930,
    0x1e931, 0x1e932, 0x1e933, 0x1e934, 0x1e935, 0x1e936, 0x1e937, 0x1e938, 0x1e939, 0x1e93a, 0x1e93b, 0x1e93c,
    0x1e93d, 0x1e93e, 0x1e93f, 0x1e940, 0x1e941, 0x1e942, 0x1e943, 0x66e, 0x6a1, 0x66f, 0x30, 0x2c,
    0x31, 0x2c, 0x32, 0x2c, 0x33, 0x2c, 0x34, 0x2c, 0x35, 0x2c, 0x36, 0x2c,
    0x37, 0x2c, 0x38, 0x2c, 0x39, 0x2c, 0x3014, 0x73, 0x3015, 0x77, 0x7a, 0x68,
    0x76, 0x73, 0x64, 0x73, 0x73, 0x70, 0x70, 0x76, 0x77, 0x63, 0x6d, 0x63,
    0x6d, 0x64, 0x6d, 0x72, 0x64, 0x6a, 0x307b, 0x304b, 0x30b3, 0x30b3, 0x5b57, 0x53cc,
    0x30c7, 0x591a, 0x89e3, 0x4ea4, 0x6620, 0x7121, 0x524d, 0x5f8c, 0x518d, 0x65b0, 0x521d, 0x7d42,
    0x8ca9, 0x58f0, 0x5439, 0x6f14, 0x6295, 0x6355, 0x904a, 0x6307, 0x6253, 0x7981, 0x7a7a, 0x5408,
    0x6e80, 0x7533, 0x5272, 0x55b6, 0x914d, 0x3014, 0x672c, 0x3015, 0x3014, 0x4e09, 0x3015, 0x3014,
    0x4e8c, 0x3015, 0x3014, 0x5b89, 0x3015, 0x3014, 0x70b9, 0x3015, 0x3014, 0x6253, 0x3015, 0x3014,
    0x76d7, 0x3015, 0x3014, 0x52dd, 0x3015, 0x3014, 0x6557, 0x3015, 0x5f97, 0x53ef, 0x4e3d, 0x4e38,
    0x4e41, 0x20122, 0x4f60, 0x4fbb, 0x5002, 0x507a, 0x5099, 0x50cf, 0x349e, 0x2063a, 0x5154, 0x5164,
    0x5177, 0x2051c, 0x34b9, 0x5167, 0x2054b, 0x5197, 0x51a4, 0x4ecc, 0x51ac, 0x291df, 0x5203, 0x34df,
    0x523b, 0x5246, 0x5277, 0x3515, 0x5305, 0x5306, 0x5349, 0x535a, 0x5373, 0x537d, 0x537f, 0x20a2c,
    0x7070, 0x53ca, 0x53df, 0x20b63, 0x53eb, 0x53f1, 0x5406, 0x549e, 0x5438, 0x5448, 0x5468, 0x54a2,
    0x54f6, 0x5510, 0x5553, 0x5563, 0x5584, 0x55ab, 0x55b3, 0x55c2, 0x5716, 0x5717, 0x5651, 0x5674,
    0x58ee, 0x57ce, 0x57f4, 0x580d, 0x578b, 0x5832, 0x5831, 0x58ac, 0x214e4, 0x58f2, 0x58f7, 0x5906,
    0x5922, 0x5962, 0x216a8, 0x216ea, 0x59ec, 0x5a1b, 0x5a27, 0x59d8, 0x5a66, 0x36ee, 0x36fc, 0x5b08,
    0x5b3e, 0x219c8, 0x5bc3, 0x5bd8, 0x5bf3, 0x21b18, 0x5bff, 0x5c06, 0x5f53, 0x3781, 0x5c60, 0x5cc0,
    0x5c8d, 0x21de4, 0x5d43, 0x21de6, 0x5d6e, 0x5d6b, 0x5d7c, 0x5de1, 0x5de2, 0x382f, 0x5dfd, 0x5e28,
    0x5e3d, 0x5e69, 0x3862, 0x22183, 0x387c, 0x5eb0, 0x5eb3, 0x5eb6, 0x2a392, 0x22331, 0x8201, 0x5f22,
    0x38c7, 0x232b8, 0x261da, 0x5f62, 0x5f6b, 0x38e3, 0x5f9a, 0x5fcd, 0x5fd7, 0x5ff9, 0x6081, 0x393a,
    0x391c, 0x226d4, 0x60c7, 0x6148, 0x614c, 0x617a, 0x61b2, 0x61a4, 0x61af, 0x61de, 0x6210, 0x621b,
    0x625d, 0x62b1, 0x62d4, 0x6350, 0x22b0c, 0x633d, 0x62fc, 0x6368, 0x6383, 0x63e4, 0x22bf1, 0x6422,
    0x63c5, 0x63a9, 0x3a2e, 0x6469, 0x647e, 0x649d, 0x6477, 0x3a6c, 0x656c, 0x2300a, 0x65e3, 0x66f8,
    0x6649, 0x3b19, 0x3b08, 0x3ae4, 0x5192, 0x5195, 0x6700, 0x669c, 0x80ad, 0x43d9, 0x6721, 0x675e,
    0x6753, 0x233c3, 0x3b49, 0x67fa, 0x6785, 0x6852, 0x2346d, 0x688e, 0x681f, 0x6914, 0x6942, 0x69a3,
    0x69ea, 0x6aa8, 0x236a3, 0x6adb, 0x3c18, 0x6b21, 0x238a7, 0x6b54, 0x3c4e, 0x6b72, 0x6b9f, 0x6bbb,
    0x23a8d, 0x21d0b, 0x23afa, 0x6c4e, 0x23cbc, 0x6cbf, 0x6ccd, 0x6c67, 0x6d16, 0x6d3e, 0x6d69, 0x6d78,
    0x6d85, 0x23d1e, 0x6d34, 0x6e2f, 0x6e6e, 0x3d33, 0x6ec7, 0x23ed1, 0x6df9, 0x6f6e, 0x23f5e, 0x23f8e,
    0x6fc6, 0x7039, 0x701b, 0x3d96, 0x704a, 0x707d, 0x7077, 0x70ad, 0x20525, 0x7145, 0x24263, 0x719c,
    0x243ab, 0x7228, 0x7250, 0x24608, 0x7280, 0x7295, 0x24735, 0x24814, 0x737a, 0x738b, 0x3eac, 0x73a5,
    0x3eb8, 0x7447, 0x745c, 0x7485, 0x74ca, 0x3f1b, 0x7524, 0x24c36, 0x753e, 0x24c92, 0x2219f, 0x7610,
    0x24fa1, 0x24fb8, 0x25044, 0x3ffc, 0x4008, 0x250f3, 0x250f2, 0x25119, 0x25133, 0x771e, 0x771f, 0x778b,
    0x4046, 0x4096, 0x2541d, 0x784e, 0x40e3, 0x25626, 0x2569a, 0x256c5, 0x79eb, 0x412f, 0x7a4a, 0x7a4f,
    0x2597c, 0x25aa7, 0x7aee, 0x4202, 0x25bab, 0x7bc6, 0x7bc9, 0x4227, 0x25c80, 0x7cd2, 0x42a0, 0x7ce8,
    0x7ce3, 0x7d00, 0x25f86, 0x7d63, 0x4301, 0x7dc7, 0x7e02, 0x7e45, 0x4334, 0x26228, 0x26247, 0x4359,
    0x262d9, 0x7f7a, 0x2633e, 0x7f95, 0x7ffa, 0x264da, 0x26523, 0x8060, 0x265a8, 0x8070, 0x2335f, 0x43d5,
    0x80b2, 0x8103, 0x440b, 0x813e, 0x5ab5, 0x267a7, 0x267b5, 0x23393, 0x2339c, 0x8204, 0x8f9e, 0x446b,
    0x8291, 0x828b, 0x829d, 0x52b3, 0x82b1, 0x82b3, 0x82bd, 0x82e6, 0x26b3c, 0x831d, 0x8363, 0x83ad,
    0x8323, 0x83bd, 0x83e7, 0x8353, 0x83ca, 0x83cc, 0x83dc, 0x26c36, 0x26d6b, 0x26cd5, 0x452b, 0x84f1,
    0x84f3, 0x8516, 0x273ca, 0x8564, 0x26f2c, 0x455d, 0x4561, 0x26fb1, 0x270d2, 0x456b, 0x8650, 0x8667,
    0x8669, 0x86a9, 0x8688, 0x870e, 0x86e2, 0x8728, 0x876b, 0x8786, 0x45d7, 0x87e1, 0x8801, 0x45f9,
    0x8860, 0x27667, 0x88d7, 0x88de, 0x4635, 0x88fa, 0x34bb, 0x278ae, 0x27966, 0x46be, 0x46c7, 0x8aa0,
    0x27ca8, 0x8cab, 0x8cc1, 0x8d1b, 0x8d77, 0x27f2f, 0x20804, 0x8dcb, 0x8dbc, 0x8df0, 0x208de, 0x8ed4,
    0x285d2, 0x285ed, 0x9094, 0x90f1, 0x9111, 0x2872e, 0x911b, 0x9238, 0x92d7, 0x92d8, 0x927c, 0x93f9,
    0x9415, 0x28bfa, 0x958b, 0x4995, 0x95b7, 0x28d77, 0x49e6, 0x96c3, 0x5db2, 0x9723, 0x29145, 0x2921a,
    0x4a6e, 0x4a76, 0x97e0, 0x2940a, 0x4ab2, 0x29496, 0x9829, 0x295b6, 0x98e2, 0x4b33, 0x9929, 0x99a7,
    0x99c2, 0x99fe, 0x4bce, 0x29b30, 0x9c40, 0x9cfd, 0x4cce, 0x4ced, 0x9d67, 0x2a0ce, 0x4cf8, 0x2a105,
    0x2a20e, 0x2a291, 0x4d56, 0x9efe, 0x9f05, 0x9f0f, 0x9f16, 0x2a600,
};

static const IdnaRange IDNA_RANGES[] = {
    { 0x0, 0x40, 0, 0, 0 },
    { 0x41, 0x41, 2, 0, 1 },
    { 0x42, 0x42, 2, 1, 1 },
    { 0x43, 0x43, 2, 2, 1 },
    { 0x44, 0x44, 2, 3, 1 },
    { 0x45, 0x45, 2, 4, 1 },
    { 0x46, 0x46, 2, 5, 1 },
    { 0x47, 0x47, 2, 6, 1 },
    { 0x48, 0x48, 2, 7, 1 },
    { 0x49, 0x49, 2, 8, 1 },
    { 0x4a, 0x4a, 2, 9, 1 },
    { 0x4b, 0x4b, 2, 10, 1 },
    { 0x4c, 0x4c, 2, 11, 1 },
    { 0x4d, 0x4d, 2, 12, 1 },
    { 0x4e, 0x4e, 2, 13, 1 },
    { 0x4f, 0x4f, 2, 14, 1 },
    { 0x50, 0x50, 2, 15, 1 },
    { 0x51, 0x51, 2, 16, 1 },
    { 0x52, 0x52, 2, 17, 1 },
    { 0x53, 0x53, 2, 18, 1 },
    { 0x54, 0x54, 2, 19, 1 },
    { 0x55, 0x55, 2, 20, 1 },
    { 0x56, 0x56, 2, 21, 1 },
    { 0x57, 0x57, 2, 22, 1 },
    { 0x58, 0x58, 2, 23, 1 },
    { 0x59, 0x59, 2, 24, 1 },
    { 0x5a, 0x5a, 2, 25, 1 },
    { 0x5b, 0x7f, 0, 0, 0 },
    { 0x80, 0x9f, 3, 0, 0 },
    { 0xa0, 0xa0, 2, 26, 1 },
    { 0xa1, 0xa7, 0, 0, 0 },
    { 0xa8, 0xa8, 2, 27, 2 },
    { 0xa9, 0xa9, 0, 0, 0 },
    { 0xaa, 0xaa, 2, 0, 1 },
    { 0xab, 0xac, 0, 0, 0 },
    { 0xad, 0xad, 1, 0, 0 },
    { 0xae, 0xae, 0, 0, 0 },
    { 0xaf, 0xaf, 2, 29, 2 },
    { 0xb0, 0xb1, 0, 0, 0 },
    { 0xb2, 0xb2, 2, 31, 1 },
    { 0xb3, 0xb3, 2, 32, 1 },
    { 0xb4, 0xb4, 2, 33, 2 },
    { 0xb5, 0xb5, 2, 35, 1 },
    { 0xb6, 0xb7, 0, 0, 0 },
    { 0xb8, 0xb8, 2, 36, 2 },
    { 0xb9, 0xb9, 2, 38, 1 },
    { 0xba, 0xba, 2, 14, 1 },
    { 0xbb, 0xbb, 0, 0, 0 },
    { 0xbc, 0xbc, 2, 39, 3 },
    { 0xbd, 0xbd, 2, 42, 3 },
    { 0xbe, 0xbe, 2, 45, 3 },
    { 0xbf, 0xbf, 0, 0, 0 },
    { 0xc0, 0xc0, 2, 48, 1 },
    { 0xc1, 0xc1, 2, 49, 1 },
    { 0xc2, 0xc2, 2, 50, 1 },
    { 0xc3, 0xc3, 2, 51, 1 },
    { 0xc4, 0xc4, 2, 52, 1 },
    { 0xc5, 0xc5, 2, 53, 1 },
    { 0xc6, 0xc6, 2, 54, 1 },
    { 0xc7, 0xc7, 2, 55, 1 },
    { 0xc8, 0xc8, 2, 56, 1 },
    { 0xc9, 0xc9, 2, 57, 1 },
    { 0xca, 0xca, 2, 58, 1 },
    { 0xcb, 0xcb, 2, 59, 1 },
    { 0xcc, 0xcc, 2, 60, 1 },
    { 0xcd, 0xcd, 2, 61, 1 },
    { 0xce, 0xce, 2, 62, 1 },
    { 0xcf, 0xcf, 2, 63, 1 },
    { 0xd0, 0xd0, 2, 64, 1 },
    { 0xd1, 0xd1, 2, 65, 1 },
    { 0xd2, 0xd2, 2, 66, 1 },
    { 0xd3, 0xd3, 2, 67, 1 },
    { 0xd4, 0xd4, 2, 68, 1 },
    { 0xd5, 0xd5, 2, 69, 1 },
    { 0xd6, 0xd6, 2, 70, 1 },
    { 0xd7, 0xd7, 0, 0, 0 },
    { 0xd8, 0xd8, 2, 71, 1 },
    { 0xd9, 0xd9, 2, 72, 1 },
    { 0xda, 0xda, 2, 73, 1 },
    { 0xdb, 0xdb, 2, 74, 1 },
    { 0xdc, 0xdc, 2, 75, 1 },
    { 0xdd, 0xdd, 2, 76, 1 },
    { 0xde, 0xde, 2, 77, 1 },
    { 0xdf, 0xff, 0, 0, 0 },
    { 0x100, 0x100, 2, 78, 1 },
    { 0x101, 0x101, 0, 0, 0 },
    { 0x102, 0x102, 2, 79, 1 },
    { 0x103, 0x103, 0, 0, 0 },
    { 0x104, 0x104, 2, 80, 1 },
    { 0x105, 0x105, 0, 0, 0 },
    { 0x106, 0x106, 2, 81, 1 },
    { 0x107, 0x107, 0, 0, 0 },
    { 0x108, 0x108, 2, 82, 1 },
    { 0x109, 0x109, 0, 0, 0 },
    { 0x10a, 0x10a, 2, 83, 1 },
    { 0x10b, 0x10b, 0, 0, 0 },
    { 0x10c, 0x10c, 2, 84, 1 },
    { 0x10d, 0x10d, 0, 0, 0 },
    { 0x10e, 0x10e, 2, 85, 1 },
    { 0x10f, 0x10f, 0, 0, 0 },
    { 0x110, 0x110, 2, 86, 1 },
    { 0x111, 0x111, 0, 0, 0 },
    { 0x112, 0x112, 2, 87, 1 },
    { 0x113, 0x113, 0, 0, 0 },
    { 0x114, 0x114, 2, 88, 1 },
    { 0x115, 0x115, 0, 0, 0 },
    { 0x116, 0x116, 2, 89, 1 },
    { 0x117, 0x117, 0, 0, 0 },
    { 0x118, 0x118, 2, 90, 1 },
    { 0x119, 0x119, 0, 0, 0 },
    { 0x11a, 0x11a, 2, 91, 1 },
    { 0x11b, 0x11b, 0, 0, 0 },
    { 0x11c, 0x11c, 2, 92, 1 },
    { 0x11d, 0x11d, 0, 0, 0 },
    { 0x11e, 0x11e, 2, 93, 1 },
    { 0x11f, 0x11f, 0, 0, 0 },
    { 0x120, 0x120, 2, 94, 1 },
    { 0x121, 0x121, 0, 0, 0 },
    { 0x122, 0x122, 2, 95, 1 },
    { 0x123, 0x123, 0, 0, 0 },
    { 0x124, 0x124, 2, 96, 1 },
    { 0x125, 0x125, 0, 0, 0 },
    { 0x126, 0x126, 2, 97, 1 },
    { 0x127, 0x127, 0, 0, 0 },
    { 0x128, 0x128, 2, 98, 1 },
    { 0x129, 0x129, 0, 0, 0 },
    { 0x12a, 0x12a, 2, 99, 1 },
    { 0x12b, 0x12b, 0, 0, 0 },
    { 0x12c, 0x12c, 2, 100, 1 },
    { 0x12d, 0x12d, 0, 0, 0 },
    { 0x12e, 0x12e, 2, 101, 1 },
    { 0x12f, 0x12f, 0, 0, 0 },
    { 0x130, 0x130, 2, 102, 2 },
    { 0x131, 0x131, 0, 0, 0 },
    { 0x132, 0x133, 2, 104, 2 },
    { 0x134, 0x134, 2, 106, 1 },
    { 0x135, 0x135, 0, 0, 0 },
    { 0x136, 0x136, 2, 107, 1 },
    { 0x137, 0x138, 0, 0, 0 },
    { 0x139, 0x139, 2, 108, 1 },
    { 0x13a, 0x13a, 0, 0, 0 },
    { 0x13b, 0x13b, 2, 109, 1 },
    { 0x13c, 0x13c, 0, 0, 0 },
    { 0x13d, 0x13d, 2, 110, 1 },
    { 0x13e, 0x13e, 0, 0, 0 },
    { 0x13f, 0x140, 2, 111, 2 },
    { 0x141, 0x141, 2, 113, 1 },
    { 0x142, 0x142, 0, 0, 0 },
    { 0x143, 0x143, 2, 114, 1 },
    { 0x144, 0x144, 0, 0, 0 },
    { 0x145, 0x145, 2, 115, 1 },
    { 0x146, 0x146, 0, 0, 0 },
    { 0x147, 0x147, 2, 116, 1 },
    { 0x148, 0x148, 0, 0, 0 },
    { 0x149, 0x149, 2, 117, 2 },
    { 0x14a, 0x14a, 2, 119, 1 },
    { 0x14b, 0x14b, 0, 0, 0 },
    { 0x14c, 0x14c, 2, 120, 1 },
    { 0x14d, 0x14d, 0, 0, 0 },
    { 0x14e, 0x14e, 2, 121, 1 },
    { 0x14f, 0x14f, 0, 0, 0 },
    { 0x150, 0x150, 2, 122, 1 },
    { 0x151, 0x151, 0, 0, 0 },
    { 0x152, 0x152, 2, 123, 1 },
    { 0x153, 0x153, 0, 0, 0 },
    { 0x154, 0x154, 2, 124, 1 },
    { 0x155, 0x155, 0, 0, 0 },
    { 0x156, 0x156, 2, 125, 1 },
    { 0x157, 0x157, 0, 0, 0 },
    { 0x158, 0x158, 2, 126, 1 },
    { 0x159, 0x159, 0, 0, 0 },
    { 0x15a, 0x15a, 2, 127, 1 },
    { 0x15b, 0x15b, 0, 0, 0 },
    { 0x15c, 0x15c, 2, 128, 1 },
    { 0x15d, 0x15d, 0, 0, 0 },
    { 0x15e, 0x15e, 2, 129, 1 },
    { 0x15f, 0x15f, 0, 0, 0 },
    { 0x160, 0x160, 2, 130, 1 },
    { 0x161, 0x161, 0, 0, 0 },
    { 0x162, 0x162, 2, 131, 1 },
    { 0x163, 0x163, 0, 0, 0 },
    { 0x164, 0x164, 2, 132, 1 },
    { 0x165, 0x165, 0, 0, 0 },
    { 0x166, 0x166, 2, 133, 1 },
    { 0x167, 0x167, 0, 0, 0 },
    { 0x168, 0x168, 2, 134, 1 },
    { 0x169, 0x169, 0, 0, 0 },
    { 0x16a, 0x16a, 2, 135, 1 },
    { 0x16b, 0x16b, 0, 0, 0 },
    { 0x16c, 0x16c, 2, 136, 1 },
    { 0x16d, 0x16d, 0, 0, 0 },
    { 0x16e, 0x16e, 2, 137, 1 },
    { 0x16f, 0x16f, 0, 0, 0 },
    { 0x170, 0x170, 2, 138, 1 },
    { 0x171, 0x171, 0, 0, 0 },
    { 0x172, 0x172, 2, 139, 1 },
    { 0x173, 0x173, 0, 0, 0 },
    { 0x174, 0x174, 2, 140, 1 },
    { 0x175, 0x175, 0, 0, 0 },
    { 0x176, 0x176, 2, 141, 1 },
    { 0x177, 0x177, 0, 0, 0 },
    { 0x178, 0x178, 2, 142, 1 },
    { 0x179, 0x179, 2, 143, 1 },
    { 0x17a, 0x17a, 0, 0, 0 },
    { 0x17b, 0x17b, 2, 144, 1 },
    { 0x17c, 0x17c, 0, 0, 0 },
    { 0x17d, 0x17d, 2, 145, 1 },
    { 0x17e, 0x17e, 0, 0, 0 },
    { 0x17f, 0x17f, 2, 18, 1 },
    { 0x180, 0x180, 0, 0, 0 },
    { 0x181, 0x181, 2, 146, 1 },
    { 0x182, 0x182, 2, 147, 1 },
    { 0x183, 0x183, 0, 0, 0 },
    { 0x184, 0x184, 2, 148, 1 },
    { 0x185, 0x185, 0, 0, 0 },
    { 0x186, 0x186, 2, 149, 1 },
    { 0x187, 0x187, 2, 150, 1 },
    { 0x188, 0x188, 0, 0, 0 },
    { 0x189, 0x189, 2, 151, 1 },
    { 0x18a, 0x18a, 2, 152, 1 },
    { 0x18b, 0x18b, 2, 153, 1 },
    { 0x18c, 0x18d, 0, 0, 0 },
    { 0x18e, 0x18e, 2, 154, 1 },
    { 0x18f, 0x18f, 2, 155, 1 },
    { 0x190, 0x190, 2, 156, 1 },
    { 0x191, 0x191, 2, 157, 1 },
    { 0x192, 0x192, 0, 0, 0 },
    { 0x193, 0x193, 2, 158, 1 },
    { 0x194, 0x194, 2, 159, 1 },
    { 0x195, 0x195, 0, 0, 0 },
    { 0x196, 0x196, 2, 160, 1 },
    { 0x197, 0x197, 2, 161, 1 },
    { 0x198, 0x198, 2, 162, 1 },
    { 0x199, 0x19b, 0, 0, 0 },
    { 0x19c, 0x19c, 2, 163, 1 },
    { 0x19d, 0x19d, 2, 164, 1 },
    { 0x19e, 0x19e, 0, 0, 0 },
    { 0x19f, 0x19f, 2, 165, 1 },
    { 0x1a0, 0x1a0, 2, 166, 1 },
    { 0x1a1, 0x1a1, 0, 0, 0 },
    { 0x1a2, 0x1a2, 2, 167, 1 },
    { 0x1a3, 0x1a3, 0, 0, 0 },
    { 0x1a4, 0x1a4, 2, 168, 1 },
    { 0x1a5, 0x1a5, 0, 0, 0 },
    { 0x1a6, 0x1a6, 2, 169, 1 },
    { 0x1a7, 0x1a7, 2, 170, 1 },
    { 0x1a8, 0x1a8, 0, 0, 0 },
    { 0x1a9, 0x1a9, 2, 171, 1 },
    { 0x1aa, 0x1ab, 0, 0, 0 },
    { 0x1ac, 0x1ac, 2, 172, 1 },
    { 0x1ad, 0x1ad, 0, 0, 0 },
    { 0x1ae, 0x1ae, 2, 173, 1 },
    { 0x1af, 0x1af, 2, 174, 1 },
    { 0x1b0, 0x1b0, 0, 0, 0 },
    { 0x1b1, 0x1b1, 2, 175, 1 },
    { 0x1b2, 0x1b2, 2, 176, 1 },
    { 0x1b3, 0x1b3, 2, 177, 1 },
    { 0x1b4, 0x1b4, 0, 0, 0 },
    { 0x1b5, 0x1b5, 2, 178, 1 },
    { 0x1b6, 0x1b6, 0, 0, 0 },
    { 0x1b7, 0x1b7, 2, 179, 1 },
    { 0x1b8, 0x1b8, 2, 180, 1 },
    { 0x1b9, 0x1bb, 0, 0, 0 },
    { 0x1bc, 0x1bc, 2, 181, 1 },
    { 0x1bd, 0x1c3, 0, 0, 0 },
    { 0x1c4, 0x1c6, 2, 182, 2 },
    { 0x1c7, 0x1c9, 2, 184, 2 },
    { 0x1ca, 0x1cc, 2, 186, 2 },
    { 0x1cd, 0x1cd, 2, 188, 1 },
    { 0x1ce, 0x1ce, 0, 0, 0 },
    { 0x1cf, 0x1cf, 2, 189, 1 },
    { 0x1d0, 0x1d0, 0, 0, 0 },
    { 0x1d1, 0x1d1, 2, 190, 1 },
    { 0x1d2, 0x1d2, 0, 0, 0 },
    { 0x1d3, 0x1d3, 2, 191, 1 },
    { 0x1d4, 0x1d4, 0, 0, 0 },
    { 0x1d5, 0x1d5, 2, 192, 1 },
    { 0x1d6, 0x1d6, 0, 0, 0 },
    { 0x1d7, 0x1d7, 2, 193, 1 },
    { 0x1d8, 0x1d8, 0, 0, 0 },
    { 0x1d9, 0x1d9, 2, 194, 1 },
    { 0x1da, 0x1da, 0, 0, 0 },
    { 0x1db, 0x1db, 2, 195, 1 },
    { 0x1dc, 0x1dd, 0, 0, 0 },
    { 0x1de, 0x1de, 2, 196, 1 },
    { 0x1df, 0x1df, 0, 0, 0 },
    { 0x1e0, 0x1e0, 2, 197, 1 },
    { 0x1e1, 0x1e1, 0, 0, 0 },
    { 0x1e2, 0x1e2, 2, 198, 1 },
    { 0x1e3, 0x1e3, 0, 0, 0 },
    { 0x1e4, 0x1e4, 2, 199, 1 },
    { 0x1e5, 0x1e5, 0, 0, 0 },
    { 0x1e6, 0x1e6, 2, 200, 1 },
    { 0x1e7, 0x1e7, 0, 0, 0 },
    { 0x1e8, 0x1e8, 2, 201, 1 },
    { 0x1e9, 0x1e9, 0, 0, 0 },
    { 0x1ea, 0x1ea, 2, 202, 1 },
    { 0x1eb, 0x1eb, 0, 0, 0 },
    { 0x1ec, 0x1ec, 2, 203, 1 },
    { 0x1ed, 0x1ed, 0, 0, 0 },
    { 0x1ee, 0x1ee, 2, 204, 1 },
    { 0x1ef, 0x1f0, 0, 0, 0 },
    { 0x1f1, 0x1f3, 2, 205, 2 },
    { 0x1f4, 0x1f4, 2, 207, 1 },
    { 0x1f5, 0x1f5, 0, 0, 0 },
    { 0x1f6, 0x1f6, 2, 208, 1 },
    { 0x1f7, 0x1f7, 2, 209, 1 },
    { 0x1f8, 0x1f8, 2, 210, 1 },
    { 0x1f9, 0x1f9, 0, 0, 0 },
    { 0x1fa, 0x1fa, 2, 211, 1 },
    { 0x1fb, 0x1fb, 0, 0, 0 },
    { 0x1fc, 0x1fc, 2, 212, 1 },
    { 0x1fd, 0x1fd, 0, 0, 0 },
    { 0x1fe, 0x1fe, 2, 213, 1 },
    { 0x1ff, 0x1ff, 0, 0, 0 },
    { 0x200, 0x200, 2, 214, 1 },
    { 0x201, 0x201, 0, 0, 0 },
    { 0x202, 0x202, 2, 215, 1 },
    { 0x203, 0x203, 0, 0, 0 },
    { 0x204, 0x204, 2, 216, 1 },
    { 0x205, 0x205, 0, 0, 0 },
    { 0x206, 0x206, 2, 217, 1 },
    { 0x207, 0x207, 0, 0, 0 },
    { 0x208, 0x208, 2, 218, 1 },
    { 0x209, 0x209, 0, 0, 0 },
    { 0x20a, 0x20a, 2, 219, 1 },
    { 0x20b, 0x20b, 0, 0, 0 },
    { 0x20c, 0x20c, 2, 220, 1 },
    { 0x20d, 0x20d, 0, 0, 0 },
    { 0x20e, 0x20e, 2, 221, 1 },
    { 0x20f, 0x20f, 0, 0, 0 },
    { 0x210, 0x210, 2, 222, 1 },
    { 0x211, 0x211, 0, 0, 0 },
    { 0x212, 0x212, 2, 223, 1 },
    { 0x213, 0x213, 0, 0, 0 },
    { 0x214, 0x214, 2, 224, 1 },
    { 0x215, 0x215, 0, 0, 0 },
    { 0x216, 0x216, 2, 225, 1 },
    { 0x217, 0x217, 0, 0, 0 },
    { 0x218, 0x218, 2, 226, 1 },
    { 0x219, 0x219, 0, 0, 0 },
    { 0x21a, 0x21a, 2, 227, 1 },
    { 0x21b, 0x21b, 0, 0, 0 },
    { 0x21c, 0x21c, 2, 228, 1 },
    { 0x21d, 0x21d, 0, 0, 0 },
    { 0x21e, 0x21e, 2, 229, 1 },
    { 0x21f, 0x21f, 0, 0, 0 },
    { 0x220, 0x220, 2, 230, 1 },
    { 0x221, 0x221, 0, 0, 0 },
    { 0x222, 0x222, 2, 231, 1 },
    { 0x223, 0x223, 0, 0, 0 },
    { 0x224, 0x224, 2, 232, 1 },
    { 0x225, 0x225, 0, 0, 0 },
    { 0x226, 0x226, 2, 233, 1 },
    { 0x227, 0x227, 0, 0, 0 },
    { 0x228, 0x228, 2, 234, 1 },
    { 0x229, 0x229, 0, 0, 0 },
    { 0x22a, 0x22a, 2, 235, 1 },
    { 0x22b, 0x22b, 0, 0, 0 },
    { 0x22c, 0x22c, 2, 236, 1 },
    { 0x22d, 0x22d, 0, 0, 0 },
    { 0x22e, 0x22e, 2, 237, 1 },
    { 0x22f, 0x22f, 0, 0, 0 },
    { 0x230, 0x230, 2, 238, 1 },
    { 0x231, 0x231, 0, 0, 0 },
    { 0x232, 0x232, 2, 239, 1 },
    { 0x233, 0x239, 0, 0, 0 },
    { 0x23a, 0x23a, 2, 240, 1 },
    { 0x23b, 0x23b, 2, 241, 1 },
    { 0x23c, 0x23c, 0, 0, 0 },
    { 0x23d, 0x23d, 2, 242, 1 },
    { 0x23e, 0x23e, 2, 243, 1 },
    { 0x23f, 0x240, 0, 0, 0 },
    { 0x241, 0x241, 2, 244, 1 },
    { 0x242, 0x242, 0, 0, 0 },
    { 0x243, 0x243, 2, 245, 1 },
    { 0x244, 0x244, 2, 246, 1 },
    { 0x245, 0x245, 2, 247, 1 },
    { 0x246, 0x246, 2, 248, 1 },
    { 0x247, 0x247, 0, 0, 0 },
    { 0x248, 0x248, 2, 249, 1 },
    { 0x249, 0x249, 0, 0, 0 },
    { 0x24a, 0x24a, 2, 250, 1 },
    { 0x24b, 0x24b, 0, 0, 0 },
    { 0x24c, 0x24c, 2, 251, 1 },
    { 0x24d, 0x24d, 0, 0, 0 },
    { 0x24e, 0x24e, 2, 252, 1 },
    { 0x24f, 0x2af, 0, 0, 0 },
    { 0x2b0, 0x2b0, 2, 7, 1 },
    { 0x2b1, 0x2b1, 2, 253, 1 },
    { 0x2b2, 0x2b2, 2, 9, 1 },
    { 0x2b3, 0x2b3, 2, 17, 1 },
    { 0x2b4, 0x2b4, 2, 254, 1 },
    { 0x2b5, 0x2b5, 2, 255, 1 },
    { 0x2b6, 0x2b6, 2, 256, 1 },
    { 0x2b7, 0x2b7, 2, 22, 1 },
    { 0x2b8, 0x2b8, 2, 24, 1 },
    { 0x2b9, 0x2d7, 0, 0, 0 },
    { 0x2d8, 0x2d8, 2, 257, 2 },
    { 0x2d9, 0x2d9, 2, 259, 2 },
    { 0x2da, 0x2da, 2, 261, 2 },
    { 0x2db, 0x2db, 2, 263, 2 },
    { 0x2dc, 0x2dc, 2, 265, 2 },
    { 0x2dd, 0x2dd, 2, 267, 2 },
    { 0x2de, 0x2df, 0, 0, 0 },
    { 0x2e0, 0x2e0, 2, 159, 1 },
    { 0x2e1, 0x2e1, 2, 11, 1 },
    { 0x2e2, 0x2e2, 2, 18, 1 },
    { 0x2e3, 0x2e3, 2, 23, 1 },
    { 0x2e4, 0x2e4, 2, 269, 1 },
    { 0x2e5, 0x33f, 0, 0, 0 },
    { 0x340, 0x340, 2, 270, 1 },
    { 0x341, 0x341, 2, 271, 1 },
    { 0x342, 0x342, 0, 0, 0 },
    { 0x343, 0x343, 2, 272, 1 },
    { 0x344, 0x344, 2, 273, 2 },
    { 0x345, 0x345, 2, 275, 1 },
    { 0x346, 0x34e, 0, 0, 0 },
    { 0x34f, 0x34f, 1, 0, 0 },
    { 0x350, 0x36f, 0, 0, 0 },
    { 0x370, 0x370, 2, 276, 1 },
    { 0x371, 0x371, 0, 0, 0 },
    { 0x372, 0x372, 2, 277, 1 },
    { 0x373, 0x373, 0, 0, 0 },
    { 0x374, 0x374, 2, 278, 1 },
    { 0x375, 0x375, 0, 0, 0 },
    { 0x376, 0x376, 2, 279, 1 },
    { 0x377, 0x377, 0, 0, 0 },
    { 0x378, 0x379, 3, 0, 0 },
    { 0x37a, 0x37a, 2, 280, 2 },
    { 0x37b, 0x37d, 0, 0, 0 },
    { 0x37e, 0x37e, 2, 282, 1 },
    { 0x37f, 0x37f, 2, 283, 1 },
    { 0x380, 0x383, 3, 0, 0 },
    { 0x384, 0x384, 2, 33, 2 },
    { 0x385, 0x385, 2, 284, 3 },
    { 0x386, 0x386, 2, 287, 1 },
    { 0x387, 0x387, 2, 288, 1 },
    { 0x388, 0x388, 2, 289, 1 },
    { 0x389, 0x389, 2, 290, 1 },
    { 0x38a, 0x38a, 2, 291, 1 },
    { 0x38b, 0x38b, 3, 0, 0 },
    { 0x38c, 0x38c, 2, 292, 1 },
    { 0x38d, 0x38d, 3, 0, 0 },
    { 0x38e, 0x38e, 2, 293, 1 },
    { 0x38f, 0x38f, 2, 294, 1 },
    { 0x390, 0x390, 0, 0, 0 },
    { 0x391, 0x391, 2, 295, 1 },
    { 0x392, 0x392, 2, 296, 1 },
    { 0x393, 0x393, 2, 297, 1 },
    { 0x394, 0x394, 2, 298, 1 },
    { 0x395, 0x395, 2, 299, 1 },
    { 0x396, 0x396, 2, 300, 1 },
    { 0x397, 0x397, 2, 301, 1 },
    { 0x398, 0x398, 2, 302, 1 },
    { 0x399, 0x399, 2, 275, 1 },
    { 0x39a, 0x39a, 2, 303, 1 },
    { 0x39b, 0x39b, 2, 304, 1 },
    { 0x39c, 0x39c, 2, 35, 1 },
    { 0x39d, 0x39d, 2, 305, 1 },
    { 0x39e, 0x39e, 2, 306, 1 },
    { 0x39f, 0x39f, 2, 307, 1 },
    { 0x3a0, 0x3a0, 2, 308, 1 },
    { 0x3a1, 0x3a1, 2, 309, 1 },
    { 0x3a2, 0x3a2, 3, 0, 0 },
    { 0x3a3, 0x3a3, 2, 310, 1 },
    { 0x3a4, 0x3a4, 2, 311, 1 },
    { 0x3a5, 0x3a5, 2, 312, 1 },
    { 0x3a6, 0x3a6, 2, 313, 1 },
    { 0x3a7, 0x3a7, 2, 314, 1 },
    { 0x3a8, 0x3a8, 2, 315, 1 },
    { 0x3a9, 0x3a9, 2, 316, 1 },
    { 0x3aa, 0x3aa, 2, 317, 1 },
    { 0x3ab, 0x3ab, 2, 318, 1 },
    { 0x3ac, 0x3ce, 0, 0, 0 },
    { 0x3cf, 0x3cf, 2, 319, 1 },
    { 0x3d0, 0x3d0, 2, 296, 1 },
    { 0x3d1, 0x3d1, 2, 302, 1 },
    { 0x3d2, 0x3d2, 2, 312, 1 },
    { 0x3d3, 0x3d3, 2, 293, 1 },
    { 0x3d4, 0x3d4, 2, 318, 1 },
    { 0x3d5, 0x3d5, 2, 313, 1 },
    { 0x3d6, 0x3d6, 2, 308, 1 },
    { 0x3d7, 0x3d7, 0, 0, 0 },
    { 0x3d8, 0x3d8, 2, 320, 1 },
    { 0x3d9, 0x3d9, 0, 0, 0 },
    { 0x3da, 0x3da, 2, 321, 1 },
    { 0x3db, 0x3db, 0, 0, 0 },
    { 0x3dc, 0x3dc, 2, 322, 1 },
    { 0x3dd, 0x3dd, 0, 0, 0 },
    { 0x3de, 0x3de, 2, 323, 1 },
    { 0x3df, 0x3df, 0, 0, 0 },
    { 0x3e0, 0x3e0, 2, 324, 1 },
    { 0x3e1, 0x3e1, 0, 0, 0 },
    { 0x3e2, 0x3e2, 2, 325, 1 },
    { 0x3e3, 0x3e3, 0, 0, 0 },
    { 0x3e4, 0x3e4, 2, 326, 1 },
    { 0x3e5, 0x3e5, 0, 0, 0 },
    { 0x3e6, 0x3e6, 2, 327, 1 },
    { 0x3e7, 0x3e7, 0, 0, 0 },
    { 0x3e8, 0x3e8, 2, 328, 1 },
    { 0x3e9, 0x3e9, 0, 0, 0 },
    { 0x3ea, 0x3ea, 2, 329, 1 },
    { 0x3eb, 0x3eb, 0, 0, 0 },
    { 0x3ec, 0x3ec, 2, 330, 1 },
    { 0x3ed, 0x3ed, 0, 0, 0 },
    { 0x3ee, 0x3ee, 2, 331, 1 },
    { 0x3ef, 0x3ef, 0, 0, 0 },
    { 0x3f0, 0x3f0, 2, 303, 1 },
    { 0x3f1, 0x3f1, 2, 309, 1 },
    { 0x3f2, 0x3f2, 2, 310, 1 },
    { 0x3f3, 0x3f3, 0, 0, 0 },
    { 0x3f4, 0x3f4, 2, 302, 1 },
    { 0x3f5, 0x3f5, 2, 299, 1 },
    { 0x3f6, 0x3f6, 0, 0, 0 },
    { 0x3f7, 0x3f7, 2, 332, 1 },
    { 0x3f8, 0x3f8, 0, 0, 0 },
    { 0x3f9, 0x3f9, 2, 310, 1 },
    { 0x3fa, 0x3fa, 2, 333, 1 },
    { 0x3fb, 0x3fc, 0, 0, 0 },
    { 0x3fd, 0x3fd, 2, 334, 1 },
    { 0x3fe, 0x3fe, 2, 335, 1 },
    { 0x3ff, 0x3ff, 2, 336, 1 },
    { 0x400, 0x400, 2, 337, 1 },
    { 0x401, 0x401, 2, 338, 1 },
    { 0x402, 0x402, 2, 339, 1 },
    { 0x403, 0x403, 2, 340, 1 },
    { 0x404, 0x404, 2, 341, 1 },
    { 0x405, 0x405, 2, 342, 1 },
    { 0x406, 0x406, 2, 343, 1 },
    { 0x407, 0x407, 2, 344, 1 },
    { 0x408, 0x408, 2, 345, 1 },
    { 0x409, 0x409, 2, 346, 1 },
    { 0x40a, 0x40a, 2, 347, 1 },
    { 0x40b, 0x40b, 2, 348, 1 },
    { 0x40c, 0x40c, 2, 349, 1 },
    { 0x40d, 0x40d, 2, 350, 1 },
    { 0x40e, 0x40e, 2, 351, 1 },
    { 0x40f, 0x40f, 2, 352, 1 },
    { 0x410, 0x410, 2, 353, 1 },
    { 0x411, 0x411, 2, 354, 1 },
    { 0x412, 0x412, 2, 355, 1 },
    { 0x413, 0x413, 2, 356, 1 },
    { 0x414, 0x414, 2, 357, 1 },
    { 0x415, 0x415, 2, 358, 1 },
    { 0x416, 0x416, 2, 359, 1 },
    { 0x417, 0x417, 2, 360, 1 },
    { 0x418, 0x418, 2, 361, 1 },
    { 0x419, 0x419, 2, 362, 1 },
    { 0x41a, 0x41a, 2, 363, 1 },
    { 0x41b, 0x41b, 2, 364, 1 },
    { 0x41c, 0x41c, 2, 365, 1 },
    { 0x41d, 0x41d, 2, 366, 1 },
    { 0x41e, 0x41e, 2, 367, 1 },
    { 0x41f, 0x41f, 2, 368, 1 },
    { 0x420, 0x420, 2, 369, 1 },
    { 0x421, 0x421, 2, 370, 1 },
    { 0x422, 0x422, 2, 371, 1 },
    { 0x423, 0x423, 2, 372, 1 },
    { 0x424, 0x424, 2, 373, 1 },
    { 0x425, 0x425, 2, 374, 1 },
    { 0x426, 0x426, 2, 375, 1 },
    { 0x427, 0x427, 2, 376, 1 },
    { 0x428, 0x428, 2, 377, 1 },
    { 0x429, 0x429, 2, 378, 1 },
    { 0x42a, 0x42a, 2, 379, 1 },
    { 0x42b, 0x42b, 2, 380, 1 },
    { 0x42c, 0x42c, 2, 381, 1 },
    { 0x42d, 0x42d, 2, 382, 1 },
    { 0x42e, 0x42e, 2, 383, 1 },
    { 0x42f, 0x42f, 2, 384, 1 },
    { 0x430, 0x45f, 0, 0, 0 },
    { 0x460, 0x460, 2, 385, 1 },
    { 0x461, 0x461, 0, 0, 0 },
    { 0x462, 0x462, 2, 386, 1 },
    { 0x463, 0x463, 0, 0, 0 },
    { 0x464, 0x464, 2, 387, 1 },
    { 0x465, 0x465, 0, 0, 0 },
    { 0x466, 0x466, 2, 388, 1 },
    { 0x467, 0x467, 0, 0, 0 },
    { 0x468, 0x468, 2, 389, 1 },
    { 0x469, 0x469, 0, 0, 0 },
    { 0x46a, 0x46a, 2, 390, 1 },
    { 0x46b, 0x46b, 0, 0, 0 },
    { 0x46c, 0x46c, 2, 391, 1 },
    { 0x46d, 0x46d, 0, 0, 0 },
    { 0x46e, 0x46e, 2, 392, 1 },
    { 0x46f, 0x46f, 0, 0, 0 },
    { 0x470, 0x470, 2, 393, 1 },
    { 0x471, 0x471, 0, 0, 0 },
    { 0x472, 0x472, 2, 394, 1 },
    { 0x473, 0x473, 0, 0, 0 },
    { 0x474, 0x474, 2, 395, 1 },
    { 0x475, 0x475, 0, 0, 0 },
    { 0x476, 0x476, 2, 396, 1 },
    { 0x477, 0x477, 0, 0, 0 },
    { 0x478, 0x478, 2, 397, 1 },
    { 0x479, 0x479, 0, 0, 0 },
    { 0x47a, 0x47a, 2, 398, 1 },
    { 0x47b, 0x47b, 0, 0, 0 },
    { 0x47c, 0x47c, 2, 399, 1 },
    { 0x47d, 0x47d, 0, 0, 0 },
    { 0x47e, 0x47e, 2, 400, 1 },
    { 0x47f, 0x47f, 0, 0, 0 },
    { 0x480, 0x480, 2, 401, 1 },
    { 0x481, 0x489, 0, 0, 0 },
    { 0x48a, 0x48a, 2, 402, 1 },
    { 0x48b, 0x48b, 0, 0, 0 },
    { 0x48c, 0x48c, 2, 403, 1 },
    { 0x48d, 0x48d, 0, 0, 0 },
    { 0x48e, 0x48e, 2, 404, 1 },
    { 0x48f, 0x48f, 0, 0, 0 },
    { 0x490, 0x490, 2, 405, 1 },
    { 0x491, 0x491, 0, 0, 0 },
    { 0x492, 0x492, 2, 406, 1 },
    { 0x493, 0x493, 0, 0, 0 },
    { 0x494, 0x494, 2, 407, 1 },
    { 0x495, 0x495, 0, 0, 0 },
    { 0x496, 0x496, 2, 408, 1 },
    { 0x497, 0x497, 0, 0, 0 },
    { 0x498, 0x498, 2, 409, 1 },
    { 0x499, 0x499, 0, 0, 0 },
    { 0x49a, 0x49a, 2, 410, 1 },
    { 0x49b, 0x49b, 0, 0, 0 },
    { 0x49c, 0x49c, 2, 411, 1 },
    { 0x49d, 0x49d, 0, 0, 0 },
    { 0x49e, 0x49e, 2, 412, 1 },
    { 0x49f, 0x49f, 0, 0, 0 },
    { 0x4a0, 0x4a0, 2, 413, 1 },
    { 0x4a1, 0x4a1, 0, 0, 0 },
    { 0x4a2, 0x4a2, 2, 414, 1 },
    { 0x4a3, 0x4a3, 0, 0, 0 },
    { 0x4a4, 0x4a4, 2, 415, 1 },
    { 0x4a5, 0x4a5, 0, 0, 0 },
    { 0x4a6, 0x4a6, 2, 416, 1 },
    { 0x4a7, 0x4a7, 0, 0, 0 },
    { 0x4a8, 0x4a8, 2, 417, 1 },
    { 0x4a9, 0x4a9, 0, 0, 0 },
    { 0x4aa, 0x4aa, 2, 418, 1 },
    { 0x4ab, 0x4ab, 0, 0, 0 },
    { 0x4ac, 0x4ac, 2, 419, 1 },
    { 0x4ad, 0x4ad, 0, 0, 0 },
    { 0x4ae, 0x4ae, 2, 420, 1 },
    { 0x4af, 0x4af, 0, 0, 0 },
    { 0x4b0, 0x4b0, 2, 421, 1 },
    { 0x4b1, 0x4b1, 0, 0, 0 },
    { 0x4b2, 0x4b2, 2, 422, 1 },
    { 0x4b3, 0x4b3, 0, 0, 0 },
    { 0x4b4, 0x4b4, 2, 423, 1 },
    { 0x4b5, 0x4b5, 0, 0, 0 },
    { 0x4b6, 0x4b6, 2, 424, 1 },
    { 0x4b7, 0x4b7, 0, 0, 0 },
    { 0x4b8, 0x4b8, 2, 425, 1 },
    { 0x4b9, 0x4b9, 0, 0, 0 },
    { 0x4ba, 0x4ba, 2, 426, 1 },
    { 0x4bb, 0x4bb, 0, 0, 0 },
    { 0x4bc, 0x4bc, 2, 427, 1 },
    { 0x4bd, 0x4bd, 0, 0, 0 },
    { 0x4be, 0x4be, 2, 428, 1 },
    { 0x4bf, 0x4bf, 0, 0, 0 },
    { 0x4c0, 0x4c0, 2, 429, 1 },
    { 0x4c1, 0x4c1, 2, 430, 1 },
    { 0x4c2, 0x4c2, 0, 0, 0 },
    { 0x4c3, 0x4c3, 2, 431, 1 },
    { 0x4c4, 0x4c4, 0, 0, 0 },
    { 0x4c5, 0x4c5, 2, 432, 1 },
    { 0x4c6, 0x4c6, 0, 0, 0 },
    { 0x4c7, 0x4c7, 2, 433, 1 },
    { 0x4c8, 0x4c8, 0, 0, 0 },
    { 0x4c9, 0x4c9, 2, 434, 1 },
    { 0x4ca, 0x4ca, 0, 0, 0 },
    { 0x4cb, 0x4cb, 2, 435, 1 },
    { 0x4cc, 0x4cc, 0, 0, 0 },
    { 0x4cd, 0x4cd, 2, 436, 1 },
    { 0x4ce, 0x4cf, 0, 0, 0 },
    { 0x4d0, 0x4d0, 2, 437, 1 },
    { 0x4d1, 0x4d1, 0, 0, 0 },
    { 0x4d2, 0x4d2, 2, 438, 1 },
    { 0x4d3, 0x4d3, 0, 0, 0 },
    { 0x4d4, 0x4d4, 2, 439, 1 },
    { 0x4d5, 0x4d5, 0, 0, 0 },
    { 0x4d6, 0x4d6, 2, 440, 1 },
    { 0x4d7, 0x4d7, 0, 0, 0 },
    { 0x4d8, 0x4d8, 2, 441, 1 },
    { 0x4d9, 0x4d9, 0, 0, 0 },
    { 0x4da, 0x4da, 2, 442, 1 },
    { 0x4db, 0x4db, 0, 0, 0 },
    { 0x4dc, 0x4dc, 2, 443, 1 },
    { 0x4dd, 0x4dd, 0, 0, 0 },
    { 0x4de, 0x4de, 2, 444, 1 },
    { 0x4df, 0x4df, 0, 0, 0 },
    { 0x4e0, 0x4e0, 2, 445, 1 },
    { 0x4e1, 0x4e1, 0, 0, 0 },
    { 0x4e2, 0x4e2, 2, 446, 1 },
    { 0x4e3, 0x4e3, 0, 0, 0 },
    { 0x4e4, 0x4e4, 2, 447, 1 },
    { 0x4e5, 0x4e5, 0, 0, 0 },
    { 0x4e6, 0x4e6, 2, 448, 1 },
    { 0x4e7, 0x4e7, 0, 0, 0 },
    { 0x4e8, 0x4e8, 2, 449, 1 },
    { 0x4e9, 0x4e9, 0, 0, 0 },
    { 0x4ea, 0x4ea, 2, 450, 1 },
    { 0x4eb, 0x4eb, 0, 0, 0 },
    { 0x4ec, 0x4ec, 2, 451, 1 },
    { 0x4ed, 0x4ed, 0, 0, 0 },
    { 0x4ee, 0x4ee, 2, 452, 1 },
    { 0x4ef, 0x4ef, 0, 0, 0 },
    { 0x4f0, 0x4f0, 2, 453, 1 },
    { 0x4f1, 0x4f1, 0, 0, 0 },
    { 0x4f2, 0x4f2, 2, 454, 1 },
    { 0x4f3, 0x4f3, 0, 0, 0 },
    { 0x4f4, 0x4f4, 2, 455, 1 },
    { 0x4f5, 0x4f5, 0, 0, 0 },
    { 0x4f6, 0x4f6, 2, 456, 1 },
    { 0x4f7, 0x4f7, 0, 0, 0 },
    { 0x4f8, 0x4f8, 2, 457, 1 },
    { 0x4f9, 0x4f9, 0, 0, 0 },
    { 0x4fa, 0x4fa, 2, 458, 1 },
    { 0x4fb, 0x4fb, 0, 0, 0 },
    { 0x4fc, 0x4fc, 2, 459, 1 },
    { 0x4fd, 0x4fd, 0, 0, 0 },
    { 0x4fe, 0x4fe, 2, 460, 1 },
    { 0x4ff, 0x4ff, 0, 0, 0 },
    { 0x500, 0x500, 2, 461, 1 },
    { 0x501, 0x501, 0, 0, 0 },
    { 0x502, 0x502, 2, 462, 1 },
    { 0x503, 0x503, 0, 0, 0 },
    { 0x504, 0x504, 2, 463, 1 },
    { 0x505, 0x505, 0, 0, 0 },
    { 0x506, 0x506, 2, 464, 1 },
    { 0x507, 0x507, 0, 0, 0 },
    { 0x508, 0x508, 2, 465, 1 },
    { 0x509, 0x509, 0, 0, 0 },
    { 0x50a, 0x50a, 2, 466, 1 },
    { 0x50b, 0x50b, 0, 0, 0 },
    { 0x50c, 0x50c, 2, 467, 1 },
    { 0x50d, 0x50d, 0, 0, 0 },
    { 0x50e, 0x50e, 2, 468, 1 },
    { 0x50f, 0x50f, 0, 0, 0 },
    { 0x510, 0x510, 2, 469, 1 },
    { 0x511, 0x511, 0, 0, 0 },
    { 0x512, 0x512, 2, 470, 1 },
    { 0x513, 0x513, 0, 0, 0 },
    { 0x514, 0x514, 2, 471, 1 },
    { 0x515, 0x515, 0, 0, 0 },
    { 0x516, 0x516, 2, 472, 1 },
    { 0x517, 0x517, 0, 0, 0 },
    { 0x518, 0x518, 2, 473, 1 },
    { 0x519, 0x519, 0, 0, 0 },
    { 0x51a, 0x51a, 2, 474, 1 },
    { 0x51b, 0x51b, 0, 0, 0 },
    { 0x51c, 0x51c, 2, 475, 1 },
    { 0x51d, 0x51d, 0, 0, 0 },
    { 0x51e, 0x51e, 2, 476, 1 },
    { 0x51f, 0x51f, 0, 0, 0 },
    { 0x520, 0x520, 2, 477, 1 },
    { 0x521, 0x521, 0, 0, 0 },
    { 0x522, 0x522, 2, 478, 1 },
    { 0x523, 0x523, 0, 0, 0 },
    { 0x524, 0x524, 2, 479, 1 },
    { 0x525, 0x525, 0, 0, 0 },
    { 0x526, 0x526, 2, 480, 1 },
    { 0x527, 0x527, 0, 0, 0 },
    { 0x528, 0x528, 2, 481, 1 },
    { 0x529, 0x529, 0, 0, 0 },
    { 0x52a, 0x52a, 2, 482, 1 },
    { 0x52b, 0x52b, 0, 0, 0 },
    { 0x52c, 0x52c, 2, 483, 1 },
    { 0x52d, 0x52d, 0, 0, 0 },
    { 0x52e, 0x52e, 2, 484, 1 },
    { 0x52f, 0x52f, 0, 0, 0 },
    { 0x530, 0x530, 3, 0, 0 },
    { 0x531, 0x531, 2, 485, 1 },
    { 0x532, 0x532, 2, 486, 1 },
    { 0x533, 0x533, 2, 487, 1 },
    { 0x534, 0x534, 2, 488, 1 },
    { 0x535, 0x535, 2, 489, 1 },
    { 0x536, 0x536, 2, 490, 1 },
    { 0x537, 0x537, 2, 491, 1 },
    { 0x538, 0x538, 2, 492, 1 },
    { 0x539, 0x539, 2, 493, 1 },
    { 0x53a, 0x53a, 2, 494, 1 },
    { 0x53b, 0x53b, 2, 495, 1 },
    { 0x53c, 0x53c, 2, 496, 1 },
    { 0x53d, 0x53d, 2, 497, 1 },
    { 0x53e, 0x53e, 2, 498, 1 },
    { 0x53f, 0x53f, 2, 499, 1 },
    { 0x540, 0x540, 2, 500, 1 },
    { 0x541, 0x541, 2, 501, 1 },
    { 0x542, 0x542, 2, 502, 1 },
    { 0x543, 0x543, 2, 503, 1 },
    { 0x544, 0x544, 2, 504, 1 },
    { 0x545, 0x545, 2, 505, 1 },
    { 0x546, 0x546, 2, 506, 1 },
    { 0x547, 0x547, 2, 507, 1 },
    { 0x548, 0x548, 2, 508, 1 },
    { 0x549, 0x549, 2, 509, 1 },
    { 0x54a, 0x54a, 2, 510, 1 },
    { 0x54b, 0x54b, 2, 511, 1 },
    { 0x54c, 0x54c, 2, 512, 1 },
    { 0x54d, 0x54d, 2, 513, 1 },
    { 0x54e, 0x54e, 2, 514, 1 },
    { 0x54f, 0x54f, 2, 515, 1 },
    { 0x550, 0x550, 2, 516, 1 },
    { 0x551, 0x551, 2, 517, 1 },
    { 0x552, 0x552, 2, 518, 1 },
    { 0x553, 0x553, 2, 519, 1 },
    { 0x554, 0x554, 2, 520, 1 },
    { 0x555, 0x555, 2, 521, 1 },
    { 0x556, 0x556, 2, 522, 1 },
    { 0x557, 0x558, 3, 0, 0 },
    { 0x559, 0x586, 0, 0, 0 },
    { 0x587, 0x587, 2, 523, 2 },
    { 0x588, 0x58a, 0, 0, 0 },
    { 0x58b, 0x58c, 3, 0, 0 },
    { 0x58d, 0x58f, 0, 0, 0 },
    { 0x590, 0x590, 3, 0, 0 },
    { 0x591, 0x5c7, 0, 0, 0 },
    { 0x5c8, 0x5cf, 3, 0, 0 },
    { 0x5d0, 0x5ea, 0, 0, 0 },
    { 0x5eb, 0x5ee, 3, 0, 0 },
    { 0x5ef, 0x5f4, 0, 0, 0 },
    { 0x5f5, 0x605, 3, 0, 0 },
    { 0x606, 0x61b, 0, 0, 0 },
    { 0x61c, 0x61c, 3, 0, 0 },
    { 0x61d, 0x674, 0, 0, 0 },
    { 0x675, 0x675, 2, 525, 2 },
    { 0x676, 0x676, 2, 527, 2 },
    { 0x677, 0x677, 2, 529, 2 },
    { 0x678, 0x678, 2, 531, 2 },
    { 0x679, 0x6dc, 0, 0, 0 },
    { 0x6dd, 0x6dd, 3, 0, 0 },
    { 0x6de, 0x70d, 0, 0, 0 },
    { 0x70e, 0x70f, 3, 0, 0 },
    { 0x710, 0x74a, 0, 0, 0 },
    { 0x74b, 0x74c, 3, 0, 0 },
    { 0x74d, 0x7b1, 0, 0, 0 },
    { 0x7b2, 0x7bf, 3, 0, 0 },
    { 0x7c0, 0x7fa, 0, 0, 0 },
    { 0x7fb, 0x7fc, 3, 0, 0 },
    { 0x7fd, 0x82d, 0, 0, 0 },
    { 0x82e, 0x82f, 3, 0, 0 },
    { 0x830, 0x83e, 0, 0, 0 },
    { 0x83f, 0x83f, 3, 0, 0 },
    { 0x840, 0x85b, 0, 0, 0 },
    { 0x85c, 0x85d, 3, 0, 0 },
    { 0x85e, 0x85e, 0, 0, 0 },
    { 0x85f, 0x85f, 3, 0, 0 },
    { 0x860, 0x86a, 0, 0, 0 },
    { 0x86b, 0x86f, 3, 0, 0 },
    { 0x870, 0x88f, 0, 0, 0 },
    { 0x890, 0x896, 3, 0, 0 },
    { 0x897, 0x8e1, 0, 0, 0 },
    { 0x8e2, 0x8e2, 3, 0, 0 },
    { 0x8e3, 0x957, 0, 0, 0 },
    { 0x958, 0x958, 2, 533, 2 },
    { 0x959, 0x959, 2, 535, 2 },
    { 0x95a, 0x95a, 2, 537, 2 },
    { 0x95b, 0x95b, 2, 539, 2 },
    { 0x95c, 0x95c, 2, 541, 2 },
    { 0x95d, 0x95d, 2, 543, 2 },
    { 0x95e, 0x95e, 2, 545, 2 },
    { 0x95f, 0x95f, 2, 547, 2 },
    { 0x960, 0x983, 0, 0, 0 },
    { 0x984, 0x984, 3, 0, 0 },
    { 0x985, 0x98c, 0, 0, 0 },
    { 0x98d, 0x98e, 3, 0, 0 },
    { 0x98f, 0x990, 0, 0, 0 },
    { 0x991, 0x992, 3, 0, 0 },
    { 0x993, 0x9a8, 0, 0, 0 },
    { 0x9a9, 0x9a9, 3, 0, 0 },
    { 0x9aa, 0x9b0, 0, 0, 0 },
    { 0x9b1, 0x9b1, 3, 0, 0 },
    { 0x9b2, 0x9b2, 0, 0, 0 },
    { 0x9b3, 0x9b5, 3, 0, 0 },
    { 0x9b6, 0x9b9, 0, 0, 0 },
    { 0x9ba, 0x9bb, 3, 0, 0 },
    { 0x9bc, 0x9c4, 0, 0, 0 },
    { 0x9c5, 0x9c6, 3, 0, 0 },
    { 0x9c7, 0x9c8, 0, 0, 0 },
    { 0x9c9, 0x9ca, 3, 0, 0 },
    { 0x9cb, 0x9ce, 0, 0, 0 },
    { 0x9cf, 0x9d6, 3, 0, 0 },
    { 0x9d7, 0x9d7, 0, 0, 0 },
    { 0x9d8, 0x9db, 3, 0, 0 },
    { 0x9dc, 0x9dc, 2, 549, 2 },
    { 0x9dd, 0x9dd, 2, 551, 2 },
    { 0x9de, 0x9de, 3, 0, 0 },
    { 0x9df, 0x9df, 2, 553, 2 },
    { 0x9e0, 0x9e3, 0, 0, 0 },
    { 0x9e4, 0x9e5, 3, 0, 0 },
    { 0x9e6, 0x9fe, 0, 0, 0 },
    { 0x9ff, 0xa00, 3, 0, 0 },
    { 0xa01, 0xa03, 0, 0, 0 },
    { 0xa04, 0xa04, 3, 0, 0 },
    { 0xa05, 0xa0a, 0, 0, 0 },
    { 0xa0b, 0xa0e, 3, 0, 0 },
    { 0xa0f, 0xa10, 0, 0, 0 },
    { 0xa11, 0xa12, 3, 0, 0 },
    { 0xa13, 0xa28, 0, 0, 0 },
    { 0xa29, 0xa29, 3, 0, 0 },
    { 0xa2a, 0xa30, 0, 0, 0 },
    { 0xa31, 0xa31, 3, 0, 0 },
    { 0xa32, 0xa32, 0, 0, 0 },
    { 0xa33, 0xa33, 2, 555, 2 },
    { 0xa34, 0xa34, 3, 0, 0 },
    { 0xa35, 0xa35, 0, 0, 0 },
    { 0xa36, 0xa36, 2, 557, 2 },
    { 0xa37, 0xa37, 3, 0, 0 },
    { 0xa38, 0xa39, 0, 0, 0 },
    { 0xa3a, 0xa3b, 3, 0, 0 },
    { 0xa3c, 0xa3c, 0, 0, 0 },
    { 0xa3d, 0xa3d, 3, 0, 0 },
    { 0xa3e, 0xa42, 0, 0, 0 },
    { 0xa43, 0xa46, 3, 0, 0 },
    { 0xa47, 0xa48, 0, 0, 0 },
    { 0xa49, 0xa4a, 3, 0, 0 },
    { 0xa4b, 0xa4d, 0, 0, 0 },
    { 0xa4e, 0xa50, 3, 0, 0 },
    { 0xa51, 0xa51, 0, 0, 0 },
    { 0xa52, 0xa58, 3, 0, 0 },
    { 0xa59, 0xa59, 2, 559, 2 },
    { 0xa5a, 0xa5a, 2, 561, 2 },
    { 0xa5b, 0xa5b, 2, 563, 2 },
    { 0xa5c, 0xa5c, 0, 0, 0 },
    { 0xa5d, 0xa5d, 3, 0, 0 },
    { 0xa5e, 0xa5e, 2, 565, 2 },
    { 0xa5f, 0xa65, 3, 0, 0 },
    { 0xa66, 0xa76, 0, 0, 0 },
    { 0xa77, 0xa80, 3, 0, 0 },
    { 0xa81, 0xa83, 0, 0, 0 },
    { 0xa84, 0xa84, 3, 0, 0 },
    { 0xa85, 0xa8d, 0, 0, 0 },
    { 0xa8e, 0xa8e, 3, 0, 0 },
    { 0xa8f, 0xa91, 0, 0, 0 },
    { 0xa92, 0xa92, 3, 0, 0 },
    { 0xa93, 0xaa8, 0, 0, 0 },
    { 0xaa9, 0xaa9, 3, 0, 0 },
    { 0xaaa, 0xab0, 0, 0, 0 },
    { 0xab1, 0xab1, 3, 0, 0 },
    { 0xab2, 0xab3, 0, 0, 0 },
    { 0xab4, 0xab4, 3, 0, 0 },
    { 0xab5, 0xab9, 0, 0, 0 },
    { 0xaba, 0xabb, 3, 0, 0 },
    { 0xabc, 0xac5, 0, 0, 0 },
    { 0xac6, 0xac6, 3, 0, 0 },
    { 0xac7, 0xac9, 0, 0, 0 },
    { 0xaca, 0xaca, 3, 0, 0 },
    { 0xacb, 0xacd, 0, 0, 0 },
    { 0xace, 0xacf, 3, 0, 0 },
    { 0xad0, 0xad0, 0, 0, 0 },
    { 0xad1, 0xadf, 3, 0, 0 },
    { 0xae0, 0xae3, 0, 0, 0 },
    { 0xae4, 0xae5, 3, 0, 0 },
    { 0xae6, 0xaf1, 0, 0, 0 },
    { 0xaf2, 0xaf8, 3, 0, 0 },
    { 0xaf9, 0xaff, 0, 0, 0 },
    { 0xb00, 0xb00, 3, 0, 0 },
    { 0xb01, 0xb03, 0, 0, 0 },
    { 0xb04, 0xb04, 3, 0, 0 },
    { 0xb05, 0xb0c, 0, 0, 0 },
    { 0xb0d, 0xb0e, 3, 0, 0 },
    { 0xb0f, 0xb10, 0, 0, 0 },
    { 0xb11, 0xb12, 3, 0, 0 },
    { 0xb13, 0xb28, 0, 0, 0 },
    { 0xb29, 0xb29, 3, 0, 0 },
    { 0xb2a, 0xb30, 0, 0, 0 },
    { 0xb31, 0xb31, 3, 0, 0 },
    { 0xb32, 0xb33, 0, 0, 0 },
    { 0xb34, 0xb34, 3, 0, 0 },
    { 0xb35, 0xb39, 0, 0, 0 },
    { 0xb3a, 0xb3b, 3, 0, 0 },
    { 0xb3c, 0xb44, 0, 0, 0 },
    { 0xb45, 0xb46, 3, 0, 0 },
    { 0xb47, 0xb48, 0, 0, 0 },
    { 0xb49, 0xb4a, 3, 0, 0 },
    { 0xb4b, 0xb4d, 0, 0, 0 },
    { 0xb4e, 0xb54, 3, 0, 0 },
    { 0xb55, 0xb57, 0, 0, 0 },
    { 0xb58, 0xb5b, 3, 0, 0 },
    { 0xb5c, 0xb5c, 2, 567, 2 },
    { 0xb5d, 0xb5d, 2, 569, 2 },
    { 0xb5e, 0xb5e, 3, 0, 0 },
    { 0xb5f, 0xb63, 0, 0, 0 },
    { 0xb64, 0xb65, 3, 0, 0 },
    { 0xb66, 0xb77, 0, 0, 0 },
    { 0xb78, 0xb81, 3, 0, 0 },
    { 0xb82, 0xb83, 0, 0, 0 },
    { 0xb84, 0xb84, 3, 0, 0 },
    { 0xb85, 0xb8a, 0, 0, 0 },
    { 0xb8b, 0xb8d, 3, 0, 0 },
    { 0xb8e, 0xb90, 0, 0, 0 },
    { 0xb91, 0xb91, 3, 0, 0 },
    { 0xb92, 0xb95, 0, 0, 0 },
    { 0xb96, 0xb98, 3, 0, 0 },
    { 0xb99, 0xb9a, 0, 0, 0 },
    { 0xb9b, 0xb9b, 3, 0, 0 },
    { 0xb9c, 0xb9c, 0, 0, 0 },
    { 0xb9d, 0xb9d, 3, 0, 0 },
    { 0xb9e, 0xb9f, 0, 0, 0 },
    { 0xba0, 0xba2, 3, 0, 0 },
    { 0xba3, 0xba4, 0, 0, 0 },
    { 0xba5, 0xba7, 3, 0, 0 },
    { 0xba8, 0xbaa, 0, 0, 0 },
    { 0xbab, 0xbad, 3, 0, 0 },
    { 0xbae, 0xbb9, 0, 0, 0 },
    { 0xbba, 0xbbd, 3, 0, 0 },
    { 0xbbe, 0xbc2, 0, 0, 0 },
    { 0xbc3, 0xbc5, 3, 0, 0 },
    { 0xbc6, 0xbc8, 0, 0, 0 },
    { 0xbc9, 0xbc9, 3, 0, 0 },
    { 0xbca, 0xbcd, 0, 0, 0 },
    { 0xbce, 0xbcf, 3, 0, 0 },
    { 0xbd0, 0xbd0, 0, 0, 0 },
    { 0xbd1, 0xbd6, 3, 0, 0 },
    { 0xbd7, 0xbd7, 0, 0, 0 },
    { 0xbd8, 0xbe5, 3, 0, 0 },
    { 0xbe6, 0xbfa, 0, 0, 0 },
    { 0xbfb, 0xbff, 3, 0, 0 },
    { 0xc00, 0xc0c, 0, 0, 0 },
    { 0xc0d, 0xc0d, 3, 0, 0 },
    { 0xc0e, 0xc10, 0, 0, 0 },
    { 0xc11, 0xc11, 3, 0, 0 },
    { 0xc12, 0xc28, 0, 0, 0 },
    { 0xc29, 0xc29, 3, 0, 0 },
    { 0xc2a, 0xc39, 0, 0, 0 },
    { 0xc3a, 0xc3b, 3, 0, 0 },
    { 0xc3c, 0xc44, 0, 0, 0 },
    { 0xc45, 0xc45, 3, 0, 0 },
    { 0xc46, 0xc48, 0, 0, 0 },
    { 0xc49, 0xc49, 3, 0, 0 },
    { 0xc4a, 0xc4d, 0, 0, 0 },
    { 0xc4e, 0xc54, 3, 0, 0 },
    { 0xc55, 0xc56, 0, 0, 0 },
    { 0xc57, 0xc57, 3, 0, 0 },
    { 0xc58, 0xc5a, 0, 0, 0 },
    { 0xc5b, 0xc5b, 3, 0, 0 },
    { 0xc5c, 0xc5d, 0, 0, 0 },
    { 0xc5e, 0xc5f, 3, 0, 0 },
    { 0xc60, 0xc63, 0, 0, 0 },
    { 0xc64, 0xc65, 3, 0, 0 },
    { 0xc66, 0xc6f, 0, 0, 0 },
    { 0xc70, 0xc76, 3, 0, 0 },
    { 0xc77, 0xc8c, 0, 0, 0 },
    { 0xc8d, 0xc8d, 3, 0, 0 },
    { 0xc8e, 0xc90, 0, 0, 0 },
    { 0xc91, 0xc91, 3, 0, 0 },
    { 0xc92, 0xca8, 0, 0, 0 },
    { 0xca9, 0xca9, 3, 0, 0 },
    { 0xcaa, 0xcb3, 0, 0, 0 },
    { 0xcb4, 0xcb4, 3, 0, 0 },
    { 0xcb5, 0xcb9, 0, 0, 0 },
    { 0xcba, 0xcbb, 3, 0, 0 },
    { 0xcbc, 0xcc4, 0, 0, 0 },
    { 0xcc5, 0xcc5, 3, 0, 0 },
    { 0xcc6, 0xcc8, 0, 0, 0 },
    { 0xcc9, 0xcc9, 3, 0, 0 },
    { 0xcca, 0xccd, 0, 0, 0 },
    { 0xcce, 0xcd4, 3, 0, 0 },
    { 0xcd5, 0xcd6, 0, 0, 0 },
    { 0xcd7, 0xcdb, 3, 0, 0 },
    { 0xcdc, 0xcde, 0, 0, 0 },
    { 0xcdf, 0xcdf, 3, 0, 0 },
    { 0xce0, 0xce3, 0, 0, 0 },
    { 0xce4, 0xce5, 3, 0, 0 },
    { 0xce6, 0xcef, 0, 0, 0 },
    { 0xcf0, 0xcf0, 3, 0, 0 },
    { 0xcf1, 0xcf3, 0, 0, 0 },
    { 0xcf4, 0xcff, 3, 0, 0 },
    { 0xd00, 0xd0c, 0, 0, 0 },
    { 0xd0d, 0xd0d, 3, 0, 0 },
    { 0xd0e, 0xd10, 0, 0, 0 },
    { 0xd11, 0xd11, 3, 0, 0 },
    { 0xd12, 0xd44, 0, 0, 0 },
    { 0xd45, 0xd45, 3, 0, 0 },
    { 0xd46, 0xd48, 0, 0, 0 },
    { 0xd49, 0xd49, 3, 0, 0 },
    { 0xd4a, 0xd4f, 0, 0, 0 },
    { 0xd50, 0xd53, 3, 0, 0 },
    { 0xd54, 0xd63, 0, 0, 0 },
    { 0xd64, 0xd65, 3, 0, 0 },
    { 0xd66, 0xd7f, 0, 0, 0 },
    { 0xd80, 0xd80, 3, 0, 0 },
    { 0xd81, 0xd83, 0, 0, 0 },
    { 0xd84, 0xd84, 3, 0, 0 },
    { 0xd85, 0xd96, 0, 0, 0 },
    { 0xd97, 0xd99, 3, 0, 0 },
    { 0xd9a, 0xdb1, 0, 0, 0 },
    { 0xdb2, 0xdb2, 3, 0, 0 },
    { 0xdb3, 0xdbb, 0, 0, 0 },
    { 0xdbc, 0xdbc, 3, 0, 0 },
    { 0xdbd, 0xdbd, 0, 0, 0 },
    { 0xdbe, 0xdbf, 3, 0, 0 },
    { 0xdc0, 0xdc6, 0, 0, 0 },
    { 0xdc7, 0xdc9, 3, 0, 0 },
    { 0xdca, 0xdca, 0, 0, 0 },
    { 0xdcb, 0xdce, 3, 0, 0 },
    { 0xdcf, 0xdd4, 0, 0, 0 },
    { 0xdd5, 0xdd5, 3, 0, 0 },
    { 0xdd6, 0xdd6, 0, 0, 0 },
    { 0xdd7, 0xdd7, 3, 0, 0 },
    { 0xdd8, 0xddf, 0, 0, 0 },
    { 0xde0, 0xde5, 3, 0, 0 },
    { 0xde6, 0xdef, 0, 0, 0 },
    { 0xdf0, 0xdf1, 3, 0, 0 },
    { 0xdf2, 0xdf4, 0, 0, 0 },
    { 0xdf5, 0xe00, 3, 0, 0 },
    { 0xe01, 0xe32, 0, 0, 0 },
    { 0xe33, 0xe33, 2, 571, 2 },
    { 0xe34, 0xe3a, 0, 0, 0 },
    { 0xe3b, 0xe3e, 3, 0, 0 },
    { 0xe3f, 0xe5b, 0, 0, 0 },
    { 0xe5c, 0xe80, 3, 0, 0 },
    { 0xe81, 0xe82, 0, 0, 0 },
    { 0xe83, 0xe83, 3, 0, 0 },
    { 0xe84, 0xe84, 0, 0, 0 },
    { 0xe85, 0xe85, 3, 0, 0 },
    { 0xe86, 0xe8a, 0, 0, 0 },
    { 0xe8b, 0xe8b, 3, 0, 0 },
    { 0xe8c, 0xea3, 0, 0, 0 },
    { 0xea4, 0xea4, 3, 0, 0 },
    { 0xea5, 0xea5, 0, 0, 0 },
    { 0xea6, 0xea6, 3, 0, 0 },
    { 0xea7, 0xeb2, 0, 0, 0 },
    { 0xeb3, 0xeb3, 2, 573, 2 },
    { 0xeb4, 0xebd, 0, 0, 0 },
    { 0xebe, 0xebf, 3, 0, 0 },
    { 0xec0, 0xec4, 0, 0, 0 },
    { 0xec5, 0xec5, 3, 0, 0 },
    { 0xec6, 0xec6, 0, 0, 0 },
    { 0xec7, 0xec7, 3, 0, 0 },
    { 0xec8, 0xece, 0, 0, 0 },
    { 0xecf, 0xecf, 3, 0, 0 },
    { 0xed0, 0xed9, 0, 0, 0 },
    { 0xeda, 0xedb, 3, 0, 0 },
    { 0xedc, 0xedc, 2, 575, 2 },
    { 0xedd, 0xedd, 2, 577, 2 },
    { 0xede, 0xedf, 0, 0, 0 },
    { 0xee0, 0xeff, 3, 0, 0 },
    { 0xf00, 0xf0b, 0, 0, 0 },
    { 0xf0c, 0xf0c, 2, 579, 1 },
    { 0xf0d, 0xf42, 0, 0, 0 },
    { 0xf43, 0xf43, 2, 580, 2 },
    { 0xf44, 0xf47, 0, 0, 0 },
    { 0xf48, 0xf48, 3, 0, 0 },
    { 0xf49, 0xf4c, 0, 0, 0 },
    { 0xf4d, 0xf4d, 2, 582, 2 },
    { 0xf4e, 0xf51, 0, 0, 0 },
    { 0xf52, 0xf52, 2, 584, 2 },
    { 0xf53, 0xf56, 0, 0, 0 },
    { 0xf57, 0xf57, 2, 586, 2 },
    { 0xf58, 0xf5b, 0, 0, 0 },
    { 0xf5c, 0xf5c, 2, 588, 2 },
    { 0xf5d, 0xf68, 0, 0, 0 },
    { 0xf69, 0xf69, 2, 590, 2 },
    { 0xf6a, 0xf6c, 0, 0, 0 },
    { 0xf6d, 0xf70, 3, 0, 0 },
    { 0xf71, 0xf72, 0, 0, 0 },
    { 0xf73, 0xf73, 2, 592, 2 },
    { 0xf74, 0xf74, 0, 0, 0 },
    { 0xf75, 0xf75, 2, 594, 2 },
    { 0xf76, 0xf76, 2, 596, 2 },
    { 0xf77, 0xf77, 2, 598, 3 },
    { 0xf78, 0xf78, 2, 601, 2 },
    { 0xf79, 0xf79, 2, 603, 3 },
    { 0xf7a, 0xf80, 0, 0, 0 },
    { 0xf81, 0xf81, 2, 606, 2 },
    { 0xf82, 0xf92, 0, 0, 0 },
    { 0xf93, 0xf93, 2, 608, 2 },
    { 0xf94, 0xf97, 0, 0, 0 },
    { 0xf98, 0xf98, 3, 0, 0 },
    { 0xf99, 0xf9c, 0, 0, 0 },
    { 0xf9d, 0xf9d, 2, 610, 2 },
    { 0xf9e, 0xfa1, 0, 0, 0 },
    { 0xfa2, 0xfa2, 2, 612, 2 },
    { 0xfa3, 0xfa6, 0, 0, 0 },
    { 0xfa7, 0xfa7, 2, 614, 2 },
    { 0xfa8, 0xfab, 0, 0, 0 },
    { 0xfac, 0xfac, 2, 616, 2 },
    { 0xfad, 0xfb8, 0, 0, 0 },
    { 0xfb9, 0xfb9, 2, 618, 2 },
    { 0xfba, 0xfbc, 0, 0, 0 },
    { 0xfbd, 0xfbd, 3, 0, 0 },
    { 0xfbe, 0xfcc, 0, 0, 0 },
    { 0xfcd, 0xfcd, 3, 0, 0 },
    { 0xfce, 0xfda, 0, 0, 0 },
    { 0xfdb, 0xfff, 3, 0, 0 },
    { 0x1000, 0x109f, 0, 0, 0 },
    { 0x10a0, 0x10a0, 2, 620, 1 },
    { 0x10a1, 0x10a1, 2, 621, 1 },
    { 0x10a2, 0x10a2, 2, 622, 1 },
    { 0x10a3, 0x10a3, 2, 623, 1 },
    { 0x10a4, 0x10a4, 2, 624, 1 },
    { 0x10a5, 0x10a5, 2, 625, 1 },
    { 0x10a6, 0x10a6, 2, 626, 1 },
    { 0x10a7, 0x10a7, 2, 627, 1 },
    { 0x10a8, 0x10a8, 2, 628, 1 },
    { 0x10a9, 0x10a9, 2, 629, 1 },
    { 0x10aa, 0x10aa, 2, 630, 1 },
    { 0x10ab, 0x10ab, 2, 631, 1 },
    { 0x10ac, 0x10ac, 2, 632, 1 },
    { 0x10ad, 0x10ad, 2, 633, 1 },
    { 0x10ae, 0x10ae, 2, 634, 1 },
    { 0x10af, 0x10af, 2, 635, 1 },
    { 0x10b0, 0x10b0, 2, 636, 1 },
    { 0x10b1, 0x10b1, 2, 637, 1 },
    { 0x10b2, 0x10b2, 2, 638, 1 },
    { 0x10b3, 0x10b3, 2, 639, 1 },
    { 0x10b4, 0x10b4, 2, 640, 1 },
    { 0x10b5, 0x10b5, 2, 641, 1 },
    { 0x10b6, 0x10b6, 2, 642, 1 },
    { 0x10b7, 0x10b7, 2, 643, 1 },
    { 0x10b8, 0x10b8, 2, 644, 1 },
    { 0x10b9, 0x10b9, 2, 645, 1 },
    { 0x10ba, 0x10ba, 2, 646, 1 },
    { 0x10bb, 0x10bb, 2, 647, 1 },
    { 0x10bc, 0x10bc, 2, 648, 1 },
    { 0x10bd, 0x10bd, 2, 649, 1 },
    { 0x10be, 0x10be, 2, 650, 1 },
    { 0x10bf, 0x10bf, 2, 651, 1 },
    { 0x10c0, 0x10c0, 2, 652, 1 },
    { 0x10c1, 0x10c1, 2, 653, 1 },
    { 0x10c2, 0x10c2, 2, 654, 1 },
    { 0x10c3, 0x10c3, 2, 655, 1 },
    { 0x10c4, 0x10c4, 2, 656, 1 },
    { 0x10c5, 0x10c5, 2, 657, 1 },
    { 0x10c6, 0x10c6, 3, 0, 0 },
    { 0x10c7, 0x10c7, 2, 658, 1 },
    { 0x10c8, 0x10cc, 3, 0, 0 },
    { 0x10cd, 0x10cd, 2, 659, 1 },
    { 0x10ce, 0x10cf, 3, 0, 0 },
    { 0x10d0, 0x10fb, 0, 0, 0 },
    { 0x10fc, 0x10fc, 2, 660, 1 },
    { 0x10fd, 0x115e, 0, 0, 0 },
    { 0x115f, 0x1160, 1, 0, 0 },
    { 0x1161, 0x1248, 0, 0, 0 },
    { 0x1249, 0x1249, 3, 0, 0 },
    { 0x124a, 0x124d, 0, 0, 0 },
    { 0x124e, 0x124f, 3, 0, 0 },
    { 0x1250, 0x1256, 0, 0, 0 },
    { 0x1257, 0x1257, 3, 0, 0 },
    { 0x1258, 0x1258, 0, 0, 0 },
    { 0x1259, 0x1259, 3, 0, 0 },
    { 0x125a, 0x125d, 0, 0, 0 },
    { 0x125e, 0x125f, 3, 0, 0 },
    { 0x1260, 0x1288, 0, 0, 0 },
    { 0x1289, 0x1289, 3, 0, 0 },
    { 0x128a, 0x128d, 0, 0, 0 },
    { 0x128e, 0x128f, 3, 0, 0 },
    { 0x1290, 0x12b0, 0, 0, 0 },
    { 0x12b1, 0x12b1, 3, 0, 0 },
    { 0x12b2, 0x12b5, 0, 0, 0 },
    { 0x12b6, 0x12b7, 3, 0, 0 },
    { 0x12b8, 0x12be, 0, 0, 0 },
    { 0x12bf, 0x12bf, 3, 0, 0 },
    { 0x12c0, 0x12c0, 0, 0, 0 },
    { 0x12c1, 0x12c1, 3, 0, 0 },
    { 0x12c2, 0x12c5, 0, 0, 0 },
    { 0x12c6, 0x12c7, 3, 0, 0 },
    { 0x12c8, 0x12d6, 0, 0, 0 },
    { 0x12d7, 0x12d7, 3, 0, 0 },
    { 0x12d8, 0x1310, 0, 0, 0 },
    { 0x1311, 0x1311, 3, 0, 0 },
    { 0x1312, 0x1315, 0, 0, 0 },
    { 0x1316, 0x1317, 3, 0, 0 },
    { 0x1318, 0x135a, 0, 0, 0 },
    { 0x135b, 0x135c, 3, 0, 0 },
    { 0x135d, 0x137c, 0, 0, 0 },
    { 0x137d, 0x137f, 3, 0, 0 },
    { 0x1380, 0x1399, 0, 0, 0 },
    { 0x139a, 0x139f, 3, 0, 0 },
    { 0x13a0, 0x13f5, 0, 0, 0 },
    { 0x13f6, 0x13f7, 3, 0, 0 },
    { 0x13f8, 0x13f8, 2, 661, 1 },
    { 0x13f9, 0x13f9, 2, 662, 1 },
    { 0x13fa, 0x13fa, 2, 663, 1 },
    { 0x13fb, 0x13fb, 2, 664, 1 },
    { 0x13fc, 0x13fc, 2, 665, 1 },
    { 0x13fd, 0x13fd, 2, 666, 1 },
    { 0x13fe, 0x13ff, 3, 0, 0 },
    { 0x1400, 0x167f, 0, 0, 0 },
    { 0x1680, 0x1680, 3, 0, 0 },
    { 0x1681, 0x169c, 0, 0, 0 },
    { 0x169d, 0x169f, 3, 0, 0 },
    { 0x16a0, 0x16f8, 0, 0, 0 },
    { 0x16f9, 0x16ff, 3, 0, 0 },
    { 0x1700, 0x1715, 0, 0, 0 },
    { 0x1716, 0x171e, 3, 0, 0 },
    { 0x171f, 0x1736, 0, 0, 0 },
    { 0x1737, 0x173f, 3, 0, 0 },
    { 0x1740, 0x1753, 0, 0, 0 },
    { 0x1754, 0x175f, 3, 0, 0 },
    { 0x1760, 0x176c, 0, 0, 0 },
    { 0x176d, 0x176d, 3, 0, 0 },
    { 0x176e, 0x1770, 0, 0, 0 },
    { 0x1771, 0x1771, 3, 0, 0 },
    { 0x1772, 0x1773, 0, 0, 0 },
    { 0x1774, 0x177f, 3, 0, 0 },
    { 0x1780, 0x17b3, 0, 0, 0 },
    { 0x17b4, 0x17b5, 1, 0, 0 },
    { 0x17b6, 0x17dd, 0, 0, 0 },
    { 0x17de, 0x17df, 3, 0, 0 },
    { 0x17e0, 0x17e9, 0, 0, 0 },
    { 0x17ea, 0x17ef, 3, 0, 0 },
    { 0x17f0, 0x17f9, 0, 0, 0 },
    { 0x17fa, 0x17ff, 3, 0, 0 },
    { 0x1800, 0x180a, 0, 0, 0 },
    { 0x180b, 0x180f, 1, 0, 0 },
    { 0x1810, 0x1819, 0, 0, 0 },
    { 0x181a, 0x181f, 3, 0, 0 },
    { 0x1820, 0x1878, 0, 0, 0 },
    { 0x1879, 0x187f, 3, 0, 0 },
    { 0x1880, 0x18aa, 0, 0, 0 },
    { 0x18ab, 0x18af, 3, 0, 0 },
    { 0x18b0, 0x18f5, 0, 0, 0 },
    { 0x18f6, 0x18ff, 3, 0, 0 },
    { 0x1900, 0x191e, 0, 0, 0 },
    { 0x191f, 0x191f, 3, 0, 0 },
    { 0x1920, 0x192b, 0, 0, 0 },
    { 0x192c, 0x192f, 3, 0, 0 },
    { 0x1930, 0x193b, 0, 0, 0 },
    { 0x193c, 0x193f, 3, 0, 0 },
    { 0x1940, 0x1940, 0, 0, 0 },
    { 0x1941, 0x1943, 3, 0, 0 },
    { 0x1944, 0x196d, 0, 0, 0 },
    { 0x196e, 0x196f, 3, 0, 0 },
    { 0x1970, 0x1974, 0, 0, 0 },
    { 0x1975, 0x197f, 3, 0, 0 },
    { 0x1980, 0x19ab, 0, 0, 0 },
    { 0x19ac, 0x19af, 3, 0, 0 },
    { 0x19b0, 0x19c9, 0, 0, 0 },
    { 0x19ca, 0x19cf, 3, 0, 0 },
    { 0x19d0, 0x19da, 0, 0, 0 },
    { 0x19db, 0x19dd, 3, 0, 0 },
    { 0x19de, 0x1a1b, 0, 0, 0 },
    { 0x1a1c, 0x1a1d, 3, 0, 0 },
    { 0x1a1e, 0x1a5e, 0, 0, 0 },
    { 0x1a5f, 0x1a5f, 3, 0, 0 },
    { 0x1a60, 0x1a7c, 0, 0, 0 },
    { 0x1a7d, 0x1a7e, 3, 0, 0 },
    { 0x1a7f, 0x1a89, 0, 0, 0 },
    { 0x1a8a, 0x1a8f, 3, 0, 0 },
    { 0x1a90, 0x1a99, 0, 0, 0 },
    { 0x1a9a, 0x1a9f, 3, 0, 0 },
    { 0x1aa0, 0x1aad, 0, 0, 0 },
    { 0x1aae, 0x1aaf, 3, 0, 0 },
    { 0x1ab0, 0x1add, 0, 0, 0 },
    { 0x1ade, 0x1adf, 3, 0, 0 },
    { 0x1ae0, 0x1aeb, 0, 0, 0 },
    { 0x1aec, 0x1aff, 3, 0, 0 },
    { 0x1b00, 0x1b4c, 0, 0, 0 },
    { 0x1b4d, 0x1b4d, 3, 0, 0 },
    { 0x1b4e, 0x1bf3, 0, 0, 0 },
    { 0x1bf4, 0x1bfb, 3, 0, 0 },
    { 0x1bfc, 0x1c37, 0, 0, 0 },
    { 0x1c38, 0x1c3a, 3, 0, 0 },
    { 0x1c3b, 0x1c49, 0, 0, 0 },
    { 0x1c4a, 0x1c4c, 3, 0, 0 },
    { 0x1c4d, 0x1c7f, 0, 0, 0 },
    { 0x1c80, 0x1c80, 2, 355, 1 },
    { 0x1c81, 0x1c81, 2, 357, 1 },
    { 0x1c82, 0x1c82, 2, 367, 1 },
    { 0x1c83, 0x1c83, 2, 370, 1 },
    { 0x1c84, 0x1c85, 2, 371, 1 },
    { 0x1c86, 0x1c86, 2, 379, 1 },
    { 0x1c87, 0x1c87, 2, 386, 1 },
    { 0x1c88, 0x1c88, 2, 667, 1 },
    { 0x1c89, 0x1c89, 2, 668, 1 },
    { 0x1c8a, 0x1c8a, 0, 0, 0 },
    { 0x1c8b, 0x1c8f, 3, 0, 0 },
    { 0x1c90, 0x1c90, 2, 669, 1 },
    { 0x1c91, 0x1c91, 2, 670, 1 },
    { 0x1c92, 0x1c92, 2, 671, 1 },
    { 0x1c93, 0x1c93, 2, 672, 1 },
    { 0x1c94, 0x1c94, 2, 673, 1 },
    { 0x1c95, 0x1c95, 2, 674, 1 },
    { 0x1c96, 0x1c96, 2, 675, 1 },
    { 0x1c97, 0x1c97, 2, 676, 1 },
    { 0x1c98, 0x1c98, 2, 677, 1 },
    { 0x1c99, 0x1c99, 2, 678, 1 },
    { 0x1c9a, 0x1c9a, 2, 679, 1 },
    { 0x1c9b, 0x1c9b, 2, 680, 1 },
    { 0x1c9c, 0x1c9c, 2, 660, 1 },
    { 0x1c9d, 0x1c9d, 2, 681, 1 },
    { 0x1c9e, 0x1c9e, 2, 682, 1 },
    { 0x1c9f, 0x1c9f, 2, 683, 1 },
    { 0x1ca0, 0x1ca0, 2, 684, 1 },
    { 0x1ca1, 0x1ca1, 2, 685, 1 },
    { 0x1ca2, 0x1ca2, 2, 686, 1 },
    { 0x1ca3, 0x1ca3, 2, 687, 1 },
    { 0x1ca4, 0x1ca4, 2, 688, 1 },
    { 0x1ca5, 0x1ca5, 2, 689, 1 },
    { 0x1ca6, 0x1ca6, 2, 690, 1 },
    { 0x1ca7, 0x1ca7, 2, 691, 1 },
    { 0x1ca8, 0x1ca8, 2, 692, 1 },
    { 0x1ca9, 0x1ca9, 2, 693, 1 },
    { 0x1caa, 0x1caa, 2, 694, 1 },
    { 0x1cab, 0x1cab, 2, 695, 1 },
    { 0x1cac, 0x1cac, 2, 696, 1 },
    { 0x1cad, 0x1cad, 2, 697, 1 },
    { 0x1cae, 0x1cae, 2, 698, 1 },
    { 0x1caf, 0x1caf, 2, 699, 1 },
    { 0x1cb0, 0x1cb0, 2, 700, 1 },
    { 0x1cb1, 0x1cb1, 2, 701, 1 },
    { 0x1cb2, 0x1cb2, 2, 702, 1 },
    { 0x1cb3, 0x1cb3, 2, 703, 1 },
    { 0x1cb4, 0x1cb4, 2, 704, 1 },
    { 0x1cb5, 0x1cb5, 2, 705, 1 },
    { 0x1cb6, 0x1cb6, 2, 706, 1 },
    { 0x1cb7, 0x1cb7, 2, 707, 1 },
    { 0x1cb8, 0x1cb8, 2, 708, 1 },
    { 0x1cb9, 0x1cb9, 2, 709, 1 },
    { 0x1cba, 0x1cba, 2, 710, 1 },
    { 0x1cbb, 0x1cbc, 3, 0, 0 },
    { 0x1cbd, 0x1cbd, 2, 711, 1 },
    { 0x1cbe, 0x1cbe, 2, 712, 1 },
    { 0x1cbf, 0x1cbf, 2, 713, 1 },
    { 0x1cc0, 0x1cc7, 0, 0, 0 },
    { 0x1cc8, 0x1ccf, 3, 0, 0 },
    { 0x1cd0, 0x1cfa, 0, 0, 0 },
    { 0x1cfb, 0x1cff, 3, 0, 0 },
    { 0x1d00, 0x1d2b, 0, 0, 0 },
    { 0x1d2c, 0x1d2c, 2, 0, 1 },
    { 0x1d2d, 0x1d2d, 2, 54, 1 },
    { 0x1d2e, 0x1d2e, 2, 1, 1 },
    { 0x1d2f, 0x1d2f, 0, 0, 0 },
    { 0x1d30, 0x1d30, 2, 3, 1 },
    { 0x1d31, 0x1d31, 2, 4, 1 },
    { 0x1d32, 0x1d32, 2, 154, 1 },
    { 0x1d33, 0x1d33, 2, 6, 1 },
    { 0x1d34, 0x1d34, 2, 7, 1 },
    { 0x1d35, 0x1d35, 2, 8, 1 },
    { 0x1d36, 0x1d36, 2, 9, 1 },
    { 0x1d37, 0x1d37, 2, 10, 1 },
    { 0x1d38, 0x1d38, 2, 11, 1 },
    { 0x1d39, 0x1d39, 2, 12, 1 },
    { 0x1d3a, 0x1d3a, 2, 13, 1 },
    { 0x1d3b, 0x1d3b, 0, 0, 0 },
    { 0x1d3c, 0x1d3c, 2, 14, 1 },
    { 0x1d3d, 0x1d3d, 2, 231, 1 },
    { 0x1d3e, 0x1d3e, 2, 15, 1 },
    { 0x1d3f, 0x1d3f, 2, 17, 1 },
    { 0x1d40, 0x1d40, 2, 19, 1 },
    { 0x1d41, 0x1d41, 2, 20, 1 },
    { 0x1d42, 0x1d42, 2, 22, 1 },
    { 0x1d43, 0x1d43, 2, 0, 1 },
    { 0x1d44, 0x1d44, 2, 714, 1 },
    { 0x1d45, 0x1d45, 2, 715, 1 },
    { 0x1d46, 0x1d46, 2, 716, 1 },
    { 0x1d47, 0x1d47, 2, 1, 1 },
    { 0x1d48, 0x1d48, 2, 3, 1 },
    { 0x1d49, 0x1d49, 2, 4, 1 },
    { 0x1d4a, 0x1d4a, 2, 155, 1 },
    { 0x1d4b, 0x1d4b, 2, 156, 1 },
    { 0x1d4c, 0x1d4c, 2, 717, 1 },
    { 0x1d4d, 0x1d4d, 2, 6, 1 },
    { 0x1d4e, 0x1d4e, 0, 0, 0 },
    { 0x1d4f, 0x1d4f, 2, 10, 1 },
    { 0x1d50, 0x1d50, 2, 12, 1 },
    { 0x1d51, 0x1d51, 2, 119, 1 },
    { 0x1d52, 0x1d52, 2, 14, 1 },
    { 0x1d53, 0x1d53, 2, 149, 1 },
    { 0x1d54, 0x1d54, 2, 718, 1 },
    { 0x1d55, 0x1d55, 2, 719, 1 },
    { 0x1d56, 0x1d56, 2, 15, 1 },
    { 0x1d57, 0x1d57, 2, 19, 1 },
    { 0x1d58, 0x1d58, 2, 20, 1 },
    { 0x1d59, 0x1d59, 2, 720, 1 },
    { 0x1d5a, 0x1d5a, 2, 163, 1 },
    { 0x1d5b, 0x1d5b, 2, 21, 1 },
    { 0x1d5c, 0x1d5c, 2, 721, 1 },
    { 0x1d5d, 0x1d5d, 2, 296, 1 },
    { 0x1d5e, 0x1d5e, 2, 297, 1 },
    { 0x1d5f, 0x1d5f, 2, 298, 1 },
    { 0x1d60, 0x1d60, 2, 313, 1 },
    { 0x1d61, 0x1d61, 2, 314, 1 },
    { 0x1d62, 0x1d62, 2, 8, 1 },
    { 0x1d63, 0x1d63, 2, 17, 1 },
    { 0x1d64, 0x1d64, 2, 20, 1 },
    { 0x1d65, 0x1d65, 2, 21, 1 },
    { 0x1d66, 0x1d66, 2, 296, 1 },
    { 0x1d67, 0x1d67, 2, 297, 1 },
    { 0x1d68, 0x1d68, 2, 309, 1 },
    { 0x1d69, 0x1d69, 2, 313, 1 },
    { 0x1d6a, 0x1d6a, 2, 314, 1 },
    { 0x1d6b, 0x1d77, 0, 0, 0 },
    { 0x1d78, 0x1d78, 2, 366, 1 },
    { 0x1d79, 0x1d9a, 0, 0, 0 },
    { 0x1d9b, 0x1d9b, 2, 722, 1 },
    { 0x1d9c, 0x1d9c, 2, 2, 1 },
    { 0x1d9d, 0x1d9d, 2, 723, 1 },
    { 0x1d9e, 0x1d9e, 2, 64, 1 },
    { 0x1d9f, 0x1d9f, 2, 717, 1 },
    { 0x1da0, 0x1da0, 2, 5, 1 },
    { 0x1da1, 0x1da1, 2, 724, 1 },
    { 0x1da2, 0x1da2, 2, 725, 1 },
    { 0x1da3, 0x1da3, 2, 726, 1 },
    { 0x1da4, 0x1da4, 2, 161, 1 },
    { 0x1da5, 0x1da5, 2, 160, 1 },
    { 0x1da6, 0x1da6, 2, 727, 1 },
    { 0x1da7, 0x1da7, 2, 728, 1 },
    { 0x1da8, 0x1da8, 2, 729, 1 },
    { 0x1da9, 0x1da9, 2, 730, 1 },
    { 0x1daa, 0x1daa, 2, 731, 1 },
    { 0x1dab, 0x1dab, 2, 732, 1 },
    { 0x1dac, 0x1dac, 2, 733, 1 },
    { 0x1dad, 0x1dad, 2, 734, 1 },
    { 0x1dae, 0x1dae, 2, 164, 1 },
    { 0x1daf, 0x1daf, 2, 735, 1 },
    { 0x1db0, 0x1db0, 2, 736, 1 },
    { 0x1db1, 0x1db1, 2, 165, 1 },
    { 0x1db2, 0x1db2, 2, 737, 1 },
    { 0x1db3, 0x1db3, 2, 738, 1 },
    { 0x1db4, 0x1db4, 2, 171, 1 },
    { 0x1db5, 0x1db5, 2, 739, 1 },
    { 0x1db6, 0x1db6, 2, 246, 1 },
    { 0x1db7, 0x1db7, 2, 175, 1 },
    { 0x1db8, 0x1db8, 2, 740, 1 },
    { 0x1db9, 0x1db9, 2, 176, 1 },
    { 0x1dba, 0x1dba, 2, 247, 1 },
    { 0x1dbb, 0x1dbb, 2, 25, 1 },
    { 0x1dbc, 0x1dbc, 2, 741, 1 },
    { 0x1dbd, 0x1dbd, 2, 742, 1 },
    { 0x1dbe, 0x1dbe, 2, 179, 1 },
    { 0x1dbf, 0x1dbf, 2, 302, 1 },
    { 0x1dc0, 0x1dff, 0, 0, 0 },
    { 0x1e00, 0x1e00, 2, 743, 1 },
    { 0x1e01, 0x1e01, 0, 0, 0 },
    { 0x1e02, 0x1e02, 2, 744, 1 },
    { 0x1e03, 0x1e03, 0, 0, 0 },
    { 0x1e04, 0x1e04, 2, 745, 1 },
    { 0x1e05, 0x1e05, 0, 0, 0 },
    { 0x1e06, 0x1e06, 2, 746, 1 },
    { 0x1e07, 0x1e07, 0, 0, 0 },
    { 0x1e08, 0x1e08, 2, 747, 1 },
    { 0x1e09, 0x1e09, 0, 0, 0 },
    { 0x1e0a, 0x1e0a, 2, 748, 1 },
    { 0x1e0b, 0x1e0b, 0, 0, 0 },
    { 0x1e0c, 0x1e0c, 2, 749, 1 },
    { 0x1e0d, 0x1e0d, 0, 0, 0 },
    { 0x1e0e, 0x1e0e, 2, 750, 1 },
    { 0x1e0f, 0x1e0f, 0, 0, 0 },
    { 0x1e10, 0x1e10, 2, 751, 1 },
    { 0x1e11, 0x1e11, 0, 0, 0 },
    { 0x1e12, 0x1e12, 2, 752, 1 },
    { 0x1e13, 0x1e13, 0, 0, 0 },
    { 0x1e14, 0x1e14, 2, 753, 1 },
    { 0x1e15, 0x1e15, 0, 0, 0 },
    { 0x1e16, 0x1e16, 2, 754, 1 },
    { 0x1e17, 0x1e17, 0, 0, 0 },
    { 0x1e18, 0x1e18, 2, 755, 1 },
    { 0x1e19, 0x1e19, 0, 0, 0 },
    { 0x1e1a, 0x1e1a, 2, 756, 1 },
    { 0x1e1b, 0x1e1b, 0, 0, 0 },
    { 0x1e1c, 0x1e1c, 2, 757, 1 },
    { 0x1e1d, 0x1e1d, 0, 0, 0 },
    { 0x1e1e, 0x1e1e, 2, 758, 1 },
    { 0x1e1f, 0x1e1f, 0, 0, 0 },
    { 0x1e20, 0x1e20, 2, 759, 1 },
    { 0x1e21, 0x1e21, 0, 0, 0 },
    { 0x1e22, 0x1e22, 2, 760, 1 },
    { 0x1e23, 0x1e23, 0, 0, 0 },
    { 0x1e24, 0x1e24, 2, 761, 1 },
    { 0x1e25, 0x1e25, 0, 0, 0 },
    { 0x1e26, 0x1e26, 2, 762, 1 },
    { 0x1e27, 0x1e27, 0, 0, 0 },
    { 0x1e28, 0x1e28, 2, 763, 1 },
    { 0x1e29, 0x1e29, 0, 0, 0 },
    { 0x1e2a, 0x1e2a, 2, 764, 1 },
    { 0x1e2b, 0x1e2b, 0, 0, 0 },
    { 0x1e2c, 0x1e2c, 2, 765, 1 },
    { 0x1e2d, 0x1e2d, 0, 0, 0 },
    { 0x1e2e, 0x1e2e, 2, 766, 1 },
    { 0x1e2f, 0x1e2f, 0, 0, 0 },
    { 0x1e30, 0x1e30, 2, 767, 1 },
    { 0x1e31, 0x1e31, 0, 0, 0 },
    { 0x1e32, 0x1e32, 2, 768, 1 },
    { 0x1e33, 0x1e33, 0, 0, 0 },
    { 0x1e34, 0x1e34, 2, 769, 1 },
    { 0x1e35, 0x1e35, 0, 0, 0 },
    { 0x1e36, 0x1e36, 2, 770, 1 },
    { 0x1e37, 0x1e37, 0, 0, 0 },
    { 0x1e38, 0x1e38, 2, 771, 1 },
    { 0x1e39, 0x1e39, 0, 0, 0 },
    { 0x1e3a, 0x1e3a, 2, 772, 1 },
    { 0x1e3b, 0x1e3b, 0, 0, 0 },
    { 0x1e3c, 0x1e3c, 2, 773, 1 },
    { 0x1e3d, 0x1e3d, 0, 0, 0 },
    { 0x1e3e, 0x1e3e, 2, 774, 1 },
    { 0x1e3f, 0x1e3f, 0, 0, 0 },
    { 0x1e40, 0x1e40, 2, 775, 1 },
    { 0x1e41, 0x1e41, 0, 0, 0 },
    { 0x1e42, 0x1e42, 2, 776, 1 },
    { 0x1e43, 0x1e43, 0, 0, 0 },
    { 0x1e44, 0x1e44, 2, 777, 1 },
    { 0x1e45, 0x1e45, 0, 0, 0 },
    { 0x1e46, 0x1e46, 2, 778, 1 },
    { 0x1e47, 0x1e47, 0, 0, 0 },
    { 0x1e48, 0x1e48, 2, 779, 1 },
    { 0x1e49, 0x1e49, 0, 0, 0 },
    { 0x1e4a, 0x1e4a, 2, 780, 1 },
    { 0x1e4b, 0x1e4b, 0, 0, 0 },
    { 0x1e4c, 0x1e4c, 2, 781, 1 },
    { 0x1e4d, 0x1e4d, 0, 0, 0 },
    { 0x1e4e, 0x1e4e, 2, 782, 1 },
    { 0x1e4f, 0x1e4f, 0, 0, 0 },
    { 0x1e50, 0x1e50, 2, 783, 1 },
    { 0x1e51, 0x1e51, 0, 0, 0 },
    { 0x1e52, 0x1e52, 2, 784, 1 },
    { 0x1e53, 0x1e53, 0, 0, 0 },
    { 0x1e54, 0x1e54, 2, 785, 1 },
    { 0x1e55, 0x1e55, 0, 0, 0 },
    { 0x1e56, 0x1e56, 2, 786, 1 },
    { 0x1e57, 0x1e57, 0, 0, 0 },
    { 0x1e58, 0x1e58, 2, 787, 1 },
    { 0x1e59, 0x1e59, 0, 0, 0 },
    { 0x1e5a, 0x1e5a, 2, 788, 1 },
    { 0x1e5b, 0x1e5b, 0, 0, 0 },
    { 0x1e5c, 0x1e5c, 2, 789, 1 },
    { 0x1e5d, 0x1e5d, 0, 0, 0 },
    { 0x1e5e, 0x1e5e, 2, 790, 1 },
    { 0x1e5f, 0x1e5f, 0, 0, 0 },
    { 0x1e60, 0x1e60, 2, 791, 1 },
    { 0x1e61, 0x1e61, 0, 0, 0 },
    { 0x1e62, 0x1e62, 2, 792, 1 },
    { 0x1e63, 0x1e63, 0, 0, 0 },
    { 0x1e64, 0x1e64, 2, 793, 1 },
    { 0x1e65, 0x1e65, 0, 0, 0 },
    { 0x1e66, 0x1e66, 2, 794, 1 },
    { 0x1e67, 0x1e67, 0, 0, 0 },
    { 0x1e68, 0x1e68, 2, 795, 1 },
    { 0x1e69, 0x1e69, 0, 0, 0 },
    { 0x1e6a, 0x1e6a, 2, 796, 1 },
    { 0x1e6b, 0x1e6b, 0, 0, 0 },
    { 0x1e6c, 0x1e6c, 2, 797, 1 },
    { 0x1e6d, 0x1e6d, 0, 0, 0 },
    { 0x1e6e, 0x1e6e, 2, 798, 1 },
    { 0x1e6f, 0x1e6f, 0, 0, 0 },
    { 0x1e70, 0x1e70, 2, 799, 1 },
    { 0x1e71, 0x1e71, 0, 0, 0 },
    { 0x1e72, 0x1e72, 2, 800, 1 },
    { 0x1e73, 0x1e73, 0, 0, 0 },
    { 0x1e74, 0x1e74, 2, 801, 1 },
    { 0x1e75, 0x1e75, 0, 0, 0 },
    { 0x1e76, 0x1e76, 2, 802, 1 },
    { 0x1e77, 0x1e77, 0, 0, 0 },
    { 0x1e78, 0x1e78, 2, 803, 1 },
    { 0x1e79, 0x1e79, 0, 0, 0 },
    { 0x1e7a, 0x1e7a, 2, 804, 1 },
    { 0x1e7b, 0x1e7b, 0, 0, 0 },
    { 0x1e7c, 0x1e7c, 2, 805, 1 },
    { 0x1e7d, 0x1e7d, 0, 0, 0 },
    { 0x1e7e, 0x1e7e, 2, 806, 1 },
    { 0x1e7f, 0x1e7f, 0, 0, 0 },
    { 0x1e80, 0x1e80, 2, 807, 1 },
    { 0x1e81, 0x1e81, 0, 0, 0 },
    { 0x1e82, 0x1e82, 2, 808, 1 },
    { 0x1e83, 0x1e83, 0, 0, 0 },
    { 0x1e84, 0x1e84, 2, 809, 1 },
    { 0x1e85, 0x1e85, 0, 0, 0 },
    { 0x1e86, 0x1e86, 2, 810, 1 },
    { 0x1e87, 0x1e87, 0, 0, 0 },
    { 0x1e88, 0x1e88, 2, 811, 1 },
    { 0x1e89, 0x1e89, 0, 0, 0 },
    { 0x1e8a, 0x1e8a, 2, 812, 1 },
    { 0x1e8b, 0x1e8b, 0, 0, 0 },
    { 0x1e8c, 0x1e8c, 2, 813, 1 },
    { 0x1e8d, 0x1e8d, 0, 0, 0 },
    { 0x1e8e, 0x1e8e, 2, 814, 1 },
    { 0x1e8f, 0x1e8f, 0, 0, 0 },
    { 0x1e90, 0x1e90, 2, 815, 1 },
    { 0x1e91, 0x1e91, 0, 0, 0 },
    { 0x1e92, 0x1e92, 2, 816, 1 },
    { 0x1e93, 0x1e93, 0, 0, 0 },
    { 0x1e94, 0x1e94, 2, 817, 1 },
    { 0x1e95, 0x1e99, 0, 0, 0 },
    { 0x1e9a, 0x1e9a, 2, 818, 2 },
    { 0x1e9b, 0x1e9b, 2, 791, 1 },
    { 0x1e9c, 0x1e9d, 0, 0, 0 },
    { 0x1e9e, 0x1e9e, 2, 820, 1 },
    { 0x1e9f, 0x1e9f, 0, 0, 0 },
    { 0x1ea0, 0x1ea0, 2, 821, 1 },
    { 0x1ea1, 0x1ea1, 0, 0, 0 },
    { 0x1ea2, 0x1ea2, 2, 822, 1 },
    { 0x1ea3, 0x1ea3, 0, 0, 0 },
    { 0x1ea4, 0x1ea4, 2, 823, 1 },
    { 0x1ea5, 0x1ea5, 0, 0, 0 },
    { 0x1ea6, 0x1ea6, 2, 824, 1 },
    { 0x1ea7, 0x1ea7, 0, 0, 0 },
    { 0x1ea8, 0x1ea8, 2, 825, 1 },
    { 0x1ea9, 0x1ea9, 0, 0, 0 },
    { 0x1eaa, 0x1eaa, 2, 826, 1 },
    { 0x1eab, 0x1eab, 0, 0, 0 },
    { 0x1eac, 0x1eac, 2, 827, 1 },
    { 0x1ead, 0x1ead, 0, 0, 0 },
    { 0x1eae, 0x1eae, 2, 828, 1 },
    { 0x1eaf, 0x1eaf, 0, 0, 0 },
    { 0x1eb0, 0x1eb0, 2, 829, 1 },
    { 0x1eb1, 0x1eb1, 0, 0, 0 },
    { 0x1eb2, 0x1eb2, 2, 830, 1 },
    { 0x1eb3, 0x1eb3, 0, 0, 0 },
    { 0x1eb4, 0x1eb4, 2, 831, 1 },
    { 0x1eb5, 0x1eb5, 0, 0, 0 },
    { 0x1eb6, 0x1eb6, 2, 832, 1 },
    { 0x1eb7, 0x1eb7, 0, 0, 0 },
    { 0x1eb8, 0x1eb8, 2, 833, 1 },
    { 0x1eb9, 0x1eb9, 0, 0, 0 },
    { 0x1eba, 0x1eba, 2, 834, 1 },
    { 0x1ebb, 0x1ebb, 0, 0, 0 },
    { 0x1ebc, 0x1ebc, 2, 835, 1 },
    { 0x1ebd, 0x1ebd, 0, 0, 0 },
    { 0x1ebe, 0x1ebe, 2, 836, 1 },
    { 0x1ebf, 0x1ebf, 0, 0, 0 },
    { 0x1ec0, 0x1ec0, 2, 837, 1 },
    { 0x1ec1, 0x1ec1, 0, 0, 0 },
    { 0x1ec2, 0x1ec2, 2, 838, 1 },
    { 0x1ec3, 0x1ec3, 0, 0, 0 },
    { 0x1ec4, 0x1ec4, 2, 839, 1 },
    { 0x1ec5, 0x1ec5, 0, 0, 0 },
    { 0x1ec6, 0x1ec6, 2, 840, 1 },
    { 0x1ec7, 0x1ec7, 0, 0, 0 },
    { 0x1ec8, 0x1ec8, 2, 841, 1 },
    { 0x1ec9, 0x1ec9, 0, 0, 0 },
    { 0x1eca, 0x1eca, 2, 842, 1 },
    { 0x1ecb, 0x1ecb, 0, 0, 0 },
    { 0x1ecc, 0x1ecc, 2, 843, 1 },
    { 0x1ecd, 0x1ecd, 0, 0, 0 },
    { 0x1ece, 0x1ece, 2, 844, 1 },
    { 0x1ecf, 0x1ecf, 0, 0, 0 },
    { 0x1ed0, 0x1ed0, 2, 845, 1 },
    { 0x1ed1, 0x1ed1, 0, 0, 0 },
    { 0x1ed2, 0x1ed2, 2, 846, 1 },
    { 0x1ed3, 0x1ed3, 0, 0, 0 },
    { 0x1ed4, 0x1ed4, 2, 847, 1 },
    { 0x1ed5, 0x1ed5, 0, 0, 0 },
    { 0x1ed6, 0x1ed6, 2, 848, 1 },
    { 0x1ed7, 0x1ed7, 0, 0, 0 },
    { 0x1ed8, 0x1ed8, 2, 849, 1 },
    { 0x1ed9, 0x1ed9, 0, 0, 0 },
    { 0x1eda, 0x1eda, 2, 850, 1 },
    { 0x1edb, 0x1edb, 0, 0, 0 },
    { 0x1edc, 0x1edc, 2, 851, 1 },
    { 0x1edd, 0x1edd, 0, 0, 0 },
    { 0x1ede, 0x1ede, 2, 852, 1 },
    { 0x1edf, 0x1edf, 0, 0, 0 },
    { 0x1ee0, 0x1ee0, 2, 853, 1 },
    { 0x1ee1, 0x1ee1, 0, 0, 0 },
    { 0x1ee2, 0x1ee2, 2, 854, 1 },
    { 0x1ee3, 0x1ee3, 0, 0, 0 },
    { 0x1ee4, 0x1ee4, 2, 855, 1 },
    { 0x1ee5, 0x1ee5, 0, 0, 0 },
    { 0x1ee6, 0x1ee6, 2, 856, 1 },
    { 0x1ee7, 0x1ee7, 0, 0, 0 },
    { 0x1ee8, 0x1ee8, 2, 857, 1 },
    { 0x1ee9, 0x1ee9, 0, 0, 0 },
    { 0x1eea, 0x1eea, 2, 858, 1 },
    { 0x1eeb, 0x1eeb, 0, 0, 0 },
    { 0x1eec, 0x1eec, 2, 859, 1 },
    { 0x1eed, 0x1eed, 0, 0, 0 },
    { 0x1eee, 0x1eee, 2, 860, 1 },
    { 0x1eef, 0x1eef, 0, 0, 0 },
    { 0x1ef0, 0x1ef0, 2, 861, 1 },
    { 0x1ef1, 0x1ef1, 0, 0, 0 },
    { 0x1ef2, 0x1ef2, 2, 862, 1 },
    { 0x1ef3, 0x1ef3, 0, 0, 0 },
    { 0x1ef4, 0x1ef4, 2, 863, 1 },
    { 0x1ef5, 0x1ef5, 0, 0, 0 },
    { 0x1ef6, 0x1ef6, 2, 864, 1 },
    { 0x1ef7, 0x1ef7, 0, 0, 0 },
    { 0x1ef8, 0x1ef8, 2, 865, 1 },
    { 0x1ef9, 0x1ef9, 0, 0, 0 },
    { 0x1efa, 0x1efa, 2, 866, 1 },
    { 0x1efb, 0x1efb, 0, 0, 0 },
    { 0x1efc, 0x1efc, 2, 867, 1 },
    { 0x1efd, 0x1efd, 0, 0, 0 },
    { 0x1efe, 0x1efe, 2, 868, 1 },
    { 0x1eff, 0x1f07, 0, 0, 0 },
    { 0x1f08, 0x1f08, 2, 869, 1 },
    { 0x1f09, 0x1f09, 2, 870, 1 },
    { 0x1f0a, 0x1f0a, 2, 871, 1 },
    { 0x1f0b, 0x1f0b, 2, 872, 1 },
    { 0x1f0c, 0x1f0c, 2, 873, 1 },
    { 0x1f0d, 0x1f0d, 2, 874, 1 },
    { 0x1f0e, 0x1f0e, 2, 875, 1 },
    { 0x1f0f, 0x1f0f, 2, 876, 1 },
    { 0x1f10, 0x1f15, 0, 0, 0 },
    { 0x1f16, 0x1f17, 3, 0, 0 },
    { 0x1f18, 0x1f18, 2, 877, 1 },
    { 0x1f19, 0x1f19, 2, 878, 1 },
    { 0x1f1a, 0x1f1a, 2, 879, 1 },
    { 0x1f1b, 0x1f1b, 2, 880, 1 },
    { 0x1f1c, 0x1f1c, 2, 881, 1 },
    { 0x1f1d, 0x1f1d, 2, 882, 1 },
    { 0x1f1e, 0x1f1f, 3, 0, 0 },
    { 0x1f20, 0x1f27, 0, 0, 0 },
    { 0x1f28, 0x1f28, 2, 883, 1 },
    { 0x1f29, 0x1f29, 2, 884, 1 },
    { 0x1f2a, 0x1f2a, 2, 885, 1 },
    { 0x1f2b, 0x1f2b, 2, 886, 1 },
    { 0x1f2c, 0x1f2c, 2, 887, 1 },
    { 0x1f2d, 0x1f2d, 2, 888, 1 },
    { 0x1f2e, 0x1f2e, 2, 889, 1 },
    { 0x1f2f, 0x1f2f, 2, 890, 1 },
    { 0x1f30, 0x1f37, 0, 0, 0 },
    { 0x1f38, 0x1f38, 2, 891, 1 },
    { 0x1f39, 0x1f39, 2, 892, 1 },
    { 0x1f3a, 0x1f3a, 2, 893, 1 },
    { 0x1f3b, 0x1f3b, 2, 894, 1 },
    { 0x1f3c, 0x1f3c, 2, 895, 1 },
    { 0x1f3d, 0x1f3d, 2, 896, 1 },
    { 0x1f3e, 0x1f3e, 2, 897, 1 },
    { 0x1f3f, 0x1f3f, 2, 898, 1 },
    { 0x1f40, 0x1f45, 0, 0, 0 },
    { 0x1f46, 0x1f47, 3, 0, 0 },
    { 0x1f48, 0x1f48, 2, 899, 1 },
    { 0x1f49, 0x1f49, 2, 900, 1 },
    { 0x1f4a, 0x1f4a, 2, 901, 1 },
    { 0x1f4b, 0x1f4b, 2, 902, 1 },
    { 0x1f4c, 0x1f4c, 2, 903, 1 },
    { 0x1f4d, 0x1f4d, 2, 904, 1 },
    { 0x1f4e, 0x1f4f, 3, 0, 0 },
    { 0x1f50, 0x1f57, 0, 0, 0 },
    { 0x1f58, 0x1f58, 3, 0, 0 },
    { 0x1f59, 0x1f59, 2, 905, 1 },
    { 0x1f5a, 0x1f5a, 3, 0, 0 },
    { 0x1f5b, 0x1f5b, 2, 906, 1 },
    { 0x1f5c, 0x1f5c, 3, 0, 0 },
    { 0x1f5d, 0x1f5d, 2, 907, 1 },
    { 0x1f5e, 0x1f5e, 3, 0, 0 },
    { 0x1f5f, 0x1f5f, 2, 908, 1 },
    { 0x1f60, 0x1f67, 0, 0, 0 },
    { 0x1f68, 0x1f68, 2, 909, 1 },
    { 0x1f69, 0x1f69, 2, 910, 1 },
    { 0x1f6a, 0x1f6a, 2, 911, 1 },
    { 0x1f6b, 0x1f6b, 2, 912, 1 },
    { 0x1f6c, 0x1f6c, 2, 913, 1 },
    { 0x1f6d, 0x1f6d, 2, 914, 1 },
    { 0x1f6e, 0x1f6e, 2, 915, 1 },
    { 0x1f6f, 0x1f6f, 2, 916, 1 },
    { 0x1f70, 0x1f70, 0, 0, 0 },
    { 0x1f71, 0x1f71, 2, 287, 1 },
    { 0x1f72, 0x1f72, 0, 0, 0 },
    { 0x1f73, 0x1f73, 2, 289, 1 },
    { 0x1f74, 0x1f74, 0, 0, 0 },
    { 0x1f75, 0x1f75, 2, 290, 1 },
    { 0x1f76, 0x1f76, 0, 0, 0 },
    { 0x1f77, 0x1f77, 2, 291, 1 },
    { 0x1f78, 0x1f78, 0, 0, 0 },
    { 0x1f79, 0x1f79, 2, 292, 1 },
    { 0x1f7a, 0x1f7a, 0, 0, 0 },
    { 0x1f7b, 0x1f7b, 2, 293, 1 },
    { 0x1f7c, 0x1f7c, 0, 0, 0 },
    { 0x1f7d, 0x1f7d, 2, 294, 1 },
    { 0x1f7e, 0x1f7f, 3, 0, 0 },
    { 0x1f80, 0x1f80, 2, 917, 2 },
    { 0x1f81, 0x1f81, 2, 919, 2 },
    { 0x1f82, 0x1f82, 2, 921, 2 },
    { 0x1f83, 0x1f83, 2, 923, 2 },
    { 0x1f84, 0x1f84, 2, 925, 2 },
    { 0x1f85, 0x1f85, 2, 927, 2 },
    { 0x1f86, 0x1f86, 2, 929, 2 },
    { 0x1f87, 0x1f87, 2, 931, 2 },
    { 0x1f88, 0x1f88, 2, 917, 2 },
    { 0x1f89, 0x1f89, 2, 919, 2 },
    { 0x1f8a, 0x1f8a, 2, 921, 2 },
    { 0x1f8b, 0x1f8b, 2, 923, 2 },
    { 0x1f8c, 0x1f8c, 2, 925, 2 },
    { 0x1f8d, 0x1f8d, 2, 927, 2 },
    { 0x1f8e, 0x1f8e, 2, 929, 2 },
    { 0x1f8f, 0x1f8f, 2, 931, 2 },
    { 0x1f90, 0x1f90, 2, 933, 2 },
    { 0x1f91, 0x1f91, 2, 935, 2 },
    { 0x1f92, 0x1f92, 2, 937, 2 },
    { 0x1f93, 0x1f93, 2, 939, 2 },
    { 0x1f94, 0x1f94, 2, 941, 2 },
    { 0x1f95, 0x1f95, 2, 943, 2 },
    { 0x1f96, 0x1f96, 2, 945, 2 },
    { 0x1f97, 0x1f97, 2, 947, 2 },
    { 0x1f98, 0x1f98, 2, 933, 2 },
    { 0x1f99, 0x1f99, 2, 935, 2 },
    { 0x1f9a, 0x1f9a, 2, 937, 2 },
    { 0x1f9b, 0x1f9b, 2, 939, 2 },
    { 0x1f9c, 0x1f9c, 2, 941, 2 },
    { 0x1f9d, 0x1f9d, 2, 943, 2 },
    { 0x1f9e, 0x1f9e, 2, 945, 2 },
    { 0x1f9f, 0x1f9f, 2, 947, 2 },
    { 0x1fa0, 0x1fa0, 2, 949, 2 },
    { 0x1fa1, 0x1fa1, 2, 951, 2 },
    { 0x1fa2, 0x1fa2, 2, 953, 2 },
    { 0x1fa3, 0x1fa3, 2, 955, 2 },
    { 0x1fa4, 0x1fa4, 2, 957, 2 },
    { 0x1fa5, 0x1fa5, 2, 959, 2 },
    { 0x1fa6, 0x1fa6, 2, 961, 2 },
    { 0x1fa7, 0x1fa7, 2, 963, 2 },
    { 0x1fa8, 0x1fa8, 2, 949, 2 },
    { 0x1fa9, 0x1fa9, 2, 951, 2 },
    { 0x1faa, 0x1faa, 2, 953, 2 },
    { 0x1fab, 0x1fab, 2, 955, 2 },
    { 0x1fac, 0x1fac, 2, 957, 2 },
    { 0x1fad, 0x1fad, 2, 959, 2 },
    { 0x1fae, 0x1fae, 2, 961, 2 },
    { 0x1faf, 0x1faf, 2, 963, 2 },
    { 0x1fb0, 0x1fb1, 0, 0, 0 },
    { 0x1fb2, 0x1fb2, 2, 965, 2 },
    { 0x1fb3, 0x1fb3, 2, 967, 2 },
    { 0x1fb4, 0x1fb4, 2, 969, 2 },
    { 0x1fb5, 0x1fb5, 3, 0, 0 },
    { 0x1fb6, 0x1fb6, 0, 0, 0 },
    { 0x1fb7, 0x1fb7, 2, 971, 2 },
    { 0x1fb8, 0x1fb8, 2, 973, 1 },
    { 0x1fb9, 0x1fb9, 2, 974, 1 },
    { 0x1fba, 0x1fba, 2, 975, 1 },
    { 0x1fbb, 0x1fbb, 2, 287, 1 },
    { 0x1fbc, 0x1fbc, 2, 967, 2 },
    { 0x1fbd, 0x1fbd, 2, 976, 2 },
    { 0x1fbe, 0x1fbe, 2, 275, 1 },
    { 0x1fbf, 0x1fbf, 2, 976, 2 },
    { 0x1fc0, 0x1fc0, 2, 978, 2 },
    { 0x1fc1, 0x1fc1, 2, 980, 3 },
    { 0x1fc2, 0x1fc2, 2, 983, 2 },
    { 0x1fc3, 0x1fc3, 2, 985, 2 },
    { 0x1fc4, 0x1fc4, 2, 987, 2 },
    { 0x1fc5, 0x1fc5, 3, 0, 0 },
    { 0x1fc6, 0x1fc6, 0, 0, 0 },
    { 0x1fc7, 0x1fc7, 2, 989, 2 },
    { 0x1fc8, 0x1fc8, 2, 991, 1 },
    { 0x1fc9, 0x1fc9, 2, 289, 1 },
    { 0x1fca, 0x1fca, 2, 992, 1 },
    { 0x1fcb, 0x1fcb, 2, 290, 1 },
    { 0x1fcc, 0x1fcc, 2, 985, 2 },
    { 0x1fcd, 0x1fcd, 2, 993, 3 },
    { 0x1fce, 0x1fce, 2, 996, 3 },
    { 0x1fcf, 0x1fcf, 2, 999, 3 },
    { 0x1fd0, 0x1fd2, 0, 0, 0 },
    { 0x1fd3, 0x1fd3, 2, 1002, 1 },
    { 0x1fd4, 0x1fd5, 3, 0, 0 },
    { 0x1fd6, 0x1fd7, 0, 0, 0 },
    { 0x1fd8, 0x1fd8, 2, 1003, 1 },
    { 0x1fd9, 0x1fd9, 2, 1004, 1 },
    { 0x1fda, 0x1fda, 2, 1005, 1 },
    { 0x1fdb, 0x1fdb, 2, 291, 1 },
    { 0x1fdc, 0x1fdc, 3, 0, 0 },
    { 0x1fdd, 0x1fdd, 2, 1006, 3 },
    { 0x1fde, 0x1fde, 2, 1009, 3 },
    { 0x1fdf, 0x1fdf, 2, 1012, 3 },
    { 0x1fe0, 0x1fe2, 0, 0, 0 },
    { 0x1fe3, 0x1fe3, 2, 1015, 1 },
    { 0x1fe4, 0x1fe7, 0, 0, 0 },
    { 0x1fe8, 0x1fe8, 2, 1016, 1 },
    { 0x1fe9, 0x1fe9, 2, 1017, 1 },
    { 0x1fea, 0x1fea, 2, 1018, 1 },
    { 0x1feb, 0x1feb, 2, 293, 1 },
    { 0x1fec, 0x1fec, 2, 1019, 1 },
    { 0x1fed, 0x1fed, 2, 1020, 3 },
    { 0x1fee, 0x1fee, 2, 284, 3 },
    { 0x1fef, 0x1fef, 2, 1023, 1 },
    { 0x1ff0, 0x1ff1, 3, 0, 0 },
    { 0x1ff2, 0x1ff2, 2, 1024, 2 },
    { 0x1ff3, 0x1ff3, 2, 1026, 2 },
    { 0x1ff4, 0x1ff4, 2, 1028, 2 },
    { 0x1ff5, 0x1ff5, 3, 0, 0 },
    { 0x1ff6, 0x1ff6, 0, 0, 0 },
    { 0x1ff7, 0x1ff7, 2, 1030, 2 },
    { 0x1ff8, 0x1ff8, 2, 1032, 1 },
    { 0x1ff9, 0x1ff9, 2, 292, 1 },
    { 0x1ffa, 0x1ffa, 2, 1033, 1 },
    { 0x1ffb, 0x1ffb, 2, 294, 1 },
    { 0x1ffc, 0x1ffc, 2, 1026, 2 },
    { 0x1ffd, 0x1ffd, 2, 33, 2 },
    { 0x1ffe, 0x1ffe, 2, 1034, 2 },
    { 0x1fff, 0x1fff, 3, 0, 0 },
    { 0x2000, 0x200a, 2, 26, 1 },
    { 0x200b, 0x200b, 1, 0, 0 },
    { 0x200c, 0x200d, 0, 0, 0 },
    { 0x200e, 0x200f, 3, 0, 0 },
    { 0x2010, 0x2010, 0, 0, 0 },
    { 0x2011, 0x2011, 2, 1036, 1 },
    { 0x2012, 0x2016, 0, 0, 0 },
    { 0x2017, 0x2017, 2, 1037, 2 },
    { 0x2018, 0x2023, 0, 0, 0 },
    { 0x2024, 0x2026, 3, 0, 0 },
    { 0x2027, 0x2027, 0, 0, 0 },
    { 0x2028, 0x202e, 3, 0, 0 },
    { 0x202f, 0x202f, 2, 26, 1 },
    { 0x2030, 0x2032, 0, 0, 0 },
    { 0x2033, 0x2033, 2, 1039, 2 },
    { 0x2034, 0x2034, 2, 1041, 3 },
    { 0x2035, 0x2035, 0, 0, 0 },
    { 0x2036, 0x2036, 2, 1044, 2 },
    { 0x2037, 0x2037, 2, 1046, 3 },
    { 0x2038, 0x203b, 0, 0, 0 },
    { 0x203c, 0x203c, 2, 1049, 2 },
    { 0x203d, 0x203d, 0, 0, 0 },
    { 0x203e, 0x203e, 2, 1051, 2 },
    { 0x203f, 0x2046, 0, 0, 0 },
    { 0x2047, 0x2047, 2, 1053, 2 },
    { 0x2048, 0x2048, 2, 1055, 2 },
    { 0x2049, 0x2049, 2, 1057, 2 },
    { 0x204a, 0x2056, 0, 0, 0 },
    { 0x2057, 0x2057, 2, 1059, 4 },
    { 0x2058, 0x205e, 0, 0, 0 },
    { 0x205f, 0x205f, 2, 26, 1 },
    { 0x2060, 0x2064, 1, 0, 0 },
    { 0x2065, 0x2069, 3, 0, 0 },
    { 0x206a, 0x206f, 1, 0, 0 },
    { 0x2070, 0x2070, 2, 1063, 1 },
    { 0x2071, 0x2071, 2, 8, 1 },
    { 0x2072, 0x2073, 3, 0, 0 },
    { 0x2074, 0x2074, 2, 1064, 1 },
    { 0x2075, 0x2075, 2, 1065, 1 },
    { 0x2076, 0x2076, 2, 1066, 1 },
    { 0x2077, 0x2077, 2, 1067, 1 },
    { 0x2078, 0x2078, 2, 1068, 1 },
    { 0x2079, 0x2079, 2, 1069, 1 },
    { 0x207a, 0x207a, 2, 1070, 1 },
    { 0x207b, 0x207b, 2, 1071, 1 },
    { 0x207c, 0x207c, 2, 1072, 1 },
    { 0x207d, 0x207d, 2, 1073, 1 },
    { 0x207e, 0x207e, 2, 1074, 1 },
    { 0x207f, 0x207f, 2, 13, 1 },
    { 0x2080, 0x2080, 2, 1063, 1 },
    { 0x2081, 0x2081, 2, 38, 1 },
    { 0x2082, 0x2082, 2, 31, 1 },
    { 0x2083, 0x2083, 2, 32, 1 },
    { 0x2084, 0x2084, 2, 1064, 1 },
    { 0x2085, 0x2085, 2, 1065, 1 },
    { 0x2086, 0x2086, 2, 1066, 1 },
    { 0x2087, 0x2087, 2, 1067, 1 },
    { 0x2088, 0x2088, 2, 1068, 1 },
    { 0x2089, 0x2089, 2, 1069, 1 },
    { 0x208a, 0x208a, 2, 1070, 1 },
    { 0x208b, 0x208b, 2, 1071, 1 },
    { 0x208c, 0x208c, 2, 1072, 1 },
    { 0x208d, 0x208d, 2, 1073, 1 },
    { 0x208e, 0x208e, 2, 1074, 1 },
    { 0x208f, 0x208f, 3, 0, 0 },
    { 0x2090, 0x2090, 2, 0, 1 },
    { 0x2091, 0x2091, 2, 4, 1 },
    { 0x2092, 0x2092, 2, 14, 1 },
    { 0x2093, 0x2093, 2, 23, 1 },
    { 0x2094, 0x2094, 2, 155, 1 },
    { 0x2095, 0x2095, 2, 7, 1 },
    { 0x2096, 0x2096, 2, 10, 1 },
    { 0x2097, 0x2097, 2, 11, 1 },
    { 0x2098, 0x2098, 2, 12, 1 },
    { 0x2099, 0x2099, 2, 13, 1 },
    { 0x209a, 0x209a, 2, 15, 1 },
    { 0x209b, 0x209b, 2, 18, 1 },
    { 0x209c, 0x209c, 2, 19, 1 },
    { 0x209d, 0x209f, 3, 0, 0 },
    { 0x20a0, 0x20a7, 0, 0, 0 },
    { 0x20a8, 0x20a8, 2, 1075, 2 },
    { 0x20a9, 0x20c1, 0, 0, 0 },
    { 0x20c2, 0x20cf, 3, 0, 0 },
    { 0x20d0, 0x20f0, 0, 0, 0 },
    { 0x20f1, 0x20ff, 3, 0, 0 },
    { 0x2100, 0x2100, 2, 1077, 3 },
    { 0x2101, 0x2101, 2, 1080, 3 },
    { 0x2102, 0x2102, 2, 2, 1 },
    { 0x2103, 0x2103, 2, 1083, 2 },
    { 0x2104, 0x2104, 0, 0, 0 },
    { 0x2105, 0x2105, 2, 1085, 3 },
    { 0x2106, 0x2106, 2, 1088, 3 },
    { 0x2107, 0x2107, 2, 156, 1 },
    { 0x2108, 0x2108, 0, 0, 0 },
    { 0x2109, 0x2109, 2, 1091, 2 },
    { 0x210a, 0x210a, 2, 6, 1 },
    { 0x210b, 0x210e, 2, 7, 1 },
    { 0x210f, 0x210f, 2, 97, 1 },
    { 0x2110, 0x2111, 2, 8, 1 },
    { 0x2112, 0x2113, 2, 11, 1 },
    { 0x2114, 0x2114, 0, 0, 0 },
    { 0x2115, 0x2115, 2, 13, 1 },
    { 0x2116, 0x2116, 2, 1093, 2 },
    { 0x2117, 0x2118, 0, 0, 0 },
    { 0x2119, 0x2119, 2, 15, 1 },
    { 0x211a, 0x211a, 2, 16, 1 },
    { 0x211b, 0x211d, 2, 17, 1 },
    { 0x211e, 0x211f, 0, 0, 0 },
    { 0x2120, 0x2120, 2, 1095, 2 },
    { 0x2121, 0x2121, 2, 1097, 3 },
    { 0x2122, 0x2122, 2, 1100, 2 },
    { 0x2123, 0x2123, 0, 0, 0 },
    { 0x2124, 0x2124, 2, 25, 1 },
    { 0x2125, 0x2125, 0, 0, 0 },
    { 0x2126, 0x2126, 2, 316, 1 },
    { 0x2127, 0x2127, 0, 0, 0 },
    { 0x2128, 0x2128, 2, 25, 1 },
    { 0x2129, 0x2129, 0, 0, 0 },
    { 0x212a, 0x212a, 2, 10, 1 },
    { 0x212b, 0x212b, 2, 53, 1 },
    { 0x212c, 0x212c, 2, 1, 1 },
    { 0x212d, 0x212d, 2, 2, 1 },
    { 0x212e, 0x212e, 0, 0, 0 },
    { 0x212f, 0x2130, 2, 4, 1 },
    { 0x2131, 0x2131, 2, 5, 1 },
    { 0x2132, 0x2132, 2, 1102, 1 },
    { 0x2133, 0x2133, 2, 12, 1 },
    { 0x2134, 0x2134, 2, 14, 1 },
    { 0x2135, 0x2135, 2, 1103, 1 },
    { 0x2136, 0x2136, 2, 1104, 1 },
    { 0x2137, 0x2137, 2, 1105, 1 },
    { 0x2138, 0x2138, 2, 1106, 1 },
    { 0x2139, 0x2139, 2, 8, 1 },
    { 0x213a, 0x213a, 0, 0, 0 },
    { 0x213b, 0x213b, 2, 1107, 3 },
    { 0x213c, 0x213c, 2, 308, 1 },
    { 0x213d, 0x213e, 2, 297, 1 },
    { 0x213f, 0x213f, 2, 308, 1 },
    { 0x2140, 0x2140, 2, 1110, 1 },
    { 0x2141, 0x2144, 0, 0, 0 },
    { 0x2145, 0x2146, 2, 3, 1 },
    { 0x2147, 0x2147, 2, 4, 1 },
    { 0x2148, 0x2148, 2, 8, 1 },
    { 0x2149, 0x2149, 2, 9, 1 },
    { 0x214a, 0x214f, 0, 0, 0 },
    { 0x2150, 0x2150, 2, 1111, 3 },
    { 0x2151, 0x2151, 2, 1114, 3 },
    { 0x2152, 0x2152, 2, 1117, 4 },
    { 0x2153, 0x2153, 2, 1121, 3 },
    { 0x2154, 0x2154, 2, 1124, 3 },
    { 0x2155, 0x2155, 2, 1127, 3 },
    { 0x2156, 0x2156, 2, 1130, 3 },
    { 0x2157, 0x2157, 2, 1133, 3 },
    { 0x2158, 0x2158, 2, 1136, 3 },
    { 0x2159, 0x2159, 2, 1139, 3 },
    { 0x215a, 0x215a, 2, 1142, 3 },
    { 0x215b, 0x215b, 2, 1145, 3 },
    { 0x215c, 0x215c, 2, 1148, 3 },
    { 0x215d, 0x215d, 2, 1151, 3 },
    { 0x215e, 0x215e, 2, 1154, 3 },
    { 0x215f, 0x215f, 2, 1157, 2 },
    { 0x2160, 0x2160, 2, 8, 1 },
    { 0x2161, 0x2161, 2, 1159, 2 },
    { 0x2162, 0x2162, 2, 1161, 3 },
    { 0x2163, 0x2163, 2, 1164, 2 },
    { 0x2164, 0x2164, 2, 21, 1 },
    { 0x2165, 0x2165, 2, 1166, 2 },
    { 0x2166, 0x2166, 2, 1168, 3 },
    { 0x2167, 0x2167, 2, 1171, 4 },
    { 0x2168, 0x2168, 2, 1175, 2 },
    { 0x2169, 0x2169, 2, 23, 1 },
    { 0x216a, 0x216a, 2, 1177, 2 },
    { 0x216b, 0x216b, 2, 1179, 3 },
    { 0x216c, 0x216c, 2, 11, 1 },
    { 0x216d, 0x216d, 2, 2, 1 },
    { 0x216e, 0x216e, 2, 3, 1 },
    { 0x216f, 0x216f, 2, 12, 1 },
    { 0x2170, 0x2170, 2, 8, 1 },
    { 0x2171, 0x2171, 2, 1159, 2 },
    { 0x2172, 0x2172, 2, 1161, 3 },
    { 0x2173, 0x2173, 2, 1164, 2 },
    { 0x2174, 0x2174, 2, 21, 1 },
    { 0x2175, 0x2175, 2, 1166, 2 },
    { 0x2176, 0x2176, 2, 1168, 3 },
    { 0x2177, 0x2177, 2, 1171, 4 },
    { 0x2178, 0x2178, 2, 1175, 2 },
    { 0x2179, 0x2179, 2, 23, 1 },
    { 0x217a, 0x217a, 2, 1177, 2 },
    { 0x217b, 0x217b, 2, 1179, 3 },
    { 0x217c, 0x217c, 2, 11, 1 },
    { 0x217d, 0x217d, 2, 2, 1 },
    { 0x217e, 0x217e, 2, 3, 1 },
    { 0x217f, 0x217f, 2, 12, 1 },
    { 0x2180, 0x2182, 0, 0, 0 },
    { 0x2183, 0x2183, 2, 1182, 1 },
    { 0x2184, 0x2188, 0, 0, 0 },
    { 0x2189, 0x2189, 2, 1183, 3 },
    { 0x218a, 0x218b, 0, 0, 0 },
    { 0x218c, 0x218f, 3, 0, 0 },
    { 0x2190, 0x222b, 0, 0, 0 },
    { 0x222c, 0x222c, 2, 1186, 2 },
    { 0x222d, 0x222d, 2, 1188, 3 },
    { 0x222e, 0x222e, 0, 0, 0 },
    { 0x222f, 0x222f, 2, 1191, 2 },
    { 0x2230, 0x2230, 2, 1193, 3 },
    { 0x2231, 0x2328, 0, 0, 0 },
    { 0x2329, 0x2329, 2, 1196, 1 },
    { 0x232a, 0x232a, 2, 1197, 1 },
    { 0x232b, 0x2429, 0, 0, 0 },
    { 0x242a, 0x243f, 3, 0, 0 },
    { 0x2440, 0x244a, 0, 0, 0 },
    { 0x244b, 0x245f, 3, 0, 0 },
    { 0x2460, 0x2460, 2, 38, 1 },
    { 0x2461, 0x2461, 2, 31, 1 },
    { 0x2462, 0x2462, 2, 32, 1 },
    { 0x2463, 0x2463, 2, 1064, 1 },
    { 0x2464, 0x2464, 2, 1065, 1 },
    { 0x2465, 0x2465, 2, 1066, 1 },
    { 0x2466, 0x2466, 2, 1067, 1 },
    { 0x2467, 0x2467, 2, 1068, 1 },
    { 0x2468, 0x2468, 2, 1069, 1 },
    { 0x2469, 0x2469, 2, 1198, 2 },
    { 0x246a, 0x246a, 2, 1200, 2 },
    { 0x246b, 0x246b, 2, 1202, 2 },
    { 0x246c, 0x246c, 2, 1204, 2 },
    { 0x246d, 0x246d, 2, 1206, 2 },
    { 0x246e, 0x246e, 2, 1208, 2 },
    { 0x246f, 0x246f, 2, 1210, 2 },
    { 0x2470, 0x2470, 2, 1212, 2 },
    { 0x2471, 0x2471, 2, 1214, 2 },
    { 0x2472, 0x2472, 2, 1216, 2 },
    { 0x2473, 0x2473, 2, 1218, 2 },
    { 0x2474, 0x2474, 2, 1220, 3 },
    { 0x2475, 0x2475, 2, 1223, 3 },
    { 0x2476, 0x2476, 2, 1226, 3 },
    { 0x2477, 0x2477, 2, 1229, 3 },
    { 0x2478, 0x2478, 2, 1232, 3 },
    { 0x2479, 0x2479, 2, 1235, 3 },
    { 0x247a, 0x247a, 2, 1238, 3 },
    { 0x247b, 0x247b, 2, 1241, 3 },
    { 0x247c, 0x247c, 2, 1244, 3 },
    { 0x247d, 0x247d, 2, 1247, 4 },
    { 0x247e, 0x247e, 2, 1251, 4 },
    { 0x247f, 0x247f, 2, 1255, 4 },
    { 0x2480, 0x2480, 2, 1259, 4 },
    { 0x2481, 0x2481, 2, 1263, 4 },
    { 0x2482, 0x2482, 2, 1267, 4 },
    { 0x2483, 0x2483, 2, 1271, 4 },
    { 0x2484, 0x2484, 2, 1275, 4 },
    { 0x2485, 0x2485, 2, 1279, 4 },
    { 0x2486, 0x2486, 2, 1283, 4 },
    { 0x2487, 0x2487, 2, 1287, 4 },
    { 0x2488, 0x249b, 3, 0, 0 },
    { 0x249c, 0x249c, 2, 1291, 3 },
    { 0x249d, 0x249d, 2, 1294, 3 },
    { 0x249e, 0x249e, 2, 1297, 3 },
    { 0x249f, 0x249f, 2, 1300, 3 },
    { 0x24a0, 0x24a0, 2, 1303, 3 },
    { 0x24a1, 0x24a1, 2, 1306, 3 },
    { 0x24a2, 0x24a2, 2, 1309, 3 },
    { 0x24a3, 0x24a3, 2, 1312, 3 },
    { 0x24a4, 0x24a4, 2, 1315, 3 },
    { 0x24a5, 0x24a5, 2, 1318, 3 },
    { 0x24a6, 0x24a6, 2, 1321, 3 },
    { 0x24a7, 0x24a7, 2, 1324, 3 },
    { 0x24a8, 0x24a8, 2, 1327, 3 },
    { 0x24a9, 0x24a9, 2, 1330, 3 },
    { 0x24aa, 0x24aa, 2, 1333, 3 },
    { 0x24ab, 0x24ab, 2, 1336, 3 },
    { 0x24ac, 0x24ac, 2, 1339, 3 },
    { 0x24ad, 0x24ad, 2, 1342, 3 },
    { 0x24ae, 0x24ae, 2, 1345, 3 },
    { 0x24af, 0x24af, 2, 1348, 3 },
    { 0x24b0, 0x24b0, 2, 1351, 3 },
    { 0x24b1, 0x24b1, 2, 1354, 3 },
    { 0x24b2, 0x24b2, 2, 1357, 3 },
    { 0x24b3, 0x24b3, 2, 1360, 3 },
    { 0x24b4, 0x24b4, 2, 1363, 3 },
    { 0x24b5, 0x24b5, 2, 1366, 3 },
    { 0x24b6, 0x24b6, 2, 0, 1 },
    { 0x24b7, 0x24b7, 2, 1, 1 },
    { 0x24b8, 0x24b8, 2, 2, 1 },
    { 0x24b9, 0x24b9, 2, 3, 1 },
    { 0x24ba, 0x24ba, 2, 4, 1 },
    { 0x24bb, 0x24bb, 2, 5, 1 },
    { 0x24bc, 0x24bc, 2, 6, 1 },
    { 0x24bd, 0x24bd, 2, 7, 1 },
    { 0x24be, 0x24be, 2, 8, 1 },
    { 0x24bf, 0x24bf, 2, 9, 1 },
    { 0x24c0, 0x24c0, 2, 10, 1 },
    { 0x24c1, 0x24c1, 2, 11, 1 },
    { 0x24c2, 0x24c2, 2, 12, 1 },
    { 0x24c3, 0x24c3, 2, 13, 1 },
    { 0x24c4, 0x24c4, 2, 14, 1 },
    { 0x24c5, 0x24c5, 2, 15, 1 },
    { 0x24c6, 0x24c6, 2, 16, 1 },
    { 0x24c7, 0x24c7, 2, 17, 1 },
    { 0x24c8, 0x24c8, 2, 18, 1 },
    { 0x24c9, 0x24c9, 2, 19, 1 },
    { 0x24ca, 0x24ca, 2, 20, 1 },
    { 0x24cb, 0x24cb, 2, 21, 1 },
    { 0x24cc, 0x24cc, 2, 22, 1 },
    { 0x24cd, 0x24cd, 2, 23, 1 },
    { 0x24ce, 0x24ce, 2, 24, 1 },
    { 0x24cf, 0x24cf, 2, 25, 1 },
    { 0x24d0, 0x24d0, 2, 0, 1 },
    { 0x24d1, 0x24d1, 2, 1, 1 },
    { 0x24d2, 0x24d2, 2, 2, 1 },
    { 0x24d3, 0x24d3, 2, 3, 1 },
    { 0x24d4, 0x24d4, 2, 4, 1 },
    { 0x24d5, 0x24d5, 2, 5, 1 },
    { 0x24d6, 0x24d6, 2, 6, 1 },
    { 0x24d7, 0x24d7, 2, 7, 1 },
    { 0x24d8, 0x24d8, 2, 8, 1 },
    { 0x24d9, 0x24d9, 2, 9, 1 },
    { 0x24da, 0x24da, 2, 10, 1 },
    { 0x24db, 0x24db, 2, 11, 1 },
    { 0x24dc, 0x24dc, 2, 12, 1 },
    { 0x24dd, 0x24dd, 2, 13, 1 },
    { 0x24de, 0x24de, 2, 14, 1 },
    { 0x24df, 0x24df, 2, 15, 1 },
    { 0x24e0, 0x24e0, 2, 16, 1 },
    { 0x24e1, 0x24e1, 2, 17, 1 },
    { 0x24e2, 0x24e2, 2, 18, 1 },
    { 0x24e3, 0x24e3, 2, 19, 1 },
    { 0x24e4, 0x24e4, 2, 20, 1 },
    { 0x24e5, 0x24e5, 2, 21, 1 },
    { 0x24e6, 0x24e6, 2, 22, 1 },
    { 0x24e7, 0x24e7, 2, 23, 1 },
    { 0x24e8, 0x24e8, 2, 24, 1 },
    { 0x24e9, 0x24e9, 2, 25, 1 },
    { 0x24ea, 0x24ea, 2, 1063, 1 },
    { 0x24eb, 0x2a0b, 0, 0, 0 },
    { 0x2a0c, 0x2a0c, 2, 1369, 4 },
    { 0x2a0d, 0x2a73, 0, 0, 0 },
    { 0x2a74, 0x2a74, 2, 1373, 3 },
    { 0x2a75, 0x2a75, 2, 1376, 2 },
    { 0x2a76, 0x2a76, 2, 1378, 3 },
    { 0x2a77, 0x2adb, 0, 0, 0 },
    { 0x2adc, 0x2adc, 2, 1381, 2 },
    { 0x2add, 0x2b73, 0, 0, 0 },
    { 0x2b74, 0x2b75, 3, 0, 0 },
    { 0x2b76, 0x2bff, 0, 0, 0 },
    { 0x2c00, 0x2c00, 2, 1383, 1 },
    { 0x2c01, 0x2c01, 2, 1384, 1 },
    { 0x2c02, 0x2c02, 2, 1385, 1 },
    { 0x2c03, 0x2c03, 2, 1386, 1 },
    { 0x2c04, 0x2c04, 2, 1387, 1 },
    { 0x2c05, 0x2c05, 2, 1388, 1 },
    { 0x2c06, 0x2c06, 2, 1389, 1 },
    { 0x2c07, 0x2c07, 2, 1390, 1 },
    { 0x2c08, 0x2c08, 2, 1391, 1 },
    { 0x2c09, 0x2c09, 2, 1392, 1 },
    { 0x2c0a, 0x2c0a, 2, 1393, 1 },
    { 0x2c0b, 0x2c0b, 2, 1394, 1 },
    { 0x2c0c, 0x2c0c, 2, 1395, 1 },
    { 0x2c0d, 0x2c0d, 2, 1396, 1 },
    { 0x2c0e, 0x2c0e, 2, 1397, 1 },
    { 0x2c0f, 0x2c0f, 2, 1398, 1 },
    { 0x2c10, 0x2c10, 2, 1399, 1 },
    { 0x2c11, 0x2c11, 2, 1400, 1 },
    { 0x2c12, 0x2c12, 2, 1401, 1 },
    { 0x2c13, 0x2c13, 2, 1402, 1 },
    { 0x2c14, 0x2c14, 2, 1403, 1 },
    { 0x2c15, 0x2c15, 2, 1404, 1 },
    { 0x2c16, 0x2c16, 2, 1405, 1 },
    { 0x2c17, 0x2c17, 2, 1406, 1 },
    { 0x2c18, 0x2c18, 2, 1407, 1 },
    { 0x2c19, 0x2c19, 2, 1408, 1 },
    { 0x2c1a, 0x2c1a, 2, 1409, 1 },
    { 0x2c1b, 0x2c1b, 2, 1410, 1 },
    { 0x2c1c, 0x2c1c, 2, 1411, 1 },
    { 0x2c1d, 0x2c1d, 2, 1412, 1 },
    { 0x2c1e, 0x2c1e, 2, 1413, 1 },
    { 0x2c1f, 0x2c1f, 2, 1414, 1 },
    { 0x2c20, 0x2c20, 2, 1415, 1 },
    { 0x2c21, 0x2c21, 2, 1416, 1 },
    { 0x2c22, 0x2c22, 2, 1417, 1 },
    { 0x2c23, 0x2c23, 2, 1418, 1 },
    { 0x2c24, 0x2c24, 2, 1419, 1 },
    { 0x2c25, 0x2c25, 2, 1420, 1 },
    { 0x2c26, 0x2c26, 2, 1421, 1 },
    { 0x2c27, 0x2c27, 2, 1422, 1 },
    { 0x2c28, 0x2c28, 2, 1423, 1 },
    { 0x2c29, 0x2c29, 2, 1424, 1 },
    { 0x2c2a, 0x2c2a, 2, 1425, 1 },
    { 0x2c2b, 0x2c2b, 2, 1426, 1 },
    { 0x2c2c, 0x2c2c, 2, 1427, 1 },
    { 0x2c2d, 0x2c2d, 2, 1428, 1 },
    { 0x2c2e, 0x2c2e, 2, 1429, 1 },
    { 0x2c2f, 0x2c2f, 2, 1430, 1 },
    { 0x2c30, 0x2c5f, 0, 0, 0 },
    { 0x2c60, 0x2c60, 2, 1431, 1 },
    { 0x2c61, 0x2c61, 0, 0, 0 },
    { 0x2c62, 0x2c62, 2, 1432, 1 },
    { 0x2c63, 0x2c63, 2, 1433, 1 },
    { 0x2c64, 0x2c64, 2, 1434, 1 },
    { 0x2c65, 0x2c66, 0, 0, 0 },
    { 0x2c67, 0x2c67, 2, 1435, 1 },
    { 0x2c68, 0x2c68, 0, 0, 0 },
    { 0x2c69, 0x2c69, 2, 1436, 1 },
    { 0x2c6a, 0x2c6a, 0, 0, 0 },
    { 0x2c6b, 0x2c6b, 2, 1437, 1 },
    { 0x2c6c, 0x2c6c, 0, 0, 0 },
    { 0x2c6d, 0x2c6d, 2, 715, 1 },
    { 0x2c6e, 0x2c6e, 2, 733, 1 },
    { 0x2c6f, 0x2c6f, 2, 714, 1 },
    { 0x2c70, 0x2c70, 2, 722, 1 },
    { 0x2c71, 0x2c71, 0, 0, 0 },
    { 0x2c72, 0x2c72, 2, 1438, 1 },
    { 0x2c73, 0x2c74, 0, 0, 0 },
    { 0x2c75, 0x2c75, 2, 1439, 1 },
    { 0x2c76, 0x2c7b, 0, 0, 0 },
    { 0x2c7c, 0x2c7c, 2, 9, 1 },
    { 0x2c7d, 0x2c7d, 2, 21, 1 },
    { 0x2c7e, 0x2c7e, 2, 1440, 1 },
    { 0x2c7f, 0x2c7f, 2, 1441, 1 },
    { 0x2c80, 0x2c80, 2, 1442, 1 },
    { 0x2c81, 0x2c81, 0, 0, 0 },
    { 0x2c82, 0x2c82, 2, 1443, 1 },
    { 0x2c83, 0x2c83, 0, 0, 0 },
    { 0x2c84, 0x2c84, 2, 1444, 1 },
    { 0x2c85, 0x2c85, 0, 0, 0 },
    { 0x2c86, 0x2c86, 2, 1445, 1 },
    { 0x2c87, 0x2c87, 0, 0, 0 },
    { 0x2c88, 0x2c88, 2, 1446, 1 },
    { 0x2c89, 0x2c89, 0, 0, 0 },
    { 0x2c8a, 0x2c8a, 2, 1447, 1 },
    { 0x2c8b, 0x2c8b, 0, 0, 0 },
    { 0x2c8c, 0x2c8c, 2, 1448, 1 },
    { 0x2c8d, 0x2c8d, 0, 0, 0 },
    { 0x2c8e, 0x2c8e, 2, 1449, 1 },
    { 0x2c8f, 0x2c8f, 0, 0, 0 },
    { 0x2c90, 0x2c90, 2, 1450, 1 },
    { 0x2c91, 0x2c91, 0, 0, 0 },
    { 0x2c92, 0x2c92, 2, 1451, 1 },
    { 0x2c93, 0x2c93, 0, 0, 0 },
    { 0x2c94, 0x2c94, 2, 1452, 1 },
    { 0x2c95, 0x2c95, 0, 0, 0 },
    { 0x2c96, 0x2c96, 2, 1453, 1 },
    { 0x2c97, 0x2c97, 0, 0, 0 },
    { 0x2c98, 0x2c98, 2, 1454, 1 },
    { 0x2c99, 0x2c99, 0, 0, 0 },
    { 0x2c9a, 0x2c9a, 2, 1455, 1 },
    { 0x2c9b, 0x2c9b, 0, 0, 0 },
    { 0x2c9c, 0x2c9c, 2, 1456, 1 },
    { 0x2c9d, 0x2c9d, 0, 0, 0 },
    { 0x2c9e, 0x2c9e, 2, 1457, 1 },
    { 0x2c9f, 0x2c9f, 0, 0, 0 },
    { 0x2ca0, 0x2ca0, 2, 1458, 1 },
    { 0x2ca1, 0x2ca1, 0, 0, 0 },
    { 0x2ca2, 0x2ca2, 2, 1459, 1 },
    { 0x2ca3, 0x2ca3, 0, 0, 0 },
    { 0x2ca4, 0x2ca4, 2, 1460, 1 },
    { 0x2ca5, 0x2ca5, 0, 0, 0 },
    { 0x2ca6, 0x2ca6, 2, 1461, 1 },
    { 0x2ca7, 0x2ca7, 0, 0, 0 },
    { 0x2ca8, 0x2ca8, 2, 1462, 1 },
    { 0x2ca9, 0x2ca9, 0, 0, 0 },
    { 0x2caa, 0x2caa, 2, 1463, 1 },
    { 0x2cab, 0x2cab, 0, 0, 0 },
    { 0x2cac, 0x2cac, 2, 1464, 1 },
    { 0x2cad, 0x2cad, 0, 0, 0 },
    { 0x2cae, 0x2cae, 2, 1465, 1 },
    { 0x2caf, 0x2caf, 0, 0, 0 },
    { 0x2cb0, 0x2cb0, 2, 1466, 1 },
    { 0x2cb1, 0x2cb1, 0, 0, 0 },
    { 0x2cb2, 0x2cb2, 2, 1467, 1 },
    { 0x2cb3, 0x2cb3, 0, 0, 0 },
    { 0x2cb4, 0x2cb4, 2, 1468, 1 },
    { 0x2cb5, 0x2cb5, 0, 0, 0 },
    { 0x2cb6, 0x2cb6, 2, 1469, 1 },
    { 0x2cb7, 0x2cb7, 0, 0, 0 },
    { 0x2cb8, 0x2cb8, 2, 1470, 1 },
    { 0x2cb9, 0x2cb9, 0, 0, 0 },
    { 0x2cba, 0x2cba, 2, 1471, 1 },
    { 0x2cbb, 0x2cbb, 0, 0, 0 },
    { 0x2cbc, 0x2cbc, 2, 1472, 1 },
    { 0x2cbd, 0x2cbd, 0, 0, 0 },
    { 0x2cbe, 0x2cbe, 2, 1473, 1 },
    { 0x2cbf, 0x2cbf, 0, 0, 0 },
    { 0x2cc0, 0x2cc0, 2, 1474, 1 },
    { 0x2cc1, 0x2cc1, 0, 0, 0 },
    { 0x2cc2, 0x2cc2, 2, 1475, 1 },
    { 0x2cc3, 0x2cc3, 0, 0, 0 },
    { 0x2cc4, 0x2cc4, 2, 1476, 1 },
    { 0x2cc5, 0x2cc5, 0, 0, 0 },
    { 0x2cc6, 0x2cc6, 2, 1477, 1 },
    { 0x2cc7, 0x2cc7, 0, 0, 0 },
    { 0x2cc8, 0x2cc8, 2, 1478, 1 },
    { 0x2cc9, 0x2cc9, 0, 0, 0 },
    { 0x2cca, 0x2cca, 2, 1479, 1 },
    { 0x2ccb, 0x2ccb, 0, 0, 0 },
    { 0x2ccc, 0x2ccc, 2, 1480, 1 },
    { 0x2ccd, 0x2ccd, 0, 0, 0 },
    { 0x2cce, 0x2cce, 2, 1481, 1 },
    { 0x2ccf, 0x2ccf, 0, 0, 0 },
    { 0x2cd0, 0x2cd0, 2, 1482, 1 },
    { 0x2cd1, 0x2cd1, 0, 0, 0 },
    { 0x2cd2, 0x2cd2, 2, 1483, 1 },
    { 0x2cd3, 0x2cd3, 0, 0, 0 },
    { 0x2cd4, 0x2cd4, 2, 1484, 1 },
    { 0x2cd5, 0x2cd5, 0, 0, 0 },
    { 0x2cd6, 0x2cd6, 2, 1485, 1 },
    { 0x2cd7, 0x2cd7, 0, 0, 0 },
    { 0x2cd8, 0x2cd8, 2, 1486, 1 },
    { 0x2cd9, 0x2cd9, 0, 0, 0 },
    { 0x2cda, 0x2cda, 2, 1487, 1 },
    { 0x2cdb, 0x2cdb, 0, 0, 0 },
    { 0x2cdc, 0x2cdc, 2, 1488, 1 },
    { 0x2cdd, 0x2cdd, 0, 0, 0 },
    { 0x2cde, 0x2cde, 2, 1489, 1 },
    { 0x2cdf, 0x2cdf, 0, 0, 0 },
    { 0x2ce0, 0x2ce0, 2, 1490, 1 },
    { 0x2ce1, 0x2ce1, 0, 0, 0 },
    { 0x2ce2, 0x2ce2, 2, 1491, 1 },
    { 0x2ce3, 0x2cea, 0, 0, 0 },
    { 0x2ceb, 0x2ceb, 2, 1492, 1 },
    { 0x2cec, 0x2cec, 0, 0, 0 },
    { 0x2ced, 0x2ced, 2, 1493, 1 },
    { 0x2cee, 0x2cf1, 0, 0, 0 },
    { 0x2cf2, 0x2cf2, 2, 1494, 1 },
    { 0x2cf3, 0x2cf3, 0, 0, 0 },
    { 0x2cf4, 0x2cf8, 3, 0, 0 },
    { 0x2cf9, 0x2d25, 0, 0, 0 },
    { 0x2d26, 0x2d26, 3, 0, 0 },
    { 0x2d27, 0x2d27, 0, 0, 0 },
    { 0x2d28, 0x2d2c, 3, 0, 0 },
    { 0x2d2d, 0x2d2d, 0, 0, 0 },
    { 0x2d2e, 0x2d2f, 3, 0, 0 },
    { 0x2d30, 0x2d67, 0, 0, 0 },
    { 0x2d68, 0x2d6e, 3, 0, 0 },
    { 0x2d6f, 0x2d6f, 2, 1495, 1 },
    { 0x2d70, 0x2d70, 0, 0, 0 },
    { 0x2d71, 0x2d7e, 3, 0, 0 },
    { 0x2d7f, 0x2d96, 0, 0, 0 },
    { 0x2d97, 0x2d9f, 3, 0, 0 },
    { 0x2da0, 0x2da6, 0, 0, 0 },
    { 0x2da7, 0x2da7, 3, 0, 0 },
    { 0x2da8, 0x2dae, 0, 0, 0 },
    { 0x2daf, 0x2daf, 3, 0, 0 },
    { 0x2db0, 0x2db6, 0, 0, 0 },
    { 0x2db7, 0x2db7, 3, 0, 0 },
    { 0x2db8, 0x2dbe, 0, 0, 0 },
    { 0x2dbf, 0x2dbf, 3, 0, 0 },
    { 0x2dc0, 0x2dc6, 0, 0, 0 },
    { 0x2dc7, 0x2dc7, 3, 0, 0 },
    { 0x2dc8, 0x2dce, 0, 0, 0 },
    { 0x2dcf, 0x2dcf, 3, 0, 0 },
    { 0x2dd0, 0x2dd6, 0, 0, 0 },
    { 0x2dd7, 0x2dd7, 3, 0, 0 },
    { 0x2dd8, 0x2dde, 0, 0, 0 },
    { 0x2ddf, 0x2ddf, 3, 0, 0 },
    { 0x2de0, 0x2e5d, 0, 0, 0 },
    { 0x2e5e, 0x2e7f, 3, 0, 0 },
    { 0x2e80, 0x2e99, 0, 0, 0 },
    { 0x2e9a, 0x2e9a, 3, 0, 0 },
    { 0x2e9b, 0x2e9e, 0, 0, 0 },
    { 0x2e9f, 0x2e9f, 2, 1496, 1 },
    { 0x2ea0, 0x2ef2, 0, 0, 0 },
    { 0x2ef3, 0x2ef3, 2, 1497, 1 },
    { 0x2ef4, 0x2eff, 3, 0, 0 },
    { 0x2f00, 0x2f00, 2, 1498, 1 },
    { 0x2f01, 0x2f01, 2, 1499, 1 },
    { 0x2f02, 0x2f02, 2, 1500, 1 },
    { 0x2f03, 0x2f03, 2, 1501, 1 },
    { 0x2f04, 0x2f04, 2, 1502, 1 },
    { 0x2f05, 0x2f05, 2, 1503, 1 },
    { 0x2f06, 0x2f06, 2, 1504, 1 },
    { 0x2f07, 0x2f07, 2, 1505, 1 },
    { 0x2f08, 0x2f08, 2, 1506, 1 },
    { 0x2f09, 0x2f09, 2, 1507, 1 },
    { 0x2f0a, 0x2f0a, 2, 1508, 1 },
    { 0x2f0b, 0x2f0b, 2, 1509, 1 },
    { 0x2f0c, 0x2f0c, 2, 1510, 1 },
    { 0x2f0d, 0x2f0d, 2, 1511, 1 },
    { 0x2f0e, 0x2f0e, 2, 1512, 1 },
    { 0x2f0f, 0x2f0f, 2, 1513, 1 },
    { 0x2f10, 0x2f10, 2, 1514, 1 },
    { 0x2f11, 0x2f11, 2, 1515, 1 },
    { 0x2f12, 0x2f12, 2, 1516, 1 },
    { 0x2f13, 0x2f13, 2, 1517, 1 },
    { 0x2f14, 0x2f14, 2, 1518, 1 },
    { 0x2f15, 0x2f15, 2, 1519, 1 },
    { 0x2f16, 0x2f16, 2, 1520, 1 },
    { 0x2f17, 0x2f17, 2, 1521, 1 },
    { 0x2f18, 0x2f18, 2, 1522, 1 },
    { 0x2f19, 0x2f19, 2, 1523, 1 },
    { 0x2f1a, 0x2f1a, 2, 1524, 1 },
    { 0x2f1b, 0x2f1b, 2, 1525, 1 },
    { 0x2f1c, 0x2f1c, 2, 1526, 1 },
    { 0x2f1d, 0x2f1d, 2, 1527, 1 },
    { 0x2f1e, 0x2f1e, 2, 1528, 1 },
    { 0x2f1f, 0x2f1f, 2, 1529, 1 },
    { 0x2f20, 0x2f20, 2, 1530, 1 },
    { 0x2f21, 0x2f21, 2, 1531, 1 },
    { 0x2f22, 0x2f22, 2, 1532, 1 },
    { 0x2f23, 0x2f23, 2, 1533, 1 },
    { 0x2f24, 0x2f24, 2, 1534, 1 },
    { 0x2f25, 0x2f25, 2, 1535, 1 },
    { 0x2f26, 0x2f26, 2, 1536, 1 },
    { 0x2f27, 0x2f27, 2, 1537, 1 },
    { 0x2f28, 0x2f28, 2, 1538, 1 },
    { 0x2f29, 0x2f29, 2, 1539, 1 },
    { 0x2f2a, 0x2f2a, 2, 1540, 1 },
    { 0x2f2b, 0x2f2b, 2, 1541, 1 },
    { 0x2f2c, 0x2f2c, 2, 1542, 1 },
    { 0x2f2d, 0x2f2d, 2, 1543, 1 },
    { 0x2f2e, 0x2f2e, 2, 1544, 1 },
    { 0x2f2f, 0x2f2f, 2, 1545, 1 },
    { 0x2f30, 0x2f30, 2, 1546, 1 },
    { 0x2f31, 0x2f31, 2, 1547, 1 },
    { 0x2f32, 0x2f32, 2, 1548, 1 },
    { 0x2f33, 0x2f33, 2, 1549, 1 },
    { 0x2f34, 0x2f34, 2, 1550, 1 },
    { 0x2f35, 0x2f35, 2, 1551, 1 },
    { 0x2f36, 0x2f36, 2, 1552, 1 },
    { 0x2f37, 0x2f37, 2, 1553, 1 },
    { 0x2f38, 0x2f38, 2, 1554, 1 },
    { 0x2f39, 0x2f39, 2, 1555, 1 },
    { 0x2f3a, 0x2f3a, 2, 1556, 1 },
    { 0x2f3b, 0x2f3b, 2, 1557, 1 },
    { 0x2f3c, 0x2f3c, 2, 1558, 1 },
    { 0x2f3d, 0x2f3d, 2, 1559, 1 },
    { 0x2f3e, 0x2f3e, 2, 1560, 1 },
    { 0x2f3f, 0x2f3f, 2, 1561, 1 },
    { 0x2f40, 0x2f40, 2, 1562, 1 },
    { 0x2f41, 0x2f41, 2, 1563, 1 },
    { 0x2f42, 0x2f42, 2, 1564, 1 },
    { 0x2f43, 0x2f43, 2, 1565, 1 },
    { 0x2f44, 0x2f44, 2, 1566, 1 },
    { 0x2f45, 0x2f45, 2, 1567, 1 },
    { 0x2f46, 0x2f46, 2, 1568, 1 },
    { 0x2f47, 0x2f47, 2, 1569, 1 },
    { 0x2f48, 0x2f48, 2, 1570, 1 },
    { 0x2f49, 0x2f49, 2, 1571, 1 },
    { 0x2f4a, 0x2f4a, 2, 1572, 1 },
    { 0x2f4b, 0x2f4b, 2, 1573, 1 },
    { 0x2f4c, 0x2f4c, 2, 1574, 1 },
    { 0x2f4d, 0x2f4d, 2, 1575, 1 },
    { 0x2f4e, 0x2f4e, 2, 1576, 1 },
    { 0x2f4f, 0x2f4f, 2, 1577, 1 },
    { 0x2f50, 0x2f50, 2, 1578, 1 },
    { 0x2f51, 0x2f51, 2, 1579, 1 },
    { 0x2f52, 0x2f52, 2, 1580, 1 },
    { 0x2f53, 0x2f53, 2, 1581, 1 },
    { 0x2f54, 0x2f54, 2, 1582, 1 },
    { 0x2f55, 0x2f55, 2, 1583, 1 },
    { 0x2f56, 0x2f56, 2, 1584, 1 },
    { 0x2f57, 0x2f57, 2, 1585, 1 },
    { 0x2f58, 0x2f58, 2, 1586, 1 },
    { 0x2f59, 0x2f59, 2, 1587, 1 },
    { 0x2f5a, 0x2f5a, 2, 1588, 1 },
    { 0x2f5b, 0x2f5b, 2, 1589, 1 },
    { 0x2f5c, 0x2f5c, 2, 1590, 1 },
    { 0x2f5d, 0x2f5d, 2, 1591, 1 },
    { 0x2f5e, 0x2f5e, 2, 1592, 1 },
    { 0x2f5f, 0x2f5f, 2, 1593, 1 },
    { 0x2f60, 0x2f60, 2, 1594, 1 },
    { 0x2f61, 0x2f61, 2, 1595, 1 },
    { 0x2f62, 0x2f62, 2, 1596, 1 },
    { 0x2f63, 0x2f63, 2, 1597, 1 },
    { 0x2f64, 0x2f64, 2, 1598, 1 },
    { 0x2f65, 0x2f65, 2, 1599, 1 },
    { 0x2f66, 0x2f66, 2, 1600, 1 },
    { 0x2f67, 0x2f67, 2, 1601, 1 },
    { 0x2f68, 0x2f68, 2, 1602, 1 },
    { 0x2f69, 0x2f69, 2, 1603, 1 },
    { 0x2f6a, 0x2f6a, 2, 1604, 1 },
    { 0x2f6b, 0x2f6b, 2, 1605, 1 },
    { 0x2f6c, 0x2f6c, 2, 1606, 1 },
    { 0x2f6d, 0x2f6d, 2, 1607, 1 },
    { 0x2f6e, 0x2f6e, 2, 1608, 1 },
    { 0x2f6f, 0x2f6f, 2, 1609, 1 },
    { 0x2f70, 0x2f70, 2, 1610, 1 },
    { 0x2f71, 0x2f71, 2, 1611, 1 },
    { 0x2f72, 0x2f72, 2, 1612, 1 },
    { 0x2f73, 0x2f73, 2, 1613, 1 },
    { 0x2f74, 0x2f74, 2, 1614, 1 },
    { 0x2f75, 0x2f75, 2, 1615, 1 },
    { 0x2f76, 0x2f76, 2, 1616, 1 },
    { 0x2f77, 0x2f77, 2, 1617, 1 },
    { 0x2f78, 0x2f78, 2, 1618, 1 },
    { 0x2f79, 0x2f79, 2, 1619, 1 },
    { 0x2f7a, 0x2f7a, 2, 1620, 1 },
    { 0x2f7b, 0x2f7b, 2, 1621, 1 },
    { 0x2f7c, 0x2f7c, 2, 1622, 1 },
    { 0x2f7d, 0x2f7d, 2, 1623, 1 },
    { 0x2f7e, 0x2f7e, 2, 1624, 1 },
    { 0x2f7f, 0x2f7f, 2, 1625, 1 },
    { 0x2f80, 0x2f80, 2, 1626, 1 },
    { 0x2f81, 0x2f81, 2, 1627, 1 },
    { 0x2f82, 0x2f82, 2, 1628, 1 },
    { 0x2f83, 0x2f83, 2, 1629, 1 },
    { 0x2f84, 0x2f84, 2, 1630, 1 },
    { 0x2f85, 0x2f85, 2, 1631, 1 },
    { 0x2f86, 0x2f86, 2, 1632, 1 },
    { 0x2f87, 0x2f87, 2, 1633, 1 },
    { 0x2f88, 0x2f88, 2, 1634, 1 },
    { 0x2f89, 0x2f89, 2, 1635, 1 },
    { 0x2f8a, 0x2f8a, 2, 1636, 1 },
    { 0x2f8b, 0x2f8b, 2, 1637, 1 },
    { 0x2f8c, 0x2f8c, 2, 1638, 1 },
    { 0x2f8d, 0x2f8d, 2, 1639, 1 },
    { 0x2f8e, 0x2f8e, 2, 1640, 1 },
    { 0x2f8f, 0x2f8f, 2, 1641, 1 },
    { 0x2f90, 0x2f90, 2, 1642, 1 },
    { 0x2f91, 0x2f91, 2, 1643, 1 },
    { 0x2f92, 0x2f92, 2, 1644, 1 },
    { 0x2f93, 0x2f93, 2, 1645, 1 },
    { 0x2f94, 0x2f94, 2, 1646, 1 },
    { 0x2f95, 0x2f95, 2, 1647, 1 },
    { 0x2f96, 0x2f96, 2, 1648, 1 },
    { 0x2f97, 0x2f97, 2, 1649, 1 },
    { 0x2f98, 0x2f98, 2, 1650, 1 },
    { 0x2f99, 0x2f99, 2, 1651, 1 },
    { 0x2f9a, 0x2f9a, 2, 1652, 1 },
    { 0x2f9b, 0x2f9b, 2, 1653, 1 },
    { 0x2f9c, 0x2f9c, 2, 1654, 1 },
    { 0x2f9d, 0x2f9d, 2, 1655, 1 },
    { 0x2f9e, 0x2f9e, 2, 1656, 1 },
    { 0x2f9f, 0x2f9f, 2, 1657, 1 },
    { 0x2fa0, 0x2fa0, 2, 1658, 1 },
    { 0x2fa1, 0x2fa1, 2, 1659, 1 },
    { 0x2fa2, 0x2fa2, 2, 1660, 1 },
    { 0x2fa3, 0x2fa3, 2, 1661, 1 },
    { 0x2fa4, 0x2fa4, 2, 1662, 1 },
    { 0x2fa5, 0x2fa5, 2, 1663, 1 },
    { 0x2fa6, 0x2fa6, 2, 1664, 1 },
    { 0x2fa7, 0x2fa7, 2, 1665, 1 },
    { 0x2fa8, 0x2fa8, 2, 1666, 1 },
    { 0x2fa9, 0x2fa9, 2, 1667, 1 },
    { 0x2faa, 0x2faa, 2, 1668, 1 },
    { 0x2fab, 0x2fab, 2, 1669, 1 },
    { 0x2fac, 0x2fac, 2, 1670, 1 },
    { 0x2fad, 0x2fad, 2, 1671, 1 },
    { 0x2fae, 0x2fae, 2, 1672, 1 },
    { 0x2faf, 0x2faf, 2, 1673, 1 },
    { 0x2fb0, 0x2fb0, 2, 1674, 1 },
    { 0x2fb1, 0x2fb1, 2, 1675, 1 },
    { 0x2fb2, 0x2fb2, 2, 1676, 1 },
    { 0x2fb3, 0x2fb3, 2, 1677, 1 },
    { 0x2fb4, 0x2fb4, 2, 1678, 1 },
    { 0x2fb5, 0x2fb5, 2, 1679, 1 },
    { 0x2fb6, 0x2fb6, 2, 1680, 1 },
    { 0x2fb7, 0x2fb7, 2, 1681, 1 },
    { 0x2fb8, 0x2fb8, 2, 1682, 1 },
    { 0x2fb9, 0x2fb9, 2, 1683, 1 },
    { 0x2fba, 0x2fba, 2, 1684, 1 },
    { 0x2fbb, 0x2fbb, 2, 1685, 1 },
    { 0x2fbc, 0x2fbc, 2, 1686, 1 },
    { 0x2fbd, 0x2fbd, 2, 1687, 1 },
    { 0x2fbe, 0x2fbe, 2, 1688, 1 },
    { 0x2fbf, 0x2fbf, 2, 1689, 1 },
    { 0x2fc0, 0x2fc0, 2, 1690, 1 },
    { 0x2fc1, 0x2fc1, 2, 1691, 1 },
    { 0x2fc2, 0x2fc2, 2, 1692, 1 },
    { 0x2fc3, 0x2fc3, 2, 1693, 1 },
    { 0x2fc4, 0x2fc4, 2, 1694, 1 },
    { 0x2fc5, 0x2fc5, 2, 1695, 1 },
    { 0x2fc6, 0x2fc6, 2, 1696, 1 },
    { 0x2fc7, 0x2fc7, 2, 1697, 1 },
    { 0x2fc8, 0x2fc8, 2, 1698, 1 },
    { 0x2fc9, 0x2fc9, 2, 1699, 1 },
    { 0x2fca, 0x2fca, 2, 1700, 1 },
    { 0x2fcb, 0x2fcb, 2, 1701, 1 },
    { 0x2fcc, 0x2fcc, 2, 1702, 1 },
    { 0x2fcd, 0x2fcd, 2, 1703, 1 },
    { 0x2fce, 0x2fce, 2, 1704, 1 },
    { 0x2fcf, 0x2fcf, 2, 1705, 1 },
    { 0x2fd0, 0x2fd0, 2, 1706, 1 },
    { 0x2fd1, 0x2fd1, 2, 1707, 1 },
    { 0x2fd2, 0x2fd2, 2, 1708, 1 },
    { 0x2fd3, 0x2fd3, 2, 1709, 1 },
    { 0x2fd4, 0x2fd4, 2, 1710, 1 },
    { 0x2fd5, 0x2fd5, 2, 1711, 1 },
    { 0x2fd6, 0x2fff, 3, 0, 0 },
    { 0x3000, 0x3000, 2, 26, 1 },
    { 0x3001, 0x3001, 0, 0, 0 },
    { 0x3002, 0x3002, 2, 1712, 1 },
    { 0x3003, 0x3035, 0, 0, 0 },
    { 0x3036, 0x3036, 2, 1713, 1 },
    { 0x3037, 0x3037, 0, 0, 0 },
    { 0x3038, 0x3038, 2, 1521, 1 },
    { 0x3039, 0x3039, 2, 1714, 1 },
    { 0x303a, 0x303a, 2, 1715, 1 },
    { 0x303b, 0x303f, 0, 0, 0 },
    { 0x3040, 0x3040, 3, 0, 0 },
    { 0x3041, 0x3096, 0, 0, 0 },
    { 0x3097, 0x3098, 3, 0, 0 },
    { 0x3099, 0x309a, 0, 0, 0 },
    { 0x309b, 0x309b, 2, 1716, 2 },
    { 0x309c, 0x309c, 2, 1718, 2 },
    { 0x309d, 0x309e, 0, 0, 0 },
    { 0x309f, 0x309f, 2, 1720, 2 },
    { 0x30a0, 0x30fe, 0, 0, 0 },
    { 0x30ff, 0x30ff, 2, 1722, 2 },
    { 0x3100, 0x3104, 3, 0, 0 },
    { 0x3105, 0x312f, 0, 0, 0 },
    { 0x3130, 0x3130, 3, 0, 0 },
    { 0x3131, 0x3131, 2, 1724, 1 },
    { 0x3132, 0x3132, 2, 1725, 1 },
    { 0x3133, 0x3133, 2, 1726, 1 },
    { 0x3134, 0x3134, 2, 1727, 1 },
    { 0x3135, 0x3135, 2, 1728, 1 },
    { 0x3136, 0x3136, 2, 1729, 1 },
    { 0x3137, 0x3137, 2, 1730, 1 },
    { 0x3138, 0x3138, 2, 1731, 1 },
    { 0x3139, 0x3139, 2, 1732, 1 },
    { 0x313a, 0x313a, 2, 1733, 1 },
    { 0x313b, 0x313b, 2, 1734, 1 },
    { 0x313c, 0x313c, 2, 1735, 1 },
    { 0x313d, 0x313d, 2, 1736, 1 },
    { 0x313e, 0x313e, 2, 1737, 1 },
    { 0x313f, 0x313f, 2, 1738, 1 },
    { 0x3140, 0x3140, 2, 1739, 1 },
    { 0x3141, 0x3141, 2, 1740, 1 },
    { 0x3142, 0x3142, 2, 1741, 1 },
    { 0x3143, 0x3143, 2, 1742, 1 },
    { 0x3144, 0x3144, 2, 1743, 1 },
    { 0x3145, 0x3145, 2, 1744, 1 },
    { 0x3146, 0x3146, 2, 1745, 1 },
    { 0x3147, 0x3147, 2, 1746, 1 },
    { 0x3148, 0x3148, 2, 1747, 1 },
    { 0x3149, 0x3149, 2, 1748, 1 },
    { 0x314a, 0x314a, 2, 1749, 1 },
    { 0x314b, 0x314b, 2, 1750, 1 },
    { 0x314c, 0x314c, 2, 1751, 1 },
    { 0x314d, 0x314d, 2, 1752, 1 },
    { 0x314e, 0x314e, 2, 1753, 1 },
    { 0x314f, 0x314f, 2, 1754, 1 },
    { 0x3150, 0x3150, 2, 1755, 1 },
    { 0x3151, 0x3151, 2, 1756, 1 },
    { 0x3152, 0x3152, 2, 1757, 1 },
    { 0x3153, 0x3153, 2, 1758, 1 },
    { 0x3154, 0x3154, 2, 1759, 1 },
    { 0x3155, 0x3155, 2, 1760, 1 },
    { 0x3156, 0x3156, 2, 1761, 1 },
    { 0x3157, 0x3157, 2, 1762, 1 },
    { 0x3158, 0x3158, 2, 1763, 1 },
    { 0x3159, 0x3159, 2, 1764, 1 },
    { 0x315a, 0x315a, 2, 1765, 1 },
    { 0x315b, 0x315b, 2, 1766, 1 },
    { 0x315c, 0x315c, 2, 1767, 1 },
    { 0x315d, 0x315d, 2, 1768, 1 },
    { 0x315e, 0x315e, 2, 1769, 1 },
    { 0x315f, 0x315f, 2, 1770, 1 },
    { 0x3160, 0x3160, 2, 1771, 1 },
    { 0x3161, 0x3161, 2, 1772, 1 },
    { 0x3162, 0x3162, 2, 1773, 1 },
    { 0x3163, 0x3163, 2, 1774, 1 },
    { 0x3164, 0x3164, 1, 0, 0 },
    { 0x3165, 0x3165, 2, 1775, 1 },
    { 0x3166, 0x3166, 2, 1776, 1 },
    { 0x3167, 0x3167, 2, 1777, 1 },
    { 0x3168, 0x3168, 2, 1778, 1 },
    { 0x3169, 0x3169, 2, 1779, 1 },
    { 0x316a, 0x316a, 2, 1780, 1 },
    { 0x316b, 0x316b, 2, 1781, 1 },
    { 0x316c, 0x316c, 2, 1782, 1 },
    { 0x316d, 0x316d, 2, 1783, 1 },
    { 0x316e, 0x316e, 2, 1784, 1 },
    { 0x316f, 0x316f, 2, 1785, 1 },
    { 0x3170, 0x3170, 2, 1786, 1 },
    { 0x3171, 0x3171, 2, 1787, 1 },
    { 0x3172, 0x3172, 2, 1788, 1 },
    { 0x3173, 0x3173, 2, 1789, 1 },
    { 0x3174, 0x3174, 2, 1790, 1 },
    { 0x3175, 0x3175, 2, 1791, 1 },
    { 0x3176, 0x3176, 2, 1792, 1 },
    { 0x3177, 0x3177, 2, 1793, 1 },
    { 0x3178, 0x3178, 2, 1794, 1 },
    { 0x3179, 0x3179, 2, 1795, 1 },
    { 0x317a, 0x317a, 2, 1796, 1 },
    { 0x317b, 0x317b, 2, 1797, 1 },
    { 0x317c, 0x317c, 2, 1798, 1 },
    { 0x317d, 0x317d, 2, 1799, 1 },
    { 0x317e, 0x317e, 2, 1800, 1 },
    { 0x317f, 0x317f, 2, 1801, 1 },
    { 0x3180, 0x3180, 2, 1802, 1 },
    { 0x3181, 0x3181, 2, 1803, 1 },
    { 0x3182, 0x3182, 2, 1804, 1 },
    { 0x3183, 0x3183, 2, 1805, 1 },
    { 0x3184, 0x3184, 2, 1806, 1 },
    { 0x3185, 0x3185, 2, 1807, 1 },
    { 0x3186, 0x3186, 2, 1808, 1 },
    { 0x3187, 0x3187, 2, 1809, 1 },
    { 0x3188, 0x3188, 2, 1810, 1 },
    { 0x3189, 0x3189, 2, 1811, 1 },
    { 0x318a, 0x318a, 2, 1812, 1 },
    { 0x318b, 0x318b, 2, 1813, 1 },
    { 0x318c, 0x318c, 2, 1814, 1 },
    { 0x318d, 0x318d, 2, 1815, 1 },
    { 0x318e, 0x318e, 2, 1816, 1 },
    { 0x318f, 0x318f, 3, 0, 0 },
    { 0x3190, 0x3191, 0, 0, 0 },
    { 0x3192, 0x3192, 2, 1498, 1 },
    { 0x3193, 0x3193, 2, 1504, 1 },
    { 0x3194, 0x3194, 2, 1817, 1 },
    { 0x3195, 0x3195, 2, 1818, 1 },
    { 0x3196, 0x3196, 2, 1819, 1 },
    { 0x3197, 0x3197, 2, 1820, 1 },
    { 0x3198, 0x3198, 2, 1821, 1 },
    { 0x3199, 0x3199, 2, 1822, 1 },
    { 0x319a, 0x319a, 2, 1502, 1 },
    { 0x319b, 0x319b, 2, 1823, 1 },
    { 0x319c, 0x319c, 2, 1824, 1 },
    { 0x319d, 0x319d, 2, 1825, 1 },
    { 0x319e, 0x319e, 2, 1826, 1 },
    { 0x319f, 0x319f, 2, 1506, 1 },
    { 0x31a0, 0x31e5, 0, 0, 0 },
    { 0x31e6, 0x31ef, 3, 0, 0 },
    { 0x31f0, 0x31ff, 0, 0, 0 },
    { 0x3200, 0x3200, 2, 1827, 3 },
    { 0x3201, 0x3201, 2, 1830, 3 },
    { 0x3202, 0x3202, 2, 1833, 3 },
    { 0x3203, 0x3203, 2, 1836, 3 },
    { 0x3204, 0x3204, 2, 1839, 3 },
    { 0x3205, 0x3205, 2, 1842, 3 },
    { 0x3206, 0x3206, 2, 1845, 3 },
    { 0x3207, 0x3207, 2, 1848, 3 },
    { 0x3208, 0x3208, 2, 1851, 3 },
    { 0x3209, 0x3209, 2, 1854, 3 },
    { 0x320a, 0x320a, 2, 1857, 3 },
    { 0x320b, 0x320b, 2, 1860, 3 },
    { 0x320c, 0x320c, 2, 1863, 3 },
    { 0x320d, 0x320d, 2, 1866, 3 },
    { 0x320e, 0x320e, 2, 1869, 3 },
    { 0x320f, 0x320f, 2, 1872, 3 },
    { 0x3210, 0x3210, 2, 1875, 3 },
    { 0x3211, 0x3211, 2, 1878, 3 },
    { 0x3212, 0x3212, 2, 1881, 3 },
    { 0x3213, 0x3213, 2, 1884, 3 },
    { 0x3214, 0x3214, 2, 1887, 3 },
    { 0x3215, 0x3215, 2, 1890, 3 },
    { 0x3216, 0x3216, 2, 1893, 3 },
    { 0x3217, 0x3217, 2, 1896, 3 },
    { 0x3218, 0x3218, 2, 1899, 3 },
    { 0x3219, 0x3219, 2, 1902, 3 },
    { 0x321a, 0x321a, 2, 1905, 3 },
    { 0x321b, 0x321b, 2, 1908, 3 },
    { 0x321c, 0x321c, 2, 1911, 3 },
    { 0x321d, 0x321d, 2, 1914, 4 },
    { 0x321e, 0x321e, 2, 1918, 4 },
    { 0x321f, 0x321f, 3, 0, 0 },
    { 0x3220, 0x3220, 2, 1922, 3 },
    { 0x3221, 0x3221, 2, 1925, 3 },
    { 0x3222, 0x3222, 2, 1928, 3 },
    { 0x3223, 0x3223, 2, 1931, 3 },
    { 0x3224, 0x3224, 2, 1934, 3 },
    { 0x3225, 0x3225, 2, 1937, 3 },
    { 0x3226, 0x3226, 2, 1940, 3 },
    { 0x3227, 0x3227, 2, 1943, 3 },
    { 0x3228, 0x3228, 2, 1946, 3 },
    { 0x3229, 0x3229, 2, 1949, 3 },
    { 0x322a, 0x322a, 2, 1952, 3 },
    { 0x322b, 0x322b, 2, 1955, 3 },
    { 0x322c, 0x322c, 2, 1958, 3 },
    { 0x322d, 0x322d, 2, 1961, 3 },
    { 0x322e, 0x322e, 2, 1964, 3 },
    { 0x322f, 0x322f, 2, 1967, 3 },
    { 0x3230, 0x3230, 2, 1970, 3 },
    { 0x3231, 0x3231, 2, 1973, 3 },
    { 0x3232, 0x3232, 2, 1976, 3 },
    { 0x3233, 0x3233, 2, 1979, 3 },
    { 0x3234, 0x3234, 2, 1982, 3 },
    { 0x3235, 0x3235, 2, 1985, 3 },
    { 0x3236, 0x3236, 2, 1988, 3 },
    { 0x3237, 0x3237, 2, 1991, 3 },
    { 0x3238, 0x3238, 2, 1994, 3 },
    { 0x3239, 0x3239, 2, 1997, 3 },
    { 0x323a, 0x323a, 2, 2000, 3 },
    { 0x323b, 0x323b, 2, 2003, 3 },
    { 0x323c, 0x323c, 2, 2006, 3 },
    { 0x323d, 0x323d, 2, 2009, 3 },
    { 0x323e, 0x323e, 2, 2012, 3 },
    { 0x323f, 0x323f, 2, 2015, 3 },
    { 0x3240, 0x3240, 2, 2018, 3 },
    { 0x3241, 0x3241, 2, 2021, 3 },
    { 0x3242, 0x3242, 2, 2024, 3 },
    { 0x3243, 0x3243, 2, 2027, 3 },
    { 0x3244, 0x3244, 2, 2030, 1 },
    { 0x3245, 0x3245, 2, 2031, 1 },
    { 0x3246, 0x3246, 2, 1564, 1 },
    { 0x3247, 0x3247, 2, 2032, 1 },
    { 0x3248, 0x324f, 0, 0, 0 },
    { 0x3250, 0x3250, 2, 2033, 3 },
    { 0x3251, 0x3251, 2, 2036, 2 },
    { 0x3252, 0x3252, 2, 2038, 2 },
    { 0x3253, 0x3253, 2, 2040, 2 },
    { 0x3254, 0x3254, 2, 2042, 2 },
    { 0x3255, 0x3255, 2, 2044, 2 },
    { 0x3256, 0x3256, 2, 2046, 2 },
    { 0x3257, 0x3257, 2, 2048, 2 },
    { 0x3258, 0x3258, 2, 2050, 2 },
    { 0x3259, 0x3259, 2, 2052, 2 },
    { 0x325a, 0x325a, 2, 2054, 2 },
    { 0x325b, 0x325b, 2, 2056, 2 },
    { 0x325c, 0x325c, 2, 2058, 2 },
    { 0x325d, 0x325d, 2, 2060, 2 },
    { 0x325e, 0x325e, 2, 2062, 2 },
    { 0x325f, 0x325f, 2, 2064, 2 },
    { 0x3260, 0x3260, 2, 1724, 1 },
    { 0x3261, 0x3261, 2, 1727, 1 },
    { 0x3262, 0x3262, 2, 1730, 1 },
    { 0x3263, 0x3263, 2, 1732, 1 },
    { 0x3264, 0x3264, 2, 1740, 1 },
    { 0x3265, 0x3265, 2, 1741, 1 },
    { 0x3266, 0x3266, 2, 1744, 1 },
    { 0x3267, 0x3267, 2, 1746, 1 },
    { 0x3268, 0x3268, 2, 1747, 1 },
    { 0x3269, 0x3269, 2, 1749, 1 },
    { 0x326a, 0x326a, 2, 1750, 1 },
    { 0x326b, 0x326b, 2, 1751, 1 },
    { 0x326c, 0x326c, 2, 1752, 1 },
    { 0x326d, 0x326d, 2, 1753, 1 },
    { 0x326e, 0x326e, 2, 2066, 1 },
    { 0x326f, 0x326f, 2, 2067, 1 },
    { 0x3270, 0x3270, 2, 2068, 1 },
    { 0x3271, 0x3271, 2, 2069, 1 },
    { 0x3272, 0x3272, 2, 2070, 1 },
    { 0x3273, 0x3273, 2, 2071, 1 },
    { 0x3274, 0x3274, 2, 2072, 1 },
    { 0x3275, 0x3275, 2, 2073, 1 },
    { 0x3276, 0x3276, 2, 2074, 1 },
    { 0x3277, 0x3277, 2, 2075, 1 },
    { 0x3278, 0x3278, 2, 2076, 1 },
    { 0x3279, 0x3279, 2, 2077, 1 },
    { 0x327a, 0x327a, 2, 2078, 1 },
    { 0x327b, 0x327b, 2, 2079, 1 },
    { 0x327c, 0x327c, 2, 2080, 2 },
    { 0x327d, 0x327d, 2, 2082, 2 },
    { 0x327e, 0x327e, 2, 2084, 1 },
    { 0x327f, 0x327f, 0, 0, 0 },
    { 0x3280, 0x3280, 2, 1498, 1 },
    { 0x3281, 0x3281, 2, 1504, 1 },
    { 0x3282, 0x3282, 2, 1817, 1 },
    { 0x3283, 0x3283, 2, 1818, 1 },
    { 0x3284, 0x3284, 2, 2085, 1 },
    { 0x3285, 0x3285, 2, 2086, 1 },
    { 0x3286, 0x3286, 2, 2087, 1 },
    { 0x3287, 0x3287, 2, 1509, 1 },
    { 0x3288, 0x3288, 2, 2088, 1 },
    { 0x3289, 0x3289, 2, 1521, 1 },
    { 0x328a, 0x328a, 2, 1571, 1 },
    { 0x328b, 0x328b, 2, 1583, 1 },
    { 0x328c, 0x328c, 2, 1582, 1 },
    { 0x328d, 0x328d, 2, 1572, 1 },
    { 0x328e, 0x328e, 2, 1664, 1 },
    { 0x328f, 0x328f, 2, 1529, 1 },
    { 0x3290, 0x3290, 2, 1569, 1 },
    { 0x3291, 0x3291, 2, 2089, 1 },
    { 0x3292, 0x3292, 2, 2090, 1 },
    { 0x3293, 0x3293, 2, 2091, 1 },
    { 0x3294, 0x3294, 2, 2092, 1 },
    { 0x3295, 0x3295, 2, 2093, 1 },
    { 0x3296, 0x3296, 2, 2094, 1 },
    { 0x3297, 0x3297, 2, 2095, 1 },
    { 0x3298, 0x3298, 2, 2096, 1 },
    { 0x3299, 0x3299, 2, 2097, 1 },
    { 0x329a, 0x329a, 2, 2098, 1 },
    { 0x329b, 0x329b, 2, 1535, 1 },
    { 0x329c, 0x329c, 2, 2099, 1 },
    { 0x329d, 0x329d, 2, 2100, 1 },
    { 0x329e, 0x329e, 2, 2101, 1 },
    { 0x329f, 0x329f, 2, 2102, 1 },
    { 0x32a0, 0x32a0, 2, 2103, 1 },
    { 0x32a1, 0x32a1, 2, 2104, 1 },
    { 0x32a2, 0x32a2, 2, 2105, 1 },
    { 0x32a3, 0x32a3, 2, 2106, 1 },
    { 0x32a4, 0x32a4, 2, 1819, 1 },
    { 0x32a5, 0x32a5, 2, 1820, 1 },
    { 0x32a6, 0x32a6, 2, 1821, 1 },
    { 0x32a7, 0x32a7, 2, 2107, 1 },
    { 0x32a8, 0x32a8, 2, 2108, 1 },
    { 0x32a9, 0x32a9, 2, 2109, 1 },
    { 0x32aa, 0x32aa, 2, 2110, 1 },
    { 0x32ab, 0x32ab, 2, 2111, 1 },
    { 0x32ac, 0x32ac, 2, 2112, 1 },
    { 0x32ad, 0x32ad, 2, 2113, 1 },
    { 0x32ae, 0x32ae, 2, 2114, 1 },
    { 0x32af, 0x32af, 2, 2115, 1 },
    { 0x32b0, 0x32b0, 2, 2116, 1 },
    { 0x32b1, 0x32b1, 2, 2117, 2 },
    { 0x32b2, 0x32b2, 2, 2119, 2 },
    { 0x32b3, 0x32b3, 2, 2121, 2 },
    { 0x32b4, 0x32b4, 2, 2123, 2 },
    { 0x32b5, 0x32b5, 2, 2125, 2 },
    { 0x32b6, 0x32b6, 2, 2127, 2 },
    { 0x32b7, 0x32b7, 2, 2129, 2 },
    { 0x32b8, 0x32b8, 2, 2131, 2 },
    { 0x32b9, 0x32b9, 2, 2133, 2 },
    { 0x32ba, 0x32ba, 2, 2135, 2 },
    { 0x32bb, 0x32bb, 2, 2137, 2 },
    { 0x32bc, 0x32bc, 2, 2139, 2 },
    { 0x32bd, 0x32bd, 2, 2141, 2 },
    { 0x32be, 0x32be, 2, 2143, 2 },
    { 0x32bf, 0x32bf, 2, 2145, 2 },
    { 0x32c0, 0x32c0, 2, 2147, 2 },
    { 0x32c1, 0x32c1, 2, 2149, 2 },
    { 0x32c2, 0x32c2, 2, 2151, 2 },
    { 0x32c3, 0x32c3, 2, 2153, 2 },
    { 0x32c4, 0x32c4, 2, 2155, 2 },
    { 0x32c5, 0x32c5, 2, 2157, 2 },
    { 0x32c6, 0x32c6, 2, 2159, 2 },
    { 0x32c7, 0x32c7, 2, 2161, 2 },
    { 0x32c8, 0x32c8, 2, 2163, 2 },
    { 0x32c9, 0x32c9, 2, 2165, 3 },
    { 0x32ca, 0x32ca, 2, 2168, 3 },
    { 0x32cb, 0x32cb, 2, 2171, 3 },
    { 0x32cc, 0x32cc, 2, 2174, 2 },
    { 0x32cd, 0x32cd, 2, 2176, 3 },
    { 0x32ce, 0x32ce, 2, 2179, 2 },
    { 0x32cf, 0x32cf, 2, 2181, 3 },
    { 0x32d0, 0x32d0, 2, 2184, 1 },
    { 0x32d1, 0x32d1, 2, 2185, 1 },
    { 0x32d2, 0x32d2, 2, 2186, 1 },
    { 0x32d3, 0x32d3, 2, 2187, 1 },
    { 0x32d4, 0x32d4, 2, 2188, 1 },
    { 0x32d5, 0x32d5, 2, 2189, 1 },
    { 0x32d6, 0x32d6, 2, 2190, 1 },
    { 0x32d7, 0x32d7, 2, 2191, 1 },
    { 0x32d8, 0x32d8, 2, 2192, 1 },
    { 0x32d9, 0x32d9, 2, 2193, 1 },
    { 0x32da, 0x32da, 2, 2194, 1 },
    { 0x32db, 0x32db, 2, 2195, 1 },
    { 0x32dc, 0x32dc, 2, 2196, 1 },
    { 0x32dd, 0x32dd, 2, 2197, 1 },
    { 0x32de, 0x32de, 2, 2198, 1 },
    { 0x32df, 0x32df, 2, 2199, 1 },
    { 0x32e0, 0x32e0, 2, 2200, 1 },
    { 0x32e1, 0x32e1, 2, 2201, 1 },
    { 0x32e2, 0x32e2, 2, 2202, 1 },
    { 0x32e3, 0x32e3, 2, 2203, 1 },
    { 0x32e4, 0x32e4, 2, 2204, 1 },
    { 0x32e5, 0x32e5, 2, 2205, 1 },
    { 0x32e6, 0x32e6, 2, 2206, 1 },
    { 0x32e7, 0x32e7, 2, 2207, 1 },
    { 0x32e8, 0x32e8, 2, 2208, 1 },
    { 0x32e9, 0x32e9, 2, 2209, 1 },
    { 0x32ea, 0x32ea, 2, 2210, 1 },
    { 0x32eb, 0x32eb, 2, 2211, 1 },
    { 0x32ec, 0x32ec, 2, 2212, 1 },
    { 0x32ed, 0x32ed, 2, 2213, 1 },
    { 0x32ee, 0x32ee, 2, 2214, 1 },
    { 0x32ef, 0x32ef, 2, 2215, 1 },
    { 0x32f0, 0x32f0, 2, 2216, 1 },
    { 0x32f1, 0x32f1, 2, 2217, 1 },
    { 0x32f2, 0x32f2, 2, 2218, 1 },
    { 0x32f3, 0x32f3, 2, 2219, 1 },
    { 0x32f4, 0x32f4, 2, 2220, 1 },
    { 0x32f5, 0x32f5, 2, 2221, 1 },
    { 0x32f6, 0x32f6, 2, 2222, 1 },
    { 0x32f7, 0x32f7, 2, 2223, 1 },
    { 0x32f8, 0x32f8, 2, 2224, 1 },
    { 0x32f9, 0x32f9, 2, 2225, 1 },
    { 0x32fa, 0x32fa, 2, 2226, 1 },
    { 0x32fb, 0x32fb, 2, 2227, 1 },
    { 0x32fc, 0x32fc, 2, 2228, 1 },
    { 0x32fd, 0x32fd, 2, 2229, 1 },
    { 0x32fe, 0x32fe, 2, 2230, 1 },
    { 0x32ff, 0x32ff, 2, 2231, 2 },
    { 0x3300, 0x3300, 2, 2233, 4 },
    { 0x3301, 0x3301, 2, 2237, 4 },
    { 0x3302, 0x3302, 2, 2241, 4 },
    { 0x3303, 0x3303, 2, 2245, 3 },
    { 0x3304, 0x3304, 2, 2248, 4 },
    { 0x3305, 0x3305, 2, 2252, 3 },
    { 0x3306, 0x3306, 2, 2255, 3 },
    { 0x3307, 0x3307, 2, 2258, 5 },
    { 0x3308, 0x3308, 2, 2263, 4 },
    { 0x3309, 0x3309, 2, 2267, 3 },
    { 0x330a, 0x330a, 2, 2270, 3 },
    { 0x330b, 0x330b, 2, 2273, 3 },
    { 0x330c, 0x330c, 2, 2276, 4 },
    { 0x330d, 0x330d, 2, 2280, 4 },
    { 0x330e, 0x330e, 2, 2284, 3 },
    { 0x330f, 0x330f, 2, 2287, 3 },
    { 0x3310, 0x3310, 2, 2290, 2 },
    { 0x3311, 0x3311, 2, 2292, 3 },
    { 0x3312, 0x3312, 2, 2295, 4 },
    { 0x3313, 0x3313, 2, 2299, 4 },
    { 0x3314, 0x3314, 2, 2303, 2 },
    { 0x3315, 0x3315, 2, 2305, 5 },
    { 0x3316, 0x3316, 2, 2310, 6 },
    { 0x3317, 0x3317, 2, 2316, 5 },
    { 0x3318, 0x3318, 2, 2321, 3 },
    { 0x3319, 0x3319, 2, 2324, 5 },
    { 0x331a, 0x331a, 2, 2329, 5 },
    { 0x331b, 0x331b, 2, 2334, 4 },
    { 0x331c, 0x331c, 2, 2338, 3 },
    { 0x331d, 0x331d, 2, 2341, 3 },
    { 0x331e, 0x331e, 2, 2344, 3 },
    { 0x331f, 0x331f, 2, 2347, 4 },
    { 0x3320, 0x3320, 2, 2351, 5 },
    { 0x3321, 0x3321, 2, 2356, 4 },
    { 0x3322, 0x3322, 2, 2360, 3 },
    { 0x3323, 0x3323, 2, 2363, 3 },
    { 0x3324, 0x3324, 2, 2366, 3 },
    { 0x3325, 0x3325, 2, 2369, 2 },
    { 0x3326, 0x3326, 2, 2371, 2 },
    { 0x3327, 0x3327, 2, 2373, 2 },
    { 0x3328, 0x3328, 2, 2375, 2 },
    { 0x3329, 0x3329, 2, 2377, 3 },
    { 0x332a, 0x332a, 2, 2380, 3 },
    { 0x332b, 0x332b, 2, 2383, 5 },
    { 0x332c, 0x332c, 2, 2388, 3 },
    { 0x332d, 0x332d, 2, 2391, 4 },
    { 0x332e, 0x332e, 2, 2395, 5 },
    { 0x332f, 0x332f, 2, 2400, 3 },
    { 0x3330, 0x3330, 2, 2403, 2 },
    { 0x3331, 0x3331, 2, 2405, 2 },
    { 0x3332, 0x3332, 2, 2407, 5 },
    { 0x3333, 0x3333, 2, 2412, 4 },
    { 0x3334, 0x3334, 2, 2416, 5 },
    { 0x3335, 0x3335, 2, 2421, 3 },
    { 0x3336, 0x3336, 2, 2424, 5 },
    { 0x3337, 0x3337, 2, 2429, 2 },
    { 0x3338, 0x3338, 2, 2431, 3 },
    { 0x3339, 0x3339, 2, 2434, 3 },
    { 0x333a, 0x333a, 2, 2437, 3 },
    { 0x333b, 0x333b, 2, 2440, 3 },
    { 0x333c, 0x333c, 2, 2443, 3 },
    { 0x333d, 0x333d, 2, 2446, 4 },
    { 0x333e, 0x333e, 2, 2450, 3 },
    { 0x333f, 0x333f, 2, 2453, 2 },
    { 0x3340, 0x3340, 2, 2455, 3 },
    { 0x3341, 0x3341, 2, 2458, 3 },
    { 0x3342, 0x3342, 2, 2461, 3 },
    { 0x3343, 0x3343, 2, 2464, 4 },
    { 0x3344, 0x3344, 2, 2468, 3 },
    { 0x3345, 0x3345, 2, 2471, 3 },
    { 0x3346, 0x3346, 2, 2474, 3 },
    { 0x3347, 0x3347, 2, 2477, 5 },
    { 0x3348, 0x3348, 2, 2482, 4 },
    { 0x3349, 0x3349, 2, 2486, 2 },
    { 0x334a, 0x334a, 2, 2488, 5 },
    { 0x334b, 0x334b, 2, 2493, 2 },
    { 0x334c, 0x334c, 2, 2495, 4 },
    { 0x334d, 0x334d, 2, 2499, 4 },
    { 0x334e, 0x334e, 2, 2503, 3 },
    { 0x334f, 0x334f, 2, 2506, 3 },
    { 0x3350, 0x3350, 2, 2509, 3 },
    { 0x3351, 0x3351, 2, 2512, 4 },
    { 0x3352, 0x3352, 2, 2516, 2 },
    { 0x3353, 0x3353, 2, 2518, 3 },
    { 0x3354, 0x3354, 2, 2521, 4 },
    { 0x3355, 0x3355, 2, 2525, 2 },
    { 0x3356, 0x3356, 2, 2527, 5 },
    { 0x3357, 0x3357, 2, 2532, 3 },
    { 0x3358, 0x3358, 2, 2535, 2 },
    { 0x3359, 0x3359, 2, 2537, 2 },
    { 0x335a, 0x335a, 2, 2539, 2 },
    { 0x335b, 0x335b, 2, 2541, 2 },
    { 0x335c, 0x335c, 2, 2543, 2 },
    { 0x335d, 0x335d, 2, 2545, 2 },
    { 0x335e, 0x335e, 2, 2547, 2 },
    { 0x335f, 0x335f, 2, 2549, 2 },
    { 0x3360, 0x3360, 2, 2551, 2 },
    { 0x3361, 0x3361, 2, 2553, 2 },
    { 0x3362, 0x3362, 2, 2555, 3 },
    { 0x3363, 0x3363, 2, 2558, 3 },
    { 0x3364, 0x3364, 2, 2561, 3 },
    { 0x3365, 0x3365, 2, 2564, 3 },
    { 0x3366, 0x3366, 2, 2567, 3 },
    { 0x3367, 0x3367, 2, 2570, 3 },
    { 0x3368, 0x3368, 2, 2573, 3 },
    { 0x3369, 0x3369, 2, 2576, 3 },
    { 0x336a, 0x336a, 2, 2579, 3 },
    { 0x336b, 0x336b, 2, 2582, 3 },
    { 0x336c, 0x336c, 2, 2585, 3 },
    { 0x336d, 0x336d, 2, 2588, 3 },
    { 0x336e, 0x336e, 2, 2591, 3 },
    { 0x336f, 0x336f, 2, 2594, 3 },
    { 0x3370, 0x3370, 2, 2597, 3 },
    { 0x3371, 0x3371, 2, 2600, 3 },
    { 0x3372, 0x3372, 2, 2603, 2 },
    { 0x3373, 0x3373, 2, 2605, 2 },
    { 0x3374, 0x3374, 2, 2607, 3 },
    { 0x3375, 0x3375, 2, 2610, 2 },
    { 0x3376, 0x3376, 2, 2612, 2 },
    { 0x3377, 0x3377, 2, 2614, 2 },
    { 0x3378, 0x3378, 2, 2616, 3 },
    { 0x3379, 0x3379, 2, 2619, 3 },
    { 0x337a, 0x337a, 2, 2622, 2 },
    { 0x337b, 0x337b, 2, 2624, 2 },
    { 0x337c, 0x337c, 2, 2626, 2 },
    { 0x337d, 0x337d, 2, 2628, 2 },
    { 0x337e, 0x337e, 2, 2630, 2 },
    { 0x337f, 0x337f, 2, 2632, 4 },
    { 0x3380, 0x3380, 2, 2636, 2 },
    { 0x3381, 0x3381, 2, 2638, 2 },
    { 0x3382, 0x3382, 2, 2640, 2 },
    { 0x3383, 0x3383, 2, 2642, 2 },
    { 0x3384, 0x3384, 2, 2644, 2 },
    { 0x3385, 0x3385, 2, 2646, 2 },
    { 0x3386, 0x3386, 2, 2648, 2 },
    { 0x3387, 0x3387, 2, 2650, 2 },
    { 0x3388, 0x3388, 2, 2652, 3 },
    { 0x3389, 0x3389, 2, 2655, 4 },
    { 0x338a, 0x338a, 2, 2659, 2 },
    { 0x338b, 0x338b, 2, 2661, 2 },
    { 0x338c, 0x338c, 2, 2663, 2 },
    { 0x338d, 0x338d, 2, 2665, 2 },
    { 0x338e, 0x338e, 2, 2667, 2 },
    { 0x338f, 0x338f, 2, 2669, 2 },
    { 0x3390, 0x3390, 2, 2671, 2 },
    { 0x3391, 0x3391, 2, 2673, 3 },
    { 0x3392, 0x3392, 2, 2676, 3 },
    { 0x3393, 0x3393, 2, 2679, 3 },
    { 0x3394, 0x3394, 2, 2682, 3 },
    { 0x3395, 0x3395, 2, 2685, 2 },
    { 0x3396, 0x3396, 2, 2687, 2 },
    { 0x3397, 0x3397, 2, 2689, 2 },
    { 0x3398, 0x3398, 2, 2691, 2 },
    { 0x3399, 0x3399, 2, 2693, 2 },
    { 0x339a, 0x339a, 2, 2695, 2 },
    { 0x339b, 0x339b, 2, 2697, 2 },
    { 0x339c, 0x339c, 2, 2699, 2 },
    { 0x339d, 0x339d, 2, 2701, 2 },
    { 0x339e, 0x339e, 2, 2703, 2 },
    { 0x339f, 0x339f, 2, 2705, 3 },
    { 0x33a0, 0x33a0, 2, 2708, 3 },
    { 0x33a1, 0x33a1, 2, 2711, 2 },
    { 0x33a2, 0x33a2, 2, 2713, 3 },
    { 0x33a3, 0x33a3, 2, 2716, 3 },
    { 0x33a4, 0x33a4, 2, 2719, 3 },
    { 0x33a5, 0x33a5, 2, 2722, 2 },
    { 0x33a6, 0x33a6, 2, 2724, 3 },
    { 0x33a7, 0x33a7, 2, 2727, 3 },
    { 0x33a8, 0x33a8, 2, 2730, 4 },
    { 0x33a9, 0x33a9, 2, 2636, 2 },
    { 0x33aa, 0x33aa, 2, 2734, 3 },
    { 0x33ab, 0x33ab, 2, 2737, 3 },
    { 0x33ac, 0x33ac, 2, 2740, 3 },
    { 0x33ad, 0x33ad, 2, 2743, 3 },
    { 0x33ae, 0x33ae, 2, 2746, 5 },
    { 0x33af, 0x33af, 2, 2751, 6 },
    { 0x33b0, 0x33b0, 2, 2757, 2 },
    { 0x33b1, 0x33b1, 2, 2759, 2 },
    { 0x33b2, 0x33b2, 2, 2761, 2 },
    { 0x33b3, 0x33b3, 2, 2763, 2 },
    { 0x33b4, 0x33b4, 2, 2765, 2 },
    { 0x33b5, 0x33b5, 2, 2767, 2 },
    { 0x33b6, 0x33b6, 2, 2769, 2 },
    { 0x33b7, 0x33b7, 2, 2771, 2 },
    { 0x33b8, 0x33b8, 2, 2773, 2 },
    { 0x33b9, 0x33b9, 2, 2771, 2 },
    { 0x33ba, 0x33ba, 2, 2775, 2 },
    { 0x33bb, 0x33bb, 2, 2777, 2 },
    { 0x33bc, 0x33bc, 2, 2779, 2 },
    { 0x33bd, 0x33bd, 2, 2781, 2 },
    { 0x33be, 0x33be, 2, 2783, 2 },
    { 0x33bf, 0x33bf, 2, 2781, 2 },
    { 0x33c0, 0x33c0, 2, 2785, 2 },
    { 0x33c1, 0x33c1, 2, 2787, 2 },
    { 0x33c2, 0x33c2, 3, 0, 0 },
    { 0x33c3, 0x33c3, 2, 2789, 2 },
    { 0x33c4, 0x33c4, 2, 2791, 2 },
    { 0x33c5, 0x33c5, 2, 2793, 2 },
    { 0x33c6, 0x33c6, 2, 2795, 4 },
    { 0x33c7, 0x33c7, 3, 0, 0 },
    { 0x33c8, 0x33c8, 2, 2799, 2 },
    { 0x33c9, 0x33c9, 2, 2801, 2 },
    { 0x33ca, 0x33ca, 2, 2803, 2 },
    { 0x33cb, 0x33cb, 2, 2805, 2 },
    { 0x33cc, 0x33cc, 2, 2807, 2 },
    { 0x33cd, 0x33cd, 2, 2809, 2 },
    { 0x33ce, 0x33ce, 2, 2703, 2 },
    { 0x33cf, 0x33cf, 2, 2811, 2 },
    { 0x33d0, 0x33d0, 2, 2813, 2 },
    { 0x33d1, 0x33d1, 2, 2815, 2 },
    { 0x33d2, 0x33d2, 2, 2817, 3 },
    { 0x33d3, 0x33d3, 2, 2820, 2 },
    { 0x33d4, 0x33d4, 2, 2648, 2 },
    { 0x33d5, 0x33d5, 2, 2822, 3 },
    { 0x33d6, 0x33d6, 2, 2825, 3 },
    { 0x33d7, 0x33d7, 2, 2828, 2 },
    { 0x33d8, 0x33d8, 3, 0, 0 },
    { 0x33d9, 0x33d9, 2, 2830, 3 },
    { 0x33da, 0x33da, 2, 2833, 2 },
    { 0x33db, 0x33db, 2, 2835, 2 },
    { 0x33dc, 0x33dc, 2, 2837, 2 },
    { 0x33dd, 0x33dd, 2, 2839, 2 },
    { 0x33de, 0x33de, 2, 2841, 3 },
    { 0x33df, 0x33df, 2, 2844, 3 },
    { 0x33e0, 0x33e0, 2, 2847, 2 },
    { 0x33e1, 0x33e1, 2, 2849, 2 },
    { 0x33e2, 0x33e2, 2, 2851, 2 },
    { 0x33e3, 0x33e3, 2, 2853, 2 },
    { 0x33e4, 0x33e4, 2, 2855, 2 },
    { 0x33e5, 0x33e5, 2, 2857, 2 },
    { 0x33e6, 0x33e6, 2, 2859, 2 },
    { 0x33e7, 0x33e7, 2, 2861, 2 },
    { 0x33e8, 0x33e8, 2, 2863, 2 },
    { 0x33e9, 0x33e9, 2, 2865, 3 },
    { 0x33ea, 0x33ea, 2, 2868, 3 },
    { 0x33eb, 0x33eb, 2, 2871, 3 },
    { 0x33ec, 0x33ec, 2, 2874, 3 },
    { 0x33ed, 0x33ed, 2, 2877, 3 },
    { 0x33ee, 0x33ee, 2, 2880, 3 },
    { 0x33ef, 0x33ef, 2, 2883, 3 },
    { 0x33f0, 0x33f0, 2, 2886, 3 },
    { 0x33f1, 0x33f1, 2, 2889, 3 },
    { 0x33f2, 0x33f2, 2, 2892, 3 },
    { 0x33f3, 0x33f3, 2, 2895, 3 },
    { 0x33f4, 0x33f4, 2, 2898, 3 },
    { 0x33f5, 0x33f5, 2, 2901, 3 },
    { 0x33f6, 0x33f6, 2, 2904, 3 },
    { 0x33f7, 0x33f7, 2, 2907, 3 },
    { 0x33f8, 0x33f8, 2, 2910, 3 },
    { 0x33f9, 0x33f9, 2, 2913, 3 },
    { 0x33fa, 0x33fa, 2, 2916, 3 },
    { 0x33fb, 0x33fb, 2, 2919, 3 },
    { 0x33fc, 0x33fc, 2, 2922, 3 },
    { 0x33fd, 0x33fd, 2, 2925, 3 },
    { 0x33fe, 0x33fe, 2, 2928, 3 },
    { 0x33ff, 0x33ff, 2, 2931, 3 },
    { 0x3400, 0xa48c, 0, 0, 0 },
    { 0xa48d, 0xa48f, 3, 0, 0 },
    { 0xa490, 0xa4c6, 0, 0, 0 },
    { 0xa4c7, 0xa4cf, 3, 0, 0 },
    { 0xa4d0, 0xa62b, 0, 0, 0 },
    { 0xa62c, 0xa63f, 3, 0, 0 },
    { 0xa640, 0xa640, 2, 2934, 1 },
    { 0xa641, 0xa641, 0, 0, 0 },
    { 0xa642, 0xa642, 2, 2935, 1 },
    { 0xa643, 0xa643, 0, 0, 0 },
    { 0xa644, 0xa644, 2, 2936, 1 },
    { 0xa645, 0xa645, 0, 0, 0 },
    { 0xa646, 0xa646, 2, 2937, 1 },
    { 0xa647, 0xa647, 0, 0, 0 },
    { 0xa648, 0xa648, 2, 2938, 1 },
    { 0xa649, 0xa649, 0, 0, 0 },
    { 0xa64a, 0xa64a, 2, 667, 1 },
    { 0xa64b, 0xa64b, 0, 0, 0 },
    { 0xa64c, 0xa64c, 2, 2939, 1 },
    { 0xa64d, 0xa64d, 0, 0, 0 },
    { 0xa64e, 0xa64e, 2, 2940, 1 },
    { 0xa64f, 0xa64f, 0, 0, 0 },
    { 0xa650, 0xa650, 2, 2941, 1 },
    { 0xa651, 0xa651, 0, 0, 0 },
    { 0xa652, 0xa652, 2, 2942, 1 },
    { 0xa653, 0xa653, 0, 0, 0 },
    { 0xa654, 0xa654, 2, 2943, 1 },
    { 0xa655, 0xa655, 0, 0, 0 },
    { 0xa656, 0xa656, 2, 2944, 1 },
    { 0xa657, 0xa657, 0, 0, 0 },
    { 0xa658, 0xa658, 2, 2945, 1 },
    { 0xa659, 0xa659, 0, 0, 0 },
    { 0xa65a, 0xa65a, 2, 2946, 1 },
    { 0xa65b, 0xa65b, 0, 0, 0 },
    { 0xa65c, 0xa65c, 2, 2947, 1 },
    { 0xa65d, 0xa65d, 0, 0, 0 },
    { 0xa65e, 0xa65e, 2, 2948, 1 },
    { 0xa65f, 0xa65f, 0, 0, 0 },
    { 0xa660, 0xa660, 2, 2949, 1 },
    { 0xa661, 0xa661, 0, 0, 0 },
    { 0xa662, 0xa662, 2, 2950, 1 },
    { 0xa663, 0xa663, 0, 0, 0 },
    { 0xa664, 0xa664, 2, 2951, 1 },
    { 0xa665, 0xa665, 0, 0, 0 },
    { 0xa666, 0xa666, 2, 2952, 1 },
    { 0xa667, 0xa667, 0, 0, 0 },
    { 0xa668, 0xa668, 2, 2953, 1 },
    { 0xa669, 0xa669, 0, 0, 0 },
    { 0xa66a, 0xa66a, 2, 2954, 1 },
    { 0xa66b, 0xa66b, 0, 0, 0 },
    { 0xa66c, 0xa66c, 2, 2955, 1 },
    { 0xa66d, 0xa67f, 0, 0, 0 },
    { 0xa680, 0xa680, 2, 2956, 1 },
    { 0xa681, 0xa681, 0, 0, 0 },
    { 0xa682, 0xa682, 2, 2957, 1 },
    { 0xa683, 0xa683, 0, 0, 0 },
    { 0xa684, 0xa684, 2, 2958, 1 },
    { 0xa685, 0xa685, 0, 0, 0 },
    { 0xa686, 0xa686, 2, 2959, 1 },
    { 0xa687, 0xa687, 0, 0, 0 },
    { 0xa688, 0xa688, 2, 2960, 1 },
    { 0xa689, 0xa689, 0, 0, 0 },
    { 0xa68a, 0xa68a, 2, 2961, 1 },
    { 0xa68b, 0xa68b, 0, 0, 0 },
    { 0xa68c, 0xa68c, 2, 2962, 1 },
    { 0xa68d, 0xa68d, 0, 0, 0 },
    { 0xa68e, 0xa68e, 2, 2963, 1 },
    { 0xa68f, 0xa68f, 0, 0, 0 },
    { 0xa690, 0xa690, 2, 2964, 1 },
    { 0xa691, 0xa691, 0, 0, 0 },
    { 0xa692, 0xa692, 2, 2965, 1 },
    { 0xa693, 0xa693, 0, 0, 0 },
    { 0xa694, 0xa694, 2, 2966, 1 },
    { 0xa695, 0xa695, 0, 0, 0 },
    { 0xa696, 0xa696, 2, 2967, 1 },
    { 0xa697, 0xa697, 0, 0, 0 },
    { 0xa698, 0xa698, 2, 2968, 1 },
    { 0xa699, 0xa699, 0, 0, 0 },
    { 0xa69a, 0xa69a, 2, 2969, 1 },
    { 0xa69b, 0xa69b, 0, 0, 0 },
    { 0xa69c, 0xa69c, 2, 379, 1 },
    { 0xa69d, 0xa69d, 2, 381, 1 },
    { 0xa69e, 0xa6f7, 0, 0, 0 },
    { 0xa6f8, 0xa6ff, 3, 0, 0 },
    { 0xa700, 0xa721, 0, 0, 0 },
    { 0xa722, 0xa722, 2, 2970, 1 },
    { 0xa723, 0xa723, 0, 0, 0 },
    { 0xa724, 0xa724, 2, 2971, 1 },
    { 0xa725, 0xa725, 0, 0, 0 },
    { 0xa726, 0xa726, 2, 2972, 1 },
    { 0xa727, 0xa727, 0, 0, 0 },
    { 0xa728, 0xa728, 2, 2973, 1 },
    { 0xa729, 0xa729, 0, 0, 0 },
    { 0xa72a, 0xa72a, 2, 2974, 1 },
    { 0xa72b, 0xa72b, 0, 0, 0 },
    { 0xa72c, 0xa72c, 2, 2975, 1 },
    { 0xa72d, 0xa72d, 0, 0, 0 },
    { 0xa72e, 0xa72e, 2, 2976, 1 },
    { 0xa72f, 0xa731, 0, 0, 0 },
    { 0xa732, 0xa732, 2, 2977, 1 },
    { 0xa733, 0xa733, 0, 0, 0 },
    { 0xa734, 0xa734, 2, 2978, 1 },
    { 0xa735, 0xa735, 0, 0, 0 },
    { 0xa736, 0xa736, 2, 2979, 1 },
    { 0xa737, 0xa737, 0, 0, 0 },
    { 0xa738, 0xa738, 2, 2980, 1 },
    { 0xa739, 0xa739, 0, 0, 0 },
    { 0xa73a, 0xa73a, 2, 2981, 1 },
    { 0xa73b, 0xa73b, 0, 0, 0 },
    { 0xa73c, 0xa73c, 2, 2982, 1 },
    { 0xa73d, 0xa73d, 0, 0, 0 },
    { 0xa73e, 0xa73e, 2, 2983, 1 },
    { 0xa73f, 0xa73f, 0, 0, 0 },
    { 0xa740, 0xa740, 2, 2984, 1 },
    { 0xa741, 0xa741, 0, 0, 0 },
    { 0xa742, 0xa742, 2, 2985, 1 },
    { 0xa743, 0xa743, 0, 0, 0 },
    { 0xa744, 0xa744, 2, 2986, 1 },
    { 0xa745, 0xa745, 0, 0, 0 },
    { 0xa746, 0xa746, 2, 2987, 1 },
    { 0xa747, 0xa747, 0, 0, 0 },
    { 0xa748, 0xa748, 2, 2988, 1 },
    { 0xa749, 0xa749, 0, 0, 0 },
    { 0xa74a, 0xa74a, 2, 2989, 1 },
    { 0xa74b, 0xa74b, 0, 0, 0 },
    { 0xa74c, 0xa74c, 2, 2990, 1 },
    { 0xa74d, 0xa74d, 0, 0, 0 },
    { 0xa74e, 0xa74e, 2, 2991, 1 },
    { 0xa74f, 0xa74f, 0, 0, 0 },
    { 0xa750, 0xa750, 2, 2992, 1 },
    { 0xa751, 0xa751, 0, 0, 0 },
    { 0xa752, 0xa752, 2, 2993, 1 },
    { 0xa753, 0xa753, 0, 0, 0 },
    { 0xa754, 0xa754, 2, 2994, 1 },
    { 0xa755, 0xa755, 0, 0, 0 },
    { 0xa756, 0xa756, 2, 2995, 1 },
    { 0xa757, 0xa757, 0, 0, 0 },
    { 0xa758, 0xa758, 2, 2996, 1 },
    { 0xa759, 0xa759, 0, 0, 0 },
    { 0xa75a, 0xa75a, 2, 2997, 1 },
    { 0xa75b, 0xa75b, 0, 0, 0 },
    { 0xa75c, 0xa75c, 2, 2998, 1 },
    { 0xa75d, 0xa75d, 0, 0, 0 },
    { 0xa75e, 0xa75e, 2, 2999, 1 },
    { 0xa75f, 0xa75f, 0, 0, 0 },
    { 0xa760, 0xa760, 2, 3000, 1 },
    { 0xa761, 0xa761, 0, 0, 0 },
    { 0xa762, 0xa762, 2, 3001, 1 },
    { 0xa763, 0xa763, 0, 0, 0 },
    { 0xa764, 0xa764, 2, 3002, 1 },
    { 0xa765, 0xa765, 0, 0, 0 },
    { 0xa766, 0xa766, 2, 3003, 1 },
    { 0xa767, 0xa767, 0, 0, 0 },
    { 0xa768, 0xa768, 2, 3004, 1 },
    { 0xa769, 0xa769, 0, 0, 0 },
    { 0xa76a, 0xa76a, 2, 3005, 1 },
    { 0xa76b, 0xa76b, 0, 0, 0 },
    { 0xa76c, 0xa76c, 2, 3006, 1 },
    { 0xa76d, 0xa76d, 0, 0, 0 },
    { 0xa76e, 0xa76e, 2, 3007, 1 },
    { 0xa76f, 0xa76f, 0, 0, 0 },
    { 0xa770, 0xa770, 2, 3007, 1 },
    { 0xa771, 0xa778, 0, 0, 0 },
    { 0xa779, 0xa779, 2, 3008, 1 },
    { 0xa77a, 0xa77a, 0, 0, 0 },
    { 0xa77b, 0xa77b, 2, 3009, 1 },
    { 0xa77c, 0xa77c, 0, 0, 0 },
    { 0xa77d, 0xa77d, 2, 3010, 1 },
    { 0xa77e, 0xa77e, 2, 3011, 1 },
    { 0xa77f, 0xa77f, 0, 0, 0 },
    { 0xa780, 0xa780, 2, 3012, 1 },
    { 0xa781, 0xa781, 0, 0, 0 },
    { 0xa782, 0xa782, 2, 3013, 1 },
    { 0xa783, 0xa783, 0, 0, 0 },
    { 0xa784, 0xa784, 2, 3014, 1 },
    { 0xa785, 0xa785, 0, 0, 0 },
    { 0xa786, 0xa786, 2, 3015, 1 },
    { 0xa787, 0xa78a, 0, 0, 0 },
    { 0xa78b, 0xa78b, 2, 3016, 1 },
    { 0xa78c, 0xa78c, 0, 0, 0 },
    { 0xa78d, 0xa78d, 2, 726, 1 },
    { 0xa78e, 0xa78f, 0, 0, 0 },
    { 0xa790, 0xa790, 2, 3017, 1 },
    { 0xa791, 0xa791, 0, 0, 0 },
    { 0xa792, 0xa792, 2, 3018, 1 },
    { 0xa793, 0xa795, 0, 0, 0 },
    { 0xa796, 0xa796, 2, 3019, 1 },
    { 0xa797, 0xa797, 0, 0, 0 },
    { 0xa798, 0xa798, 2, 3020, 1 },
    { 0xa799, 0xa799, 0, 0, 0 },
    { 0xa79a, 0xa79a, 2, 3021, 1 },
    { 0xa79b, 0xa79b, 0, 0, 0 },
    { 0xa79c, 0xa79c, 2, 3022, 1 },
    { 0xa79d, 0xa79d, 0, 0, 0 },
    { 0xa79e, 0xa79e, 2, 3023, 1 },
    { 0xa79f, 0xa79f, 0, 0, 0 },
    { 0xa7a0, 0xa7a0, 2, 3024, 1 },
    { 0xa7a1, 0xa7a1, 0, 0, 0 },
    { 0xa7a2, 0xa7a2, 2, 3025, 1 },
    { 0xa7a3, 0xa7a3, 0, 0, 0 },
    { 0xa7a4, 0xa7a4, 2, 3026, 1 },
    { 0xa7a5, 0xa7a5, 0, 0, 0 },
    { 0xa7a6, 0xa7a6, 2, 3027, 1 },
    { 0xa7a7, 0xa7a7, 0, 0, 0 },
    { 0xa7a8, 0xa7a8, 2, 3028, 1 },
    { 0xa7a9, 0xa7a9, 0, 0, 0 },
    { 0xa7aa, 0xa7aa, 2, 253, 1 },
    { 0xa7ab, 0xa7ab, 2, 717, 1 },
    { 0xa7ac, 0xa7ac, 2, 725, 1 },
    { 0xa7ad, 0xa7ad, 2, 3029, 1 },
    { 0xa7ae, 0xa7ae, 2, 727, 1 },
    { 0xa7af, 0xa7af, 0, 0, 0 },
    { 0xa7b0, 0xa7b0, 2, 3030, 1 },
    { 0xa7b1, 0xa7b1, 2, 3031, 1 },
    { 0xa7b2, 0xa7b2, 2, 729, 1 },
    { 0xa7b3, 0xa7b3, 2, 3032, 1 },
    { 0xa7b4, 0xa7b4, 2, 3033, 1 },
    { 0xa7b5, 0xa7b5, 0, 0, 0 },
    { 0xa7b6, 0xa7b6, 2, 3034, 1 },
    { 0xa7b7, 0xa7b7, 0, 0, 0 },
    { 0xa7b8, 0xa7b8, 2, 3035, 1 },
    { 0xa7b9, 0xa7b9, 0, 0, 0 },
    { 0xa7ba, 0xa7ba, 2, 3036, 1 },
    { 0xa7bb, 0xa7bb, 0, 0, 0 },
    { 0xa7bc, 0xa7bc, 2, 3037, 1 },
    { 0xa7bd, 0xa7bd, 0, 0, 0 },
    { 0xa7be, 0xa7be, 2, 3038, 1 },
    { 0xa7bf, 0xa7bf, 0, 0, 0 },
    { 0xa7c0, 0xa7c0, 2, 3039, 1 },
    { 0xa7c1, 0xa7c1, 0, 0, 0 },
    { 0xa7c2, 0xa7c2, 2, 3040, 1 },
    { 0xa7c3, 0xa7c3, 0, 0, 0 },
    { 0xa7c4, 0xa7c4, 2, 3041, 1 },
    { 0xa7c5, 0xa7c5, 2, 738, 1 },
    { 0xa7c6, 0xa7c6, 2, 3042, 1 },
    { 0xa7c7, 0xa7c7, 2, 3043, 1 },
    { 0xa7c8, 0xa7c8, 0, 0, 0 },
    { 0xa7c9, 0xa7c9, 2, 3044, 1 },
    { 0xa7ca, 0xa7ca, 0, 0, 0 },
    { 0xa7cb, 0xa7cb, 2, 3045, 1 },
    { 0xa7cc, 0xa7cc, 2, 3046, 1 },
    { 0xa7cd, 0xa7cd, 0, 0, 0 },
    { 0xa7ce, 0xa7ce, 2, 3047, 1 },
    { 0xa7cf, 0xa7cf, 0, 0, 0 },
    { 0xa7d0, 0xa7d0, 2, 3048, 1 },
    { 0xa7d1, 0xa7d1, 0, 0, 0 },
    { 0xa7d2, 0xa7d2, 2, 3049, 1 },
    { 0xa7d3, 0xa7d3, 0, 0, 0 },
    { 0xa7d4, 0xa7d4, 2, 3050, 1 },
    { 0xa7d5, 0xa7d5, 0, 0, 0 },
    { 0xa7d6, 0xa7d6, 2, 3051, 1 },
    { 0xa7d7, 0xa7d7, 0, 0, 0 },
    { 0xa7d8, 0xa7d8, 2, 3052, 1 },
    { 0xa7d9, 0xa7d9, 0, 0, 0 },
    { 0xa7da, 0xa7da, 2, 3053, 1 },
    { 0xa7db, 0xa7db, 0, 0, 0 },
    { 0xa7dc, 0xa7dc, 2, 3054, 1 },
    { 0xa7dd, 0xa7f0, 3, 0, 0 },
    { 0xa7f1, 0xa7f1, 2, 18, 1 },
    { 0xa7f2, 0xa7f2, 2, 2, 1 },
    { 0xa7f3, 0xa7f3, 2, 5, 1 },
    { 0xa7f4, 0xa7f4, 2, 16, 1 },
    { 0xa7f5, 0xa7f5, 2, 3055, 1 },
    { 0xa7f6, 0xa7f7, 0, 0, 0 },
    { 0xa7f8, 0xa7f8, 2, 97, 1 },
    { 0xa7f9, 0xa7f9, 2, 123, 1 },
    { 0xa7fa, 0xa82c, 0, 0, 0 },
    { 0xa82d, 0xa82f, 3, 0, 0 },
    { 0xa830, 0xa839, 0, 0, 0 },
    { 0xa83a, 0xa83f, 3, 0, 0 },
    { 0xa840, 0xa877, 0, 0, 0 },
    { 0xa878, 0xa87f, 3, 0, 0 },
    { 0xa880, 0xa8c5, 0, 0, 0 },
    { 0xa8c6, 0xa8cd, 3, 0, 0 },
    { 0xa8ce, 0xa8d9, 0, 0, 0 },
    { 0xa8da, 0xa8df, 3, 0, 0 },
    { 0xa8e0, 0xa953, 0, 0, 0 },
    { 0xa954, 0xa95e, 3, 0, 0 },
    { 0xa95f, 0xa97c, 0, 0, 0 },
    { 0xa97d, 0xa97f, 3, 0, 0 },
    { 0xa980, 0xa9cd, 0, 0, 0 },
    { 0xa9ce, 0xa9ce, 3, 0, 0 },
    { 0xa9cf, 0xa9d9, 0, 0, 0 },
    { 0xa9da, 0xa9dd, 3, 0, 0 },
    { 0xa9de, 0xa9fe, 0, 0, 0 },
    { 0xa9ff, 0xa9ff, 3, 0, 0 },
    { 0xaa00, 0xaa36, 0, 0, 0 },
    { 0xaa37, 0xaa3f, 3, 0, 0 },
    { 0xaa40, 0xaa4d, 0, 0, 0 },
    { 0xaa4e, 0xaa4f, 3, 0, 0 },
    { 0xaa50, 0xaa59, 0, 0, 0 },
    { 0xaa5a, 0xaa5b, 3, 0, 0 },
    { 0xaa5c, 0xaac2, 0, 0, 0 },
    { 0xaac3, 0xaada, 3, 0, 0 },
    { 0xaadb, 0xaaf6, 0, 0, 0 },
    { 0xaaf7, 0xab00, 3, 0, 0 },
    { 0xab01, 0xab06, 0, 0, 0 },
    { 0xab07, 0xab08, 3, 0, 0 },
    { 0xab09, 0xab0e, 0, 0, 0 },
    { 0xab0f, 0xab10, 3, 0, 0 },
    { 0xab11, 0xab16, 0, 0, 0 },
    { 0xab17, 0xab1f, 3, 0, 0 },
    { 0xab20, 0xab26, 0, 0, 0 },
    { 0xab27, 0xab27, 3, 0, 0 },
    { 0xab28, 0xab2e, 0, 0, 0 },
    { 0xab2f, 0xab2f, 3, 0, 0 },
    { 0xab30, 0xab5b, 0, 0, 0 },
    { 0xab5c, 0xab5c, 2, 2972, 1 },
    { 0xab5d, 0xab5d, 2, 3056, 1 },
    { 0xab5e, 0xab5e, 2, 1432, 1 },
    { 0xab5f, 0xab5f, 2, 3057, 1 },
    { 0xab60, 0xab68, 0, 0, 0 },
    { 0xab69, 0xab69, 2, 3058, 1 },
    { 0xab6a, 0xab6b, 0, 0, 0 },
    { 0xab6c, 0xab6f, 3, 0, 0 },
    { 0xab70, 0xab70, 2, 3059, 1 },
    { 0xab71, 0xab71, 2, 3060, 1 },
    { 0xab72, 0xab72, 2, 3061, 1 },
    { 0xab73, 0xab73, 2, 3062, 1 },
    { 0xab74, 0xab74, 2, 3063, 1 },
    { 0xab75, 0xab75, 2, 3064, 1 },
    { 0xab76, 0xab76, 2, 3065, 1 },
    { 0xab77, 0xab77, 2, 3066, 1 },
    { 0xab78, 0xab78, 2, 3067, 1 },
    { 0xab79, 0xab79, 2, 3068, 1 },
    { 0xab7a, 0xab7a, 2, 3069, 1 },
    { 0xab7b, 0xab7b, 2, 3070, 1 },
    { 0xab7c, 0xab7c, 2, 3071, 1 },
    { 0xab7d, 0xab7d, 2, 3072, 1 },
    { 0xab7e, 0xab7e, 2, 3073, 1 },
    { 0xab7f, 0xab7f, 2, 3074, 1 },
    { 0xab80, 0xab80, 2, 3075, 1 },
    { 0xab81, 0xab81, 2, 3076, 1 },
    { 0xab82, 0xab82, 2, 3077, 1 },
    { 0xab83, 0xab83, 2, 3078, 1 },
    { 0xab84, 0xab84, 2, 3079, 1 },
    { 0xab85, 0xab85, 2, 3080, 1 },
    { 0xab86, 0xab86, 2, 3081, 1 },
    { 0xab87, 0xab87, 2, 3082, 1 },
    { 0xab88, 0xab88, 2, 3083, 1 },
    { 0xab89, 0xab89, 2, 3084, 1 },
    { 0xab8a, 0xab8a, 2, 3085, 1 },
    { 0xab8b, 0xab8b, 2, 3086, 1 },
    { 0xab8c, 0xab8c, 2, 3087, 1 },
    { 0xab8d, 0xab8d, 2, 3088, 1 },
    { 0xab8e, 0xab8e, 2, 3089, 1 },
    { 0xab8f, 0xab8f, 2, 3090, 1 },
    { 0xab90, 0xab90, 2, 3091, 1 },
    { 0xab91, 0xab91, 2, 3092, 1 },
    { 0xab92, 0xab92, 2, 3093, 1 },
    { 0xab93, 0xab93, 2, 3094, 1 },
    { 0xab94, 0xab94, 2, 3095, 1 },
    { 0xab95, 0xab95, 2, 3096, 1 },
    { 0xab96, 0xab96, 2, 3097, 1 },
    { 0xab97, 0xab97, 2, 3098, 1 },
    { 0xab98, 0xab98, 2, 3099, 1 },
    { 0xab99, 0xab99, 2, 3100, 1 },
    { 0xab9a, 0xab9a, 2, 3101, 1 },
    { 0xab9b, 0xab9b, 2, 3102, 1 },
    { 0xab9c, 0xab9c, 2, 3103, 1 },
    { 0xab9d, 0xab9d, 2, 3104, 1 },
    { 0xab9e, 0xab9e, 2, 3105, 1 },
    { 0xab9f, 0xab9f, 2, 3106, 1 },
    { 0xaba0, 0xaba0, 2, 3107, 1 },
    { 0xaba1, 0xaba1, 2, 3108, 1 },
    { 0xaba2, 0xaba2, 2, 3109, 1 },
    { 0xaba3, 0xaba3, 2, 3110, 1 },
    { 0xaba4, 0xaba4, 2, 3111, 1 },
    { 0xaba5, 0xaba5, 2, 3112, 1 },
    { 0xaba6, 0xaba6, 2, 3113, 1 },
    { 0xaba7, 0xaba7, 2, 3114, 1 },
    { 0xaba8, 0xaba8, 2, 3115, 1 },
    { 0xaba9, 0xaba9, 2, 3116, 1 },
    { 0xabaa, 0xabaa, 2, 3117, 1 },
    { 0xabab, 0xabab, 2, 3118, 1 },
    { 0xabac, 0xabac, 2, 3119, 1 },
    { 0xabad, 0xabad, 2, 3120, 1 },
    { 0xabae, 0xabae, 2, 3121, 1 },
    { 0xabaf, 0xabaf, 2, 3122, 1 },
    { 0xabb0, 0xabb0, 2, 3123, 1 },
    { 0xabb1, 0xabb1, 2, 3124, 1 },
    { 0xabb2, 0xabb2, 2, 3125, 1 },
    { 0xabb3, 0xabb3, 2, 3126, 1 },
    { 0xabb4, 0xabb4, 2, 3127, 1 },
    { 0xabb5, 0xabb5, 2, 3128, 1 },
    { 0xabb6, 0xabb6, 2, 3129, 1 },
    { 0xabb7, 0xabb7, 2, 3130, 1 },
    { 0xabb8, 0xabb8, 2, 3131, 1 },
    { 0xabb9, 0xabb9, 2, 3132, 1 },
    { 0xabba, 0xabba, 2, 3133, 1 },
    { 0xabbb, 0xabbb, 2, 3134, 1 },
    { 0xabbc, 0xabbc, 2, 3135, 1 },
    { 0xabbd, 0xabbd, 2, 3136, 1 },
    { 0xabbe, 0xabbe, 2, 3137, 1 },
    { 0xabbf, 0xabbf, 2, 3138, 1 },
    { 0xabc0, 0xabed, 0, 0, 0 },
    { 0xabee, 0xabef, 3, 0, 0 },
    { 0xabf0, 0xabf9, 0, 0, 0 },
    { 0xabfa, 0xabff, 3, 0, 0 },
    { 0xac00, 0xd7a3, 0, 0, 0 },
    { 0xd7a4, 0xd7af, 3, 0, 0 },
    { 0xd7b0, 0xd7c6, 0, 0, 0 },
    { 0xd7c7, 0xd7ca, 3, 0, 0 },
    { 0xd7cb, 0xd7fb, 0, 0, 0 },
    { 0xd7fc, 0xf8ff, 3, 0, 0 },
    { 0xf900, 0xf900, 2, 3139, 1 },
    { 0xf901, 0xf901, 2, 3140, 1 },
    { 0xf902, 0xf902, 2, 1656, 1 },
    { 0xf903, 0xf903, 2, 3141, 1 },
    { 0xf904, 0xf904, 2, 3142, 1 },
    { 0xf905, 0xf905, 2, 3143, 1 },
    { 0xf906, 0xf906, 2, 3144, 1 },
    { 0xf907, 0xf908, 2, 1710, 1 },
    { 0xf909, 0xf909, 2, 3145, 1 },
    { 0xf90a, 0xf90a, 2, 1664, 1 },
    { 0xf90b, 0xf90b, 2, 3146, 1 },
    { 0xf90c, 0xf90c, 2, 3147, 1 },
    { 0xf90d, 0xf90d, 2, 3148, 1 },
    { 0xf90e, 0xf90e, 2, 3149, 1 },
    { 0xf90f, 0xf90f, 2, 3150, 1 },
    { 0xf910, 0xf910, 2, 3151, 1 },
    { 0xf911, 0xf911, 2, 3152, 1 },
    { 0xf912, 0xf912, 2, 3153, 1 },
    { 0xf913, 0xf913, 2, 3154, 1 },
    { 0xf914, 0xf914, 2, 3155, 1 },
    { 0xf915, 0xf915, 2, 3156, 1 },
    { 0xf916, 0xf916, 2, 3157, 1 },
    { 0xf917, 0xf917, 2, 3158, 1 },
    { 0xf918, 0xf918, 2, 3159, 1 },
    { 0xf919, 0xf919, 2, 3160, 1 },
    { 0xf91a, 0xf91a, 2, 3161, 1 },
    { 0xf91b, 0xf91b, 2, 3162, 1 },
    { 0xf91c, 0xf91c, 2, 3163, 1 },
    { 0xf91d, 0xf91d, 2, 3164, 1 },
    { 0xf91e, 0xf91e, 2, 3165, 1 },
    { 0xf91f, 0xf91f, 2, 3166, 1 },
    { 0xf920, 0xf920, 2, 3167, 1 },
    { 0xf921, 0xf921, 2, 3168, 1 },
    { 0xf922, 0xf922, 2, 3169, 1 },
    { 0xf923, 0xf923, 2, 3170, 1 },
    { 0xf924, 0xf924, 2, 3171, 1 },
    { 0xf925, 0xf925, 2, 3172, 1 },
    { 0xf926, 0xf926, 2, 3173, 1 },
    { 0xf927, 0xf927, 2, 3174, 1 },
    { 0xf928, 0xf928, 2, 3175, 1 },
    { 0xf929, 0xf929, 2, 3176, 1 },
    { 0xf92a, 0xf92a, 2, 3177, 1 },
    { 0xf92b, 0xf92b, 2, 3178, 1 },
    { 0xf92c, 0xf92c, 2, 3179, 1 },
    { 0xf92d, 0xf92d, 2, 3180, 1 },
    { 0xf92e, 0xf92e, 2, 3181, 1 },
    { 0xf92f, 0xf92f, 2, 3182, 1 },
    { 0xf930, 0xf930, 2, 3183, 1 },
    { 0xf931, 0xf931, 2, 3184, 1 },
    { 0xf932, 0xf932, 2, 3185, 1 },
    { 0xf933, 0xf933, 2, 3186, 1 },
    { 0xf934, 0xf934, 2, 1622, 1 },
    { 0xf935, 0xf935, 2, 3187, 1 },
    { 0xf936, 0xf936, 2, 3188, 1 },
    { 0xf937, 0xf937, 2, 3189, 1 },
    { 0xf938, 0xf938, 2, 3190, 1 },
    { 0xf939, 0xf939, 2, 3191, 1 },
    { 0xf93a, 0xf93a, 2, 3192, 1 },
    { 0xf93b, 0xf93b, 2, 3193, 1 },
    { 0xf93c, 0xf93c, 2, 3194, 1 },
    { 0xf93d, 0xf93d, 2, 3195, 1 },
    { 0xf93e, 0xf93e, 2, 3196, 1 },
    { 0xf93f, 0xf93f, 2, 3197, 1 },
    { 0xf940, 0xf940, 2, 1695, 1 },
    { 0xf941, 0xf941, 2, 3198, 1 },
    { 0xf942, 0xf942, 2, 3199, 1 },
    { 0xf943, 0xf943, 2, 3200, 1 },
    { 0xf944, 0xf944, 2, 3201, 1 },
    { 0xf945, 0xf945, 2, 3202, 1 },
    { 0xf946, 0xf946, 2, 3203, 1 },
    { 0xf947, 0xf947, 2, 3204, 1 },
    { 0xf948, 0xf948, 2, 3205, 1 },
    { 0xf949, 0xf949, 2, 3206, 1 },
    { 0xf94a, 0xf94a, 2, 3207, 1 },
    { 0xf94b, 0xf94b, 2, 3208, 1 },
    { 0xf94c, 0xf94c, 2, 3209, 1 },
    { 0xf94d, 0xf94d, 2, 3210, 1 },
    { 0xf94e, 0xf94e, 2, 3211, 1 },
    { 0xf94f, 0xf94f, 2, 3212, 1 },
    { 0xf950, 0xf950, 2, 3213, 1 },
    { 0xf951, 0xf951, 2, 3214, 1 },
    { 0xf952, 0xf952, 2, 3215, 1 },
    { 0xf953, 0xf953, 2, 3216, 1 },
    { 0xf954, 0xf954, 2, 3217, 1 },
    { 0xf955, 0xf955, 2, 3218, 1 },
    { 0xf956, 0xf956, 2, 3219, 1 },
    { 0xf957, 0xf957, 2, 3220, 1 },
    { 0xf958, 0xf958, 2, 3221, 1 },
    { 0xf959, 0xf959, 2, 3222, 1 },
    { 0xf95a, 0xf95a, 2, 3223, 1 },
    { 0xf95b, 0xf95b, 2, 3224, 1 },
    { 0xf95c, 0xf95c, 2, 3155, 1 },
    { 0xf95d, 0xf95d, 2, 3225, 1 },
    { 0xf95e, 0xf95e, 2, 3226, 1 },
    { 0xf95f, 0xf95f, 2, 3227, 1 },
    { 0xf960, 0xf960, 2, 3228, 1 },
    { 0xf961, 0xf961, 2, 3229, 1 },
    { 0xf962, 0xf962, 2, 3230, 1 },
    { 0xf963, 0xf963, 2, 3231, 1 },
    { 0xf964, 0xf964, 2, 3232, 1 },
    { 0xf965, 0xf965, 2, 3233, 1 },
    { 0xf966, 0xf966, 2, 3234, 1 },
    { 0xf967, 0xf967, 2, 3235, 1 },
    { 0xf968, 0xf968, 2, 3236, 1 },
    { 0xf969, 0xf969, 2, 3237, 1 },
    { 0xf96a, 0xf96a, 2, 3238, 1 },
    { 0xf96b, 0xf96b, 2, 3239, 1 },
    { 0xf96c, 0xf96c, 2, 3240, 1 },
    { 0xf96d, 0xf96d, 2, 3241, 1 },
    { 0xf96e, 0xf96e, 2, 3242, 1 },
    { 0xf96f, 0xf96f, 2, 3243, 1 },
    { 0xf970, 0xf970, 2, 3244, 1 },
    { 0xf971, 0xf971, 2, 1658, 1 },
    { 0xf972, 0xf972, 2, 3245, 1 },
    { 0xf973, 0xf973, 2, 3246, 1 },
    { 0xf974, 0xf974, 2, 3247, 1 },
    { 0xf975, 0xf975, 2, 3248, 1 },
    { 0xf976, 0xf976, 2, 3249, 1 },
    { 0xf977, 0xf977, 2, 3250, 1 },
    { 0xf978, 0xf978, 2, 3251, 1 },
    { 0xf979, 0xf979, 2, 3252, 1 },
    { 0xf97a, 0xf97a, 2, 3253, 1 },
    { 0xf97b, 0xf97b, 2, 3254, 1 },
    { 0xf97c, 0xf97c, 2, 3255, 1 },
    { 0xf97d, 0xf97d, 2, 3256, 1 },
    { 0xf97e, 0xf97e, 2, 3257, 1 },
    { 0xf97f, 0xf97f, 2, 3258, 1 },
    { 0xf980, 0xf980, 2, 3259, 1 },
    { 0xf981, 0xf981, 2, 1535, 1 },
    { 0xf982, 0xf982, 2, 3260, 1 },
    { 0xf983, 0xf983, 2, 3261, 1 },
    { 0xf984, 0xf984, 2, 3262, 1 },
    { 0xf985, 0xf985, 2, 3263, 1 },
    { 0xf986, 0xf986, 2, 3264, 1 },
    { 0xf987, 0xf987, 2, 3265, 1 },
    { 0xf988, 0xf988, 2, 3266, 1 },
    { 0xf989, 0xf989, 2, 3267, 1 },
    { 0xf98a, 0xf98a, 2, 1516, 1 },
    { 0xf98b, 0xf98b, 2, 3268, 1 },
    { 0xf98c, 0xf98c, 2, 3269, 1 },
    { 0xf98d, 0xf98d, 2, 3270, 1 },
    { 0xf98e, 0xf98e, 2, 3271, 1 },
    { 0xf98f, 0xf98f, 2, 3272, 1 },
    { 0xf990, 0xf990, 2, 3273, 1 },
    { 0xf991, 0xf991, 2, 3274, 1 },
    { 0xf992, 0xf992, 2, 3275, 1 },
    { 0xf993, 0xf993, 2, 3276, 1 },
    { 0xf994, 0xf994, 2, 3277, 1 },
    { 0xf995, 0xf995, 2, 3278, 1 },
    { 0xf996, 0xf996, 2, 3279, 1 },
    { 0xf997, 0xf997, 2, 3280, 1 },
    { 0xf998, 0xf998, 2, 3281, 1 },
    { 0xf999, 0xf999, 2, 3282, 1 },
    { 0xf99a, 0xf99a, 2, 3283, 1 },
    { 0xf99b, 0xf99b, 2, 3284, 1 },
    { 0xf99c, 0xf99c, 2, 3285, 1 },
    { 0xf99d, 0xf99d, 2, 3286, 1 },
    { 0xf99e, 0xf99e, 2, 3287, 1 },
    { 0xf99f, 0xf99f, 2, 3288, 1 },
    { 0xf9a0, 0xf9a0, 2, 3289, 1 },
    { 0xf9a1, 0xf9a1, 2, 3243, 1 },
    { 0xf9a2, 0xf9a2, 2, 3290, 1 },
    { 0xf9a3, 0xf9a3, 2, 3291, 1 },
    { 0xf9a4, 0xf9a4, 2, 3292, 1 },
    { 0xf9a5, 0xf9a5, 2, 3293, 1 },
    { 0xf9a6, 0xf9a6, 2, 3294, 1 },
    { 0xf9a7, 0xf9a7, 2, 3295, 1 },
    { 0xf9a8, 0xf9a8, 2, 3296, 1 },
    { 0xf9a9, 0xf9a9, 2, 3297, 1 },
    { 0xf9aa, 0xf9aa, 2, 3227, 1 },
    { 0xf9ab, 0xf9ab, 2, 3298, 1 },
    { 0xf9ac, 0xf9ac, 2, 3299, 1 },
    { 0xf9ad, 0xf9ad, 2, 3300, 1 },
    { 0xf9ae, 0xf9ae, 2, 3301, 1 },
    { 0xf9af, 0xf9af, 2, 3302, 1 },
    { 0xf9b0, 0xf9b0, 2, 3303, 1 },
    { 0xf9b1, 0xf9b1, 2, 3304, 1 },
    { 0xf9b2, 0xf9b2, 2, 3305, 1 },
    { 0xf9b3, 0xf9b3, 2, 3306, 1 },
    { 0xf9b4, 0xf9b4, 2, 3307, 1 },
    { 0xf9b5, 0xf9b5, 2, 3308, 1 },
    { 0xf9b6, 0xf9b6, 2, 3309, 1 },
    { 0xf9b7, 0xf9b7, 2, 3310, 1 },
    { 0xf9b8, 0xf9b8, 2, 3311, 1 },
    { 0xf9b9, 0xf9b9, 2, 3312, 1 },
    { 0xf9ba, 0xf9ba, 2, 3313, 1 },
    { 0xf9bb, 0xf9bb, 2, 3314, 1 },
    { 0xf9bc, 0xf9bc, 2, 3315, 1 },
    { 0xf9bd, 0xf9bd, 2, 3316, 1 },
    { 0xf9be, 0xf9be, 2, 3317, 1 },
    { 0xf9bf, 0xf9bf, 2, 3155, 1 },
    { 0xf9c0, 0xf9c0, 2, 3318, 1 },
    { 0xf9c1, 0xf9c1, 2, 3319, 1 },
    { 0xf9c2, 0xf9c2, 2, 3320, 1 },
    { 0xf9c3, 0xf9c3, 2, 3321, 1 },
    { 0xf9c4, 0xf9c4, 2, 1709, 1 },
    { 0xf9c5, 0xf9c5, 2, 3322, 1 },
    { 0xf9c6, 0xf9c6, 2, 3323, 1 },
    { 0xf9c7, 0xf9c7, 2, 3324, 1 },
    { 0xf9c8, 0xf9c8, 2, 3325, 1 },
    { 0xf9c9, 0xf9c9, 2, 3326, 1 },
    { 0xf9ca, 0xf9ca, 2, 3327, 1 },
    { 0xf9cb, 0xf9cb, 2, 3328, 1 },
    { 0xf9cc, 0xf9cc, 2, 3329, 1 },
    { 0xf9cd, 0xf9cd, 2, 3330, 1 },
    { 0xf9ce, 0xf9ce, 2, 3331, 1 },
    { 0xf9cf, 0xf9cf, 2, 3332, 1 },
    { 0xf9d0, 0xf9d0, 2, 3333, 1 },
    { 0xf9d1, 0xf9d1, 2, 2086, 1 },
    { 0xf9d2, 0xf9d2, 2, 3334, 1 },
    { 0xf9d3, 0xf9d3, 2, 3335, 1 },
    { 0xf9d4, 0xf9d4, 2, 3336, 1 },
    { 0xf9d5, 0xf9d5, 2, 3337, 1 },
    { 0xf9d6, 0xf9d6, 2, 3338, 1 },
    { 0xf9d7, 0xf9d7, 2, 3339, 1 },
    { 0xf9d8, 0xf9d8, 2, 3340, 1 },
    { 0xf9d9, 0xf9d9, 2, 3341, 1 },
    { 0xf9da, 0xf9da, 2, 3342, 1 },
    { 0xf9db, 0xf9db, 2, 3229, 1 },
    { 0xf9dc, 0xf9dc, 2, 3343, 1 },
    { 0xf9dd, 0xf9dd, 2, 3344, 1 },
    { 0xf9de, 0xf9de, 2, 3345, 1 },
    { 0xf9df, 0xf9df, 2, 3346, 1 },
    { 0xf9e0, 0xf9e0, 2, 3347, 1 },
    { 0xf9e1, 0xf9e1, 2, 3348, 1 },
    { 0xf9e2, 0xf9e2, 2, 3349, 1 },
    { 0xf9e3, 0xf9e3, 2, 3350, 1 },
    { 0xf9e4, 0xf9e4, 2, 3351, 1 },
    { 0xf9e5, 0xf9e5, 2, 3352, 1 },
    { 0xf9e6, 0xf9e6, 2, 3353, 1 },
    { 0xf9e7, 0xf9e7, 2, 3354, 1 },
    { 0xf9e8, 0xf9e8, 2, 3355, 1 },
    { 0xf9e9, 0xf9e9, 2, 1663, 1 },
    { 0xf9ea, 0xf9ea, 2, 3356, 1 },
    { 0xf9eb, 0xf9eb, 2, 3357, 1 },
    { 0xf9ec, 0xf9ec, 2, 3358, 1 },
    { 0xf9ed, 0xf9ed, 2, 3359, 1 },
    { 0xf9ee, 0xf9ee, 2, 3360, 1 },
    { 0xf9ef, 0xf9ef, 2, 3361, 1 },
    { 0xf9f0, 0xf9f0, 2, 3362, 1 },
    { 0xf9f1, 0xf9f1, 2, 3363, 1 },
    { 0xf9f2, 0xf9f2, 2, 3364, 1 },
    { 0xf9f3, 0xf9f3, 2, 3365, 1 },
    { 0xf9f4, 0xf9f4, 2, 3366, 1 },
    { 0xf9f5, 0xf9f5, 2, 3367, 1 },
    { 0xf9f6, 0xf9f6, 2, 3368, 1 },
    { 0xf9f7, 0xf9f7, 2, 1614, 1 },
    { 0xf9f8, 0xf9f8, 2, 3369, 1 },
    { 0xf9f9, 0xf9f9, 2, 3370, 1 },
    { 0xf9fa, 0xf9fa, 2, 3371, 1 },
    { 0xf9fb, 0xf9fb, 2, 3372, 1 },
    { 0xf9fc, 0xf9fc, 2, 3373, 1 },
    { 0xf9fd, 0xf9fd, 2, 3374, 1 },
    { 0xf9fe, 0xf9fe, 2, 3375, 1 },
    { 0xf9ff, 0xf9ff, 2, 3376, 1 },
    { 0xfa00, 0xfa00, 2, 3377, 1 },
    { 0xfa01, 0xfa01, 2, 3378, 1 },
    { 0xfa02, 0xfa02, 2, 3379, 1 },
    { 0xfa03, 0xfa03, 2, 3380, 1 },
    { 0xfa04, 0xfa04, 2, 3381, 1 },
    { 0xfa05, 0xfa05, 2, 3382, 1 },
    { 0xfa06, 0xfa06, 2, 3383, 1 },
    { 0xfa07, 0xfa07, 2, 3384, 1 },
    { 0xfa08, 0xfa08, 2, 1641, 1 },
    { 0xfa09, 0xfa09, 2, 3385, 1 },
    { 0xfa0a, 0xfa0a, 2, 1644, 1 },
    { 0xfa0b, 0xfa0b, 2, 3386, 1 },
    { 0xfa0c, 0xfa0c, 2, 3387, 1 },
    { 0xfa0d, 0xfa0d, 2, 3388, 1 },
    { 0xfa0e, 0xfa0f, 0, 0, 0 },
    { 0xfa10, 0xfa10, 2, 3389, 1 },
    { 0xfa11, 0xfa11, 0, 0, 0 },
    { 0xfa12, 0xfa12, 2, 3390, 1 },
    { 0xfa13, 0xfa14, 0, 0, 0 },
    { 0xfa15, 0xfa15, 2, 3391, 1 },
    { 0xfa16, 0xfa16, 2, 3392, 1 },
    { 0xfa17, 0xfa17, 2, 3393, 1 },
    { 0xfa18, 0xfa18, 2, 3394, 1 },
    { 0xfa19, 0xfa19, 2, 3395, 1 },
    { 0xfa1a, 0xfa1a, 2, 3396, 1 },
    { 0xfa1b, 0xfa1b, 2, 3397, 1 },
    { 0xfa1c, 0xfa1c, 2, 3398, 1 },
    { 0xfa1d, 0xfa1d, 2, 3399, 1 },
    { 0xfa1e, 0xfa1e, 2, 1621, 1 },
    { 0xfa1f, 0xfa1f, 0, 0, 0 },
    { 0xfa20, 0xfa20, 2, 3400, 1 },
    { 0xfa21, 0xfa21, 0, 0, 0 },
    { 0xfa22, 0xfa22, 2, 3401, 1 },
    { 0xfa23, 0xfa24, 0, 0, 0 },
    { 0xfa25, 0xfa25, 2, 3402, 1 },
    { 0xfa26, 0xfa26, 2, 3403, 1 },
    { 0xfa27, 0xfa29, 0, 0, 0 },
    { 0xfa2a, 0xfa2a, 2, 3404, 1 },
    { 0xfa2b, 0xfa2b, 2, 3405, 1 },
    { 0xfa2c, 0xfa2c, 2, 3406, 1 },
    { 0xfa2d, 0xfa2d, 2, 3407, 1 },
    { 0xfa2e, 0xfa2e, 2, 3408, 1 },
    { 0xfa2f, 0xfa2f, 2, 3409, 1 },
    { 0xfa30, 0xfa30, 2, 3410, 1 },
    { 0xfa31, 0xfa31, 2, 3411, 1 },
    { 0xfa32, 0xfa32, 2, 3412, 1 },
    { 0xfa33, 0xfa33, 2, 3413, 1 },
    { 0xfa34, 0xfa34, 2, 3414, 1 },
    { 0xfa35, 0xfa35, 2, 3415, 1 },
    { 0xfa36, 0xfa36, 2, 3416, 1 },
    { 0xfa37, 0xfa37, 2, 3417, 1 },
    { 0xfa38, 0xfa38, 2, 3418, 1 },
    { 0xfa39, 0xfa39, 2, 3419, 1 },
    { 0xfa3a, 0xfa3a, 2, 3420, 1 },
    { 0xfa3b, 0xfa3b, 2, 3421, 1 },
    { 0xfa3c, 0xfa3c, 2, 1542, 1 },
    { 0xfa3d, 0xfa3d, 2, 3422, 1 },
    { 0xfa3e, 0xfa3e, 2, 3423, 1 },
    { 0xfa3f, 0xfa3f, 2, 3424, 1 },
    { 0xfa40, 0xfa40, 2, 3425, 1 },
    { 0xfa41, 0xfa41, 2, 3426, 1 },
    { 0xfa42, 0xfa42, 2, 3427, 1 },
    { 0xfa43, 0xfa43, 2, 3428, 1 },
    { 0xfa44, 0xfa44, 2, 3429, 1 },
    { 0xfa45, 0xfa45, 2, 3430, 1 },
    { 0xfa46, 0xfa46, 2, 3431, 1 },
    { 0xfa47, 0xfa47, 2, 3432, 1 },
    { 0xfa48, 0xfa48, 2, 3433, 1 },
    { 0xfa49, 0xfa49, 2, 3434, 1 },
    { 0xfa4a, 0xfa4a, 2, 3435, 1 },
    { 0xfa4b, 0xfa4b, 2, 3436, 1 },
    { 0xfa4c, 0xfa4c, 2, 2091, 1 },
    { 0xfa4d, 0xfa4d, 2, 3437, 1 },
    { 0xfa4e, 0xfa4e, 2, 3438, 1 },
    { 0xfa4f, 0xfa4f, 2, 3439, 1 },
    { 0xfa50, 0xfa50, 2, 3440, 1 },
    { 0xfa51, 0xfa51, 2, 2095, 1 },
    { 0xfa52, 0xfa52, 2, 3441, 1 },
    { 0xfa53, 0xfa53, 2, 3442, 1 },
    { 0xfa54, 0xfa54, 2, 3443, 1 },
    { 0xfa55, 0xfa55, 2, 3444, 1 },
    { 0xfa56, 0xfa56, 2, 3445, 1 },
    { 0xfa57, 0xfa57, 2, 3279, 1 },
    { 0xfa58, 0xfa58, 2, 3446, 1 },
    { 0xfa59, 0xfa59, 2, 3447, 1 },
    { 0xfa5a, 0xfa5a, 2, 3448, 1 },
    { 0xfa5b, 0xfa5b, 2, 3449, 1 },
    { 0xfa5c, 0xfa5c, 2, 3450, 1 },
    { 0xfa5d, 0xfa5e, 2, 3451, 1 },
    { 0xfa5f, 0xfa5f, 2, 3452, 1 },
    { 0xfa60, 0xfa60, 2, 3453, 1 },
    { 0xfa61, 0xfa61, 2, 3454, 1 },
    { 0xfa62, 0xfa62, 2, 3455, 1 },
    { 0xfa63, 0xfa63, 2, 3456, 1 },
    { 0xfa64, 0xfa64, 2, 3457, 1 },
    { 0xfa65, 0xfa65, 2, 3458, 1 },
    { 0xfa66, 0xfa66, 2, 3459, 1 },
    { 0xfa67, 0xfa67, 2, 3402, 1 },
    { 0xfa68, 0xfa68, 2, 3460, 1 },
    { 0xfa69, 0xfa69, 2, 3461, 1 },
    { 0xfa6a, 0xfa6a, 2, 3462, 1 },
    { 0xfa6b, 0xfa6b, 2, 3463, 1 },
    { 0xfa6c, 0xfa6c, 2, 3464, 1 },
    { 0xfa6d, 0xfa6d, 2, 3465, 1 },
    { 0xfa6e, 0xfa6f, 3, 0, 0 },
    { 0xfa70, 0xfa70, 2, 3466, 1 },
    { 0xfa71, 0xfa71, 2, 3467, 1 },
    { 0xfa72, 0xfa72, 2, 3468, 1 },
    { 0xfa73, 0xfa73, 2, 3469, 1 },
    { 0xfa74, 0xfa74, 2, 3470, 1 },
    { 0xfa75, 0xfa75, 2, 3471, 1 },
    { 0xfa76, 0xfa76, 2, 3472, 1 },
    { 0xfa77, 0xfa77, 2, 3473, 1 },
    { 0xfa78, 0xfa78, 2, 3416, 1 },
    { 0xfa79, 0xfa79, 2, 3474, 1 },
    { 0xfa7a, 0xfa7a, 2, 3475, 1 },
    { 0xfa7b, 0xfa7b, 2, 3476, 1 },
    { 0xfa7c, 0xfa7c, 2, 3389, 1 },
    { 0xfa7d, 0xfa7d, 2, 3477, 1 },
    { 0xfa7e, 0xfa7e, 2, 3478, 1 },
    { 0xfa7f, 0xfa7f, 2, 3479, 1 },
    { 0xfa80, 0xfa80, 2, 3480, 1 },
    { 0xfa81, 0xfa81, 2, 3481, 1 },
    { 0xfa82, 0xfa82, 2, 3482, 1 },
    { 0xfa83, 0xfa83, 2, 3483, 1 },
    { 0xfa84, 0xfa84, 2, 3484, 1 },
    { 0xfa85, 0xfa85, 2, 3485, 1 },
    { 0xfa86, 0xfa86, 2, 3486, 1 },
    { 0xfa87, 0xfa87, 2, 3487, 1 },
    { 0xfa88, 0xfa88, 2, 3488, 1 },
    { 0xfa89, 0xfa89, 2, 3424, 1 },
    { 0xfa8a, 0xfa8a, 2, 3489, 1 },
    { 0xfa8b, 0xfa8b, 2, 3425, 1 },
    { 0xfa8c, 0xfa8c, 2, 3490, 1 },
    { 0xfa8d, 0xfa8d, 2, 3491, 1 },
    { 0xfa8e, 0xfa8e, 2, 3492, 1 },
    { 0xfa8f, 0xfa8f, 2, 3493, 1 },
    { 0xfa90, 0xfa90, 2, 3494, 1 },
    { 0xfa91, 0xfa91, 2, 3390, 1 },
    { 0xfa92, 0xfa92, 2, 3176, 1 },
    { 0xfa93, 0xfa93, 2, 3495, 1 },
    { 0xfa94, 0xfa94, 2, 3496, 1 },
    { 0xfa95, 0xfa95, 2, 1575, 1 },
    { 0xfa96, 0xfa96, 2, 3244, 1 },
    { 0xfa97, 0xfa97, 2, 3327, 1 },
    { 0xfa98, 0xfa98, 2, 3497, 1 },
    { 0xfa99, 0xfa99, 2, 3498, 1 },
    { 0xfa9a, 0xfa9a, 2, 3432, 1 },
    { 0xfa9b, 0xfa9b, 2, 3499, 1 },
    { 0xfa9c, 0xfa9c, 2, 3433, 1 },
    { 0xfa9d, 0xfa9d, 2, 3500, 1 },
    { 0xfa9e, 0xfa9e, 2, 3501, 1 },
    { 0xfa9f, 0xfa9f, 2, 3502, 1 },
    { 0xfaa0, 0xfaa0, 2, 3392, 1 },
    { 0xfaa1, 0xfaa1, 2, 3503, 1 },
    { 0xfaa2, 0xfaa2, 2, 3504, 1 },
    { 0xfaa3, 0xfaa3, 2, 3505, 1 },
    { 0xfaa4, 0xfaa4, 2, 3506, 1 },
    { 0xfaa5, 0xfaa5, 2, 3507, 1 },
    { 0xfaa6, 0xfaa6, 2, 3393, 1 },
    { 0xfaa7, 0xfaa7, 2, 3508, 1 },
    { 0xfaa8, 0xfaa8, 2, 3509, 1 },
    { 0xfaa9, 0xfaa9, 2, 3510, 1 },
    { 0xfaaa, 0xfaaa, 2, 3511, 1 },
    { 0xfaab, 0xfaab, 2, 3512, 1 },
    { 0xfaac, 0xfaac, 2, 3513, 1 },
    { 0xfaad, 0xfaad, 2, 3445, 1 },
    { 0xfaae, 0xfaae, 2, 3514, 1 },
    { 0xfaaf, 0xfaaf, 2, 3515, 1 },
    { 0xfab0, 0xfab0, 2, 3279, 1 },
    { 0xfab1, 0xfab1, 2, 3516, 1 },
    { 0xfab2, 0xfab2, 2, 3449, 1 },
    { 0xfab3, 0xfab3, 2, 3517, 1 },
    { 0xfab4, 0xfab4, 2, 3518, 1 },
    { 0xfab5, 0xfab5, 2, 3519, 1 },
    { 0xfab6, 0xfab6, 2, 3520, 1 },
    { 0xfab7, 0xfab7, 2, 3521, 1 },
    { 0xfab8, 0xfab8, 2, 3454, 1 },
    { 0xfab9, 0xfab9, 2, 3522, 1 },
    { 0xfaba, 0xfaba, 2, 3401, 1 },
    { 0xfabb, 0xfabb, 2, 3523, 1 },
    { 0xfabc, 0xfabc, 2, 3455, 1 },
    { 0xfabd, 0xfabd, 2, 3225, 1 },
    { 0xfabe, 0xfabe, 2, 3524, 1 },
    { 0xfabf, 0xfabf, 2, 3456, 1 },
    { 0xfac0, 0xfac0, 2, 3525, 1 },
    { 0xfac1, 0xfac1, 2, 3458, 1 },
    { 0xfac2, 0xfac2, 2, 3526, 1 },
    { 0xfac3, 0xfac3, 2, 3527, 1 },
    { 0xfac4, 0xfac4, 2, 3528, 1 },
    { 0xfac5, 0xfac5, 2, 3529, 1 },
    { 0xfac6, 0xfac6, 2, 3530, 1 },
    { 0xfac7, 0xfac7, 2, 3460, 1 },
    { 0xfac8, 0xfac8, 2, 3398, 1 },
    { 0xfac9, 0xfac9, 2, 3531, 1 },
    { 0xfaca, 0xfaca, 2, 3461, 1 },
    { 0xfacb, 0xfacb, 2, 3532, 1 },
    { 0xfacc, 0xfacc, 2, 3462, 1 },
    { 0xfacd, 0xfacd, 2, 3533, 1 },
    { 0xface, 0xface, 2, 1710, 1 },
    { 0xfacf, 0xfacf, 2, 3534, 1 },
    { 0xfad0, 0xfad0, 2, 3535, 1 },
    { 0xfad1, 0xfad1, 2, 3536, 1 },
    { 0xfad2, 0xfad2, 2, 3537, 1 },
    { 0xfad3, 0xfad3, 2, 3538, 1 },
    { 0xfad4, 0xfad4, 2, 3539, 1 },
    { 0xfad5, 0xfad5, 2, 3540, 1 },
    { 0xfad6, 0xfad6, 2, 3541, 1 },
    { 0xfad7, 0xfad7, 2, 3542, 1 },
    { 0xfad8, 0xfad8, 2, 3543, 1 },
    { 0xfad9, 0xfad9, 2, 3544, 1 },
    { 0xfada, 0xfaff, 3, 0, 0 },
    { 0xfb00, 0xfb00, 2, 3545, 2 },
    { 0xfb01, 0xfb01, 2, 3547, 2 },
    { 0xfb02, 0xfb02, 2, 3549, 2 },
    { 0xfb03, 0xfb03, 2, 3551, 3 },
    { 0xfb04, 0xfb04, 2, 3554, 3 },
    { 0xfb05, 0xfb06, 2, 3557, 2 },
    { 0xfb07, 0xfb12, 3, 0, 0 },
    { 0xfb13, 0xfb13, 2, 3559, 2 },
    { 0xfb14, 0xfb14, 2, 3561, 2 },
    { 0xfb15, 0xfb15, 2, 3563, 2 },
    { 0xfb16, 0xfb16, 2, 3565, 2 },
    { 0xfb17, 0xfb17, 2, 3567, 2 },
    { 0xfb18, 0xfb1c, 3, 0, 0 },
    { 0xfb1d, 0xfb1d, 2, 3569, 2 },
    { 0xfb1e, 0xfb1e, 0, 0, 0 },
    { 0xfb1f, 0xfb1f, 2, 3571, 2 },
    { 0xfb20, 0xfb20, 2, 3573, 1 },
    { 0xfb21, 0xfb21, 2, 1103, 1 },
    { 0xfb22, 0xfb22, 2, 1106, 1 },
    { 0xfb23, 0xfb23, 2, 3574, 1 },
    { 0xfb24, 0xfb24, 2, 3575, 1 },
    { 0xfb25, 0xfb25, 2, 3576, 1 },
    { 0xfb26, 0xfb26, 2, 3577, 1 },
    { 0xfb27, 0xfb27, 2, 3578, 1 },
    { 0xfb28, 0xfb28, 2, 3579, 1 },
    { 0xfb29, 0xfb29, 2, 1070, 1 },
    { 0xfb2a, 0xfb2a, 2, 3580, 2 },
    { 0xfb2b, 0xfb2b, 2, 3582, 2 },
    { 0xfb2c, 0xfb2c, 2, 3584, 3 },
    { 0xfb2d, 0xfb2d, 2, 3587, 3 },
    { 0xfb2e, 0xfb2e, 2, 3590, 2 },
    { 0xfb2f, 0xfb2f, 2, 3592, 2 },
    { 0xfb30, 0xfb30, 2, 3594, 2 },
    { 0xfb31, 0xfb31, 2, 3596, 2 },
    { 0xfb32, 0xfb32, 2, 3598, 2 },
    { 0xfb33, 0xfb33, 2, 3600, 2 },
    { 0xfb34, 0xfb34, 2, 3602, 2 },
    { 0xfb35, 0xfb35, 2, 3604, 2 },
    { 0xfb36, 0xfb36, 2, 3606, 2 },
    { 0xfb37, 0xfb37, 3, 0, 0 },
    { 0xfb38, 0xfb38, 2, 3608, 2 },
    { 0xfb39, 0xfb39, 2, 3610, 2 },
    { 0xfb3a, 0xfb3a, 2, 3612, 2 },
    { 0xfb3b, 0xfb3b, 2, 3614, 2 },
    { 0xfb3c, 0xfb3c, 2, 3616, 2 },
    { 0xfb3d, 0xfb3d, 3, 0, 0 },
    { 0xfb3e, 0xfb3e, 2, 3618, 2 },
    { 0xfb3f, 0xfb3f, 3, 0, 0 },
    { 0xfb40, 0xfb40, 2, 3620, 2 },
    { 0xfb41, 0xfb41, 2, 3622, 2 },
    { 0xfb42, 0xfb42, 3, 0, 0 },
    { 0xfb43, 0xfb43, 2, 3624, 2 },
    { 0xfb44, 0xfb44, 2, 3626, 2 },
    { 0xfb45, 0xfb45, 3, 0, 0 },
    { 0xfb46, 0xfb46, 2, 3628, 2 },
    { 0xfb47, 0xfb47, 2, 3630, 2 },
    { 0xfb48, 0xfb48, 2, 3632, 2 },
    { 0xfb49, 0xfb49, 2, 3634, 2 },
    { 0xfb4a, 0xfb4a, 2, 3636, 2 },
    { 0xfb4b, 0xfb4b, 2, 3638, 2 },
    { 0xfb4c, 0xfb4c, 2, 3640, 2 },
    { 0xfb4d, 0xfb4d, 2, 3642, 2 },
    { 0xfb4e, 0xfb4e, 2, 3644, 2 },
    { 0xfb4f, 0xfb4f, 2, 3646, 2 },
    { 0xfb50, 0xfb51, 2, 3648, 1 },
    { 0xfb52, 0xfb55, 2, 3649, 1 },
    { 0xfb56, 0xfb59, 2, 3650, 1 },
    { 0xfb5a, 0xfb5d, 2, 3651, 1 },
    { 0xfb5e, 0xfb61, 2, 3652, 1 },
    { 0xfb62, 0xfb65, 2, 3653, 1 },
    { 0xfb66, 0xfb69, 2, 3654, 1 },
    { 0xfb6a, 0xfb6d, 2, 3655, 1 },
    { 0xfb6e, 0xfb71, 2, 3656, 1 },
    { 0xfb72, 0xfb75, 2, 3657, 1 },
    { 0xfb76, 0xfb79, 2, 3658, 1 },
    { 0xfb7a, 0xfb7d, 2, 3659, 1 },
    { 0xfb7e, 0xfb81, 2, 3660, 1 },
    { 0xfb82, 0xfb83, 2, 3661, 1 },
    { 0xfb84, 0xfb85, 2, 3662, 1 },
    { 0xfb86, 0xfb87, 2, 3663, 1 },
    { 0xfb88, 0xfb89, 2, 3664, 1 },
    { 0xfb8a, 0xfb8b, 2, 3665, 1 },
    { 0xfb8c, 0xfb8d, 2, 3666, 1 },
    { 0xfb8e, 0xfb91, 2, 3667, 1 },
    { 0xfb92, 0xfb95, 2, 3668, 1 },
    { 0xfb96, 0xfb99, 2, 3669, 1 },
    { 0xfb9a, 0xfb9d, 2, 3670, 1 },
    { 0xfb9e, 0xfb9f, 2, 3671, 1 },
    { 0xfba0, 0xfba3, 2, 3672, 1 },
    { 0xfba4, 0xfba5, 2, 3673, 1 },
    { 0xfba6, 0xfba9, 2, 3674, 1 },
    { 0xfbaa, 0xfbad, 2, 3675, 1 },
    { 0xfbae, 0xfbaf, 2, 3676, 1 },
    { 0xfbb0, 0xfbb1, 2, 3677, 1 },
    { 0xfbb2, 0xfbd2, 0, 0, 0 },
    { 0xfbd3, 0xfbd6, 2, 3678, 1 },
    { 0xfbd7, 0xfbd8, 2, 3679, 1 },
    { 0xfbd9, 0xfbda, 2, 3680, 1 },
    { 0xfbdb, 0xfbdc, 2, 3681, 1 },
    { 0xfbdd, 0xfbdd, 2, 529, 2 },
    { 0xfbde, 0xfbdf, 2, 3682, 1 },
    { 0xfbe0, 0xfbe1, 2, 3683, 1 },
    { 0xfbe2, 0xfbe3, 2, 3684, 1 },
    { 0xfbe4, 0xfbe7, 2, 3685, 1 },
    { 0xfbe8, 0xfbe9, 2, 3686, 1 },
    { 0xfbea, 0xfbeb, 2, 3687, 2 },
    { 0xfbec, 0xfbed, 2, 3689, 2 },
    { 0xfbee, 0xfbef, 2, 3691, 2 },
    { 0xfbf0, 0xfbf1, 2, 3693, 2 },
    { 0xfbf2, 0xfbf3, 2, 3695, 2 },
    { 0xfbf4, 0xfbf5, 2, 3697, 2 },
    { 0xfbf6, 0xfbf8, 2, 3699, 2 },
    { 0xfbf9, 0xfbfb, 2, 3701, 2 },
    { 0xfbfc, 0xfbff, 2, 3703, 1 },
    { 0xfc00, 0xfc00, 2, 3704, 2 },
    { 0xfc01, 0xfc01, 2, 3706, 2 },
    { 0xfc02, 0xfc02, 2, 3708, 2 },
    { 0xfc03, 0xfc03, 2, 3701, 2 },
    { 0xfc04, 0xfc04, 2, 3710, 2 },
    { 0xfc05, 0xfc05, 2, 3712, 2 },
    { 0xfc06, 0xfc06, 2, 3714, 2 },
    { 0xfc07, 0xfc07, 2, 3716, 2 },
    { 0xfc08, 0xfc08, 2, 3718, 2 },
    { 0xfc09, 0xfc09, 2, 3720, 2 },
    { 0xfc0a, 0xfc0a, 2, 3722, 2 },
    { 0xfc0b, 0xfc0b, 2, 3724, 2 },
    { 0xfc0c, 0xfc0c, 2, 3726, 2 },
    { 0xfc0d, 0xfc0d, 2, 3728, 2 },
    { 0xfc0e, 0xfc0e, 2, 3730, 2 },
    { 0xfc0f, 0xfc0f, 2, 3732, 2 },
    { 0xfc10, 0xfc10, 2, 3734, 2 },
    { 0xfc11, 0xfc11, 2, 3736, 2 },
    { 0xfc12, 0xfc12, 2, 3738, 2 },
    { 0xfc13, 0xfc13, 2, 3740, 2 },
    { 0xfc14, 0xfc14, 2, 3742, 2 },
    { 0xfc15, 0xfc15, 2, 3744, 2 },
    { 0xfc16, 0xfc16, 2, 3746, 2 },
    { 0xfc17, 0xfc17, 2, 3748, 2 },
    { 0xfc18, 0xfc18, 2, 3750, 2 },
    { 0xfc19, 0xfc19, 2, 3752, 2 },
    { 0xfc1a, 0xfc1a, 2, 3754, 2 },
    { 0xfc1b, 0xfc1b, 2, 3756, 2 },
    { 0xfc1c, 0xfc1c, 2, 3758, 2 },
    { 0xfc1d, 0xfc1d, 2, 3760, 2 },
    { 0xfc1e, 0xfc1e, 2, 3762, 2 },
    { 0xfc1f, 0xfc1f, 2, 3764, 2 },
    { 0xfc20, 0xfc20, 2, 3766, 2 },
    { 0xfc21, 0xfc21, 2, 3768, 2 },
    { 0xfc22, 0xfc22, 2, 3770, 2 },
    { 0xfc23, 0xfc23, 2, 3772, 2 },
    { 0xfc24, 0xfc24, 2, 3774, 2 },
    { 0xfc25, 0xfc25, 2, 3776, 2 },
    { 0xfc26, 0xfc26, 2, 3778, 2 },
    { 0xfc27, 0xfc27, 2, 3780, 2 },
    { 0xfc28, 0xfc28, 2, 3782, 2 },
    { 0xfc29, 0xfc29, 2, 3784, 2 },
    { 0xfc2a, 0xfc2a, 2, 3786, 2 },
    { 0xfc2b, 0xfc2b, 2, 3788, 2 },
    { 0xfc2c, 0xfc2c, 2, 3790, 2 },
    { 0xfc2d, 0xfc2d, 2, 3792, 2 },
    { 0xfc2e, 0xfc2e, 2, 3794, 2 },
    { 0xfc2f, 0xfc2f, 2, 3796, 2 },
    { 0xfc30, 0xfc30, 2, 3798, 2 },
    { 0xfc31, 0xfc31, 2, 3800, 2 },
    { 0xfc32, 0xfc32, 2, 3802, 2 },
    { 0xfc33, 0xfc33, 2, 3804, 2 },
    { 0xfc34, 0xfc34, 2, 3806, 2 },
    { 0xfc35, 0xfc35, 2, 3808, 2 },
    { 0xfc36, 0xfc36, 2, 3810, 2 },
    { 0xfc37, 0xfc37, 2, 3812, 2 },
    { 0xfc38, 0xfc38, 2, 3814, 2 },
    { 0xfc39, 0xfc39, 2, 3816, 2 },
    { 0xfc3a, 0xfc3a, 2, 3818, 2 },
    { 0xfc3b, 0xfc3b, 2, 3820, 2 },
    { 0xfc3c, 0xfc3c, 2, 3822, 2 },
    { 0xfc3d, 0xfc3d, 2, 3824, 2 },
    { 0xfc3e, 0xfc3e, 2, 3826, 2 },
    { 0xfc3f, 0xfc3f, 2, 3828, 2 },
    { 0xfc40, 0xfc40, 2, 3830, 2 },
    { 0xfc41, 0xfc41, 2, 3832, 2 },
    { 0xfc42, 0xfc42, 2, 3834, 2 },
    { 0xfc43, 0xfc43, 2, 3836, 2 },
    { 0xfc44, 0xfc44, 2, 3838, 2 },
    { 0xfc45, 0xfc45, 2, 3840, 2 },
    { 0xfc46, 0xfc46, 2, 3842, 2 },
    { 0xfc47, 0xfc47, 2, 3844, 2 },
    { 0xfc48, 0xfc48, 2, 3846, 2 },
    { 0xfc49, 0xfc49, 2, 3848, 2 },
    { 0xfc4a, 0xfc4a, 2, 3850, 2 },
    { 0xfc4b, 0xfc4b, 2, 3852, 2 },
    { 0xfc4c, 0xfc4c, 2, 3854, 2 },
    { 0xfc4d, 0xfc4d, 2, 3856, 2 },
    { 0xfc4e, 0xfc4e, 2, 3858, 2 },
    { 0xfc4f, 0xfc4f, 2, 3860, 2 },
    { 0xfc50, 0xfc50, 2, 3862, 2 },
    { 0xfc51, 0xfc51, 2, 3864, 2 },
    { 0xfc52, 0xfc52, 2, 3866, 2 },
    { 0xfc53, 0xfc53, 2, 3868, 2 },
    { 0xfc54, 0xfc54, 2, 3870, 2 },
    { 0xfc55, 0xfc55, 2, 3872, 2 },
    { 0xfc56, 0xfc56, 2, 3874, 2 },
    { 0xfc57, 0xfc57, 2, 3876, 2 },
    { 0xfc58, 0xfc58, 2, 3878, 2 },
    { 0xfc59, 0xfc59, 2, 3880, 2 },
    { 0xfc5a, 0xfc5a, 2, 3882, 2 },
    { 0xfc5b, 0xfc5b, 2, 3884, 2 },
    { 0xfc5c, 0xfc5c, 2, 3886, 2 },
    { 0xfc5d, 0xfc5d, 2, 3888, 2 },
    { 0xfc5e, 0xfc5e, 2, 3890, 3 },
    { 0xfc5f, 0xfc5f, 2, 3893, 3 },
    { 0xfc60, 0xfc60, 2, 3896, 3 },
    { 0xfc61, 0xfc61, 2, 3899, 3 },
    { 0xfc62, 0xfc62, 2, 3902, 3 },
    { 0xfc63, 0xfc63, 2, 3905, 3 },
    { 0xfc64, 0xfc64, 2, 3908, 2 },
    { 0xfc65, 0xfc65, 2, 3910, 2 },
    { 0xfc66, 0xfc66, 2, 3708, 2 },
    { 0xfc67, 0xfc67, 2, 3912, 2 },
    { 0xfc68, 0xfc68, 2, 3701, 2 },
    { 0xfc69, 0xfc69, 2, 3710, 2 },
    { 0xfc6a, 0xfc6a, 2, 3914, 2 },
    { 0xfc6b, 0xfc6b, 2, 3916, 2 },
    { 0xfc6c, 0xfc6c, 2, 3718, 2 },
    { 0xfc6d, 0xfc6d, 2, 3918, 2 },
    { 0xfc6e, 0xfc6e, 2, 3720, 2 },
    { 0xfc6f, 0xfc6f, 2, 3722, 2 },
    { 0xfc70, 0xfc70, 2, 3920, 2 },
    { 0xfc71, 0xfc71, 2, 3922, 2 },
    { 0xfc72, 0xfc72, 2, 3730, 2 },
    { 0xfc73, 0xfc73, 2, 3924, 2 },
    { 0xfc74, 0xfc74, 2, 3732, 2 },
    { 0xfc75, 0xfc75, 2, 3734, 2 },
    { 0xfc76, 0xfc76, 2, 3926, 2 },
    { 0xfc77, 0xfc77, 2, 3928, 2 },
    { 0xfc78, 0xfc78, 2, 3738, 2 },
    { 0xfc79, 0xfc79, 2, 3930, 2 },
    { 0xfc7a, 0xfc7a, 2, 3740, 2 },
    { 0xfc7b, 0xfc7b, 2, 3742, 2 },
    { 0xfc7c, 0xfc7c, 2, 3800, 2 },
    { 0xfc7d, 0xfc7d, 2, 3802, 2 },
    { 0xfc7e, 0xfc7e, 2, 3808, 2 },
    { 0xfc7f, 0xfc7f, 2, 3810, 2 },
    { 0xfc80, 0xfc80, 2, 3812, 2 },
    { 0xfc81, 0xfc81, 2, 3820, 2 },
    { 0xfc82, 0xfc82, 2, 3822, 2 },
    { 0xfc83, 0xfc83, 2, 3824, 2 },
    { 0xfc84, 0xfc84, 2, 3826, 2 },
    { 0xfc85, 0xfc85, 2, 3834, 2 },
    { 0xfc86, 0xfc86, 2, 3836, 2 },
    { 0xfc87, 0xfc87, 2, 3838, 2 },
    { 0xfc88, 0xfc88, 2, 3932, 2 },
    { 0xfc89, 0xfc89, 2, 3846, 2 },
    { 0xfc8a, 0xfc8a, 2, 3934, 2 },
    { 0xfc8b, 0xfc8b, 2, 3936, 2 },
    { 0xfc8c, 0xfc8c, 2, 3858, 2 },
    { 0xfc8d, 0xfc8d, 2, 3938, 2 },
    { 0xfc8e, 0xfc8e, 2, 3860, 2 },
    { 0xfc8f, 0xfc8f, 2, 3862, 2 },
    { 0xfc90, 0xfc90, 2, 3888, 2 },
    { 0xfc91, 0xfc91, 2, 3940, 2 },
    { 0xfc92, 0xfc92, 2, 3942, 2 },
    { 0xfc93, 0xfc93, 2, 3878, 2 },
    { 0xfc94, 0xfc94, 2, 3944, 2 },
    { 0xfc95, 0xfc95, 2, 3880, 2 },
    { 0xfc96, 0xfc96, 2, 3882, 2 },
    { 0xfc97, 0xfc97, 2, 3704, 2 },
    { 0xfc98, 0xfc98, 2, 3706, 2 },
    { 0xfc99, 0xfc99, 2, 3946, 2 },
    { 0xfc9a, 0xfc9a, 2, 3708, 2 },
    { 0xfc9b, 0xfc9b, 2, 3948, 2 },
    { 0xfc9c, 0xfc9c, 2, 3712, 2 },
    { 0xfc9d, 0xfc9d, 2, 3714, 2 },
    { 0xfc9e, 0xfc9e, 2, 3716, 2 },
    { 0xfc9f, 0xfc9f, 2, 3718, 2 },
    { 0xfca0, 0xfca0, 2, 3950, 2 },
    { 0xfca1, 0xfca1, 2, 3724, 2 },
    { 0xfca2, 0xfca2, 2, 3726, 2 },
    { 0xfca3, 0xfca3, 2, 3728, 2 },
    { 0xfca4, 0xfca4, 2, 3730, 2 },
    { 0xfca5, 0xfca5, 2, 3952, 2 },
    { 0xfca6, 0xfca6, 2, 3738, 2 },
    { 0xfca7, 0xfca7, 2, 3744, 2 },
    { 0xfca8, 0xfca8, 2, 3746, 2 },
    { 0xfca9, 0xfca9, 2, 3748, 2 },
    { 0xfcaa, 0xfcaa, 2, 3750, 2 },
    { 0xfcab, 0xfcab, 2, 3752, 2 },
    { 0xfcac, 0xfcac, 2, 3756, 2 },
    { 0xfcad, 0xfcad, 2, 3758, 2 },
    { 0xfcae, 0xfcae, 2, 3760, 2 },
    { 0xfcaf, 0xfcaf, 2, 3762, 2 },
    { 0xfcb0, 0xfcb0, 2, 3764, 2 },
    { 0xfcb1, 0xfcb1, 2, 3766, 2 },
    { 0xfcb2, 0xfcb2, 2, 3954, 2 },
    { 0xfcb3, 0xfcb3, 2, 3768, 2 },
    { 0xfcb4, 0xfcb4, 2, 3770, 2 },
    { 0xfcb5, 0xfcb5, 2, 3772, 2 },
    { 0xfcb6, 0xfcb6, 2, 3774, 2 },
    { 0xfcb7, 0xfcb7, 2, 3776, 2 },
    { 0xfcb8, 0xfcb8, 2, 3778, 2 },
    { 0xfcb9, 0xfcb9, 2, 3782, 2 },
    { 0xfcba, 0xfcba, 2, 3784, 2 },
    { 0xfcbb, 0xfcbb, 2, 3786, 2 },
    { 0xfcbc, 0xfcbc, 2, 3788, 2 },
    { 0xfcbd, 0xfcbd, 2, 3790, 2 },
    { 0xfcbe, 0xfcbe, 2, 3792, 2 },
    { 0xfcbf, 0xfcbf, 2, 3794, 2 },
    { 0xfcc0, 0xfcc0, 2, 3796, 2 },
    { 0xfcc1, 0xfcc1, 2, 3798, 2 },
    { 0xfcc2, 0xfcc2, 2, 3804, 2 },
    { 0xfcc3, 0xfcc3, 2, 3806, 2 },
    { 0xfcc4, 0xfcc4, 2, 3814, 2 },
    { 0xfcc5, 0xfcc5, 2, 3816, 2 },
    { 0xfcc6, 0xfcc6, 2, 3818, 2 },
    { 0xfcc7, 0xfcc7, 2, 3820, 2 },
    { 0xfcc8, 0xfcc8, 2, 3822, 2 },
    { 0xfcc9, 0xfcc9, 2, 3828, 2 },
    { 0xfcca, 0xfcca, 2, 3830, 2 },
    { 0xfccb, 0xfccb, 2, 3832, 2 },
    { 0xfccc, 0xfccc, 2, 3834, 2 },
    { 0xfccd, 0xfccd, 2, 3956, 2 },
    { 0xfcce, 0xfcce, 2, 3840, 2 },
    { 0xfccf, 0xfccf, 2, 3842, 2 },
    { 0xfcd0, 0xfcd0, 2, 3844, 2 },
    { 0xfcd1, 0xfcd1, 2, 3846, 2 },
    { 0xfcd2, 0xfcd2, 2, 3852, 2 },
    { 0xfcd3, 0xfcd3, 2, 3854, 2 },
    { 0xfcd4, 0xfcd4, 2, 3856, 2 },
    { 0xfcd5, 0xfcd5, 2, 3858, 2 },
    { 0xfcd6, 0xfcd6, 2, 3958, 2 },
    { 0xfcd7, 0xfcd7, 2, 3864, 2 },
    { 0xfcd8, 0xfcd8, 2, 3866, 2 },
    { 0xfcd9, 0xfcd9, 2, 3960, 2 },
    { 0xfcda, 0xfcda, 2, 3872, 2 },
    { 0xfcdb, 0xfcdb, 2, 3874, 2 },
    { 0xfcdc, 0xfcdc, 2, 3876, 2 },
    { 0xfcdd, 0xfcdd, 2, 3878, 2 },
    { 0xfcde, 0xfcde, 2, 3962, 2 },
    { 0xfcdf, 0xfcdf, 2, 3708, 2 },
    { 0xfce0, 0xfce0, 2, 3948, 2 },
    { 0xfce1, 0xfce1, 2, 3718, 2 },
    { 0xfce2, 0xfce2, 2, 3950, 2 },
    { 0xfce3, 0xfce3, 2, 3730, 2 },
    { 0xfce4, 0xfce4, 2, 3952, 2 },
    { 0xfce5, 0xfce5, 2, 3738, 2 },
    { 0xfce6, 0xfce6, 2, 3964, 2 },
    { 0xfce7, 0xfce7, 2, 3764, 2 },
    { 0xfce8, 0xfce8, 2, 3966, 2 },
    { 0xfce9, 0xfce9, 2, 3968, 2 },
    { 0xfcea, 0xfcea, 2, 3970, 2 },
    { 0xfceb, 0xfceb, 2, 3820, 2 },
    { 0xfcec, 0xfcec, 2, 3822, 2 },
    { 0xfced, 0xfced, 2, 3834, 2 },
    { 0xfcee, 0xfcee, 2, 3858, 2 },
    { 0xfcef, 0xfcef, 2, 3958, 2 },
    { 0xfcf0, 0xfcf0, 2, 3878, 2 },
    { 0xfcf1, 0xfcf1, 2, 3962, 2 },
    { 0xfcf2, 0xfcf2, 2, 3972, 3 },
    { 0xfcf3, 0xfcf3, 2, 3975, 3 },
    { 0xfcf4, 0xfcf4, 2, 3978, 3 },
    { 0xfcf5, 0xfcf5, 2, 3981, 2 },
    { 0xfcf6, 0xfcf6, 2, 3983, 2 },
    { 0xfcf7, 0xfcf7, 2, 3985, 2 },
    { 0xfcf8, 0xfcf8, 2, 3987, 2 },
    { 0xfcf9, 0xfcf9, 2, 3989, 2 },
    { 0xfcfa, 0xfcfa, 2, 3991, 2 },
    { 0xfcfb, 0xfcfb, 2, 3993, 2 },
    { 0xfcfc, 0xfcfc, 2, 3995, 2 },
    { 0xfcfd, 0xfcfd, 2, 3997, 2 },
    { 0xfcfe, 0xfcfe, 2, 3999, 2 },
    { 0xfcff, 0xfcff, 2, 4001, 2 },
    { 0xfd00, 0xfd00, 2, 4003, 2 },
    { 0xfd01, 0xfd01, 2, 4005, 2 },
    { 0xfd02, 0xfd02, 2, 4007, 2 },
    { 0xfd03, 0xfd03, 2, 4009, 2 },
    { 0xfd04, 0xfd04, 2, 4011, 2 },
    { 0xfd05, 0xfd05, 2, 4013, 2 },
    { 0xfd06, 0xfd06, 2, 4015, 2 },
    { 0xfd07, 0xfd07, 2, 4017, 2 },
    { 0xfd08, 0xfd08, 2, 4019, 2 },
    { 0xfd09, 0xfd09, 2, 4021, 2 },
    { 0xfd0a, 0xfd0a, 2, 4023, 2 },
    { 0xfd0b, 0xfd0b, 2, 4025, 2 },
    { 0xfd0c, 0xfd0c, 2, 3968, 2 },
    { 0xfd0d, 0xfd0d, 2, 4027, 2 },
    { 0xfd0e, 0xfd0e, 2, 4029, 2 },
    { 0xfd0f, 0xfd0f, 2, 4031, 2 },
    { 0xfd10, 0xfd10, 2, 4033, 2 },
    { 0xfd11, 0xfd11, 2, 3981, 2 },
    { 0xfd12, 0xfd12, 2, 3983, 2 },
    { 0xfd13, 0xfd13, 2, 3985, 2 },
    { 0xfd14, 0xfd14, 2, 3987, 2 },
    { 0xfd15, 0xfd15, 2, 3989, 2 },
    { 0xfd16, 0xfd16, 2, 3991, 2 },
    { 0xfd17, 0xfd17, 2, 3993, 2 },
    { 0xfd18, 0xfd18, 2, 3995, 2 },
    { 0xfd19, 0xfd19, 2, 3997, 2 },
    { 0xfd1a, 0xfd1a, 2, 3999, 2 },
    { 0xfd1b, 0xfd1b, 2, 4001, 2 },
    { 0xfd1c, 0xfd1c, 2, 4003, 2 },
    { 0xfd1d, 0xfd1d, 2, 4005, 2 },
    { 0xfd1e, 0xfd1e, 2, 4007, 2 },
    { 0xfd1f, 0xfd1f, 2, 4009, 2 },
    { 0xfd20, 0xfd20, 2, 4011, 2 },
    { 0xfd21, 0xfd21, 2, 4013, 2 },
    { 0xfd22, 0xfd22, 2, 4015, 2 },
    { 0xfd23, 0xfd23, 2, 4017, 2 },
    { 0xfd24, 0xfd24, 2, 4019, 2 },
    { 0xfd25, 0xfd25, 2, 4021, 2 },
    { 0xfd26, 0xfd26, 2, 4023, 2 },
    { 0xfd27, 0xfd27, 2, 4025, 2 },
    { 0xfd28, 0xfd28, 2, 3968, 2 },
    { 0xfd29, 0xfd29, 2, 4027, 2 },
    { 0xfd2a, 0xfd2a, 2, 4029, 2 },
    { 0xfd2b, 0xfd2b, 2, 4031, 2 },
    { 0xfd2c, 0xfd2c, 2, 4033, 2 },
    { 0xfd2d, 0xfd2d, 2, 4021, 2 },
    { 0xfd2e, 0xfd2e, 2, 4023, 2 },
    { 0xfd2f, 0xfd2f, 2, 4025, 2 },
    { 0xfd30, 0xfd30, 2, 3968, 2 },
    { 0xfd31, 0xfd31, 2, 3966, 2 },
    { 0xfd32, 0xfd32, 2, 3970, 2 },
    { 0xfd33, 0xfd33, 2, 3780, 2 },
    { 0xfd34, 0xfd34, 2, 3758, 2 },
    { 0xfd35, 0xfd35, 2, 3760, 2 },
    { 0xfd36, 0xfd36, 2, 3762, 2 },
    { 0xfd37, 0xfd37, 2, 4021, 2 },
    { 0xfd38, 0xfd38, 2, 4023, 2 },
    { 0xfd39, 0xfd39, 2, 4025, 2 },
    { 0xfd3a, 0xfd3a, 2, 3780, 2 },
    { 0xfd3b, 0xfd3b, 2, 3782, 2 },
    { 0xfd3c, 0xfd3d, 2, 4035, 2 },
    { 0xfd3e, 0xfd4f, 0, 0, 0 },
    { 0xfd50, 0xfd50, 2, 4037, 3 },
    { 0xfd51, 0xfd52, 2, 4040, 3 },
    { 0xfd53, 0xfd53, 2, 4043, 3 },
    { 0xfd54, 0xfd54, 2, 4046, 3 },
    { 0xfd55, 0xfd55, 2, 4049, 3 },
    { 0xfd56, 0xfd56, 2, 4052, 3 },
    { 0xfd57, 0xfd57, 2, 4055, 3 },
    { 0xfd58, 0xfd59, 2, 4058, 3 },
    { 0xfd5a, 0xfd5a, 2, 4061, 3 },
    { 0xfd5b, 0xfd5b, 2, 4064, 3 },
    { 0xfd5c, 0xfd5c, 2, 4067, 3 },
    { 0xfd5d, 0xfd5d, 2, 4070, 3 },
    { 0xfd5e, 0xfd5e, 2, 4073, 3 },
    { 0xfd5f, 0xfd60, 2, 4076, 3 },
    { 0xfd61, 0xfd61, 2, 4079, 3 },
    { 0xfd62, 0xfd63, 2, 4082, 3 },
    { 0xfd64, 0xfd65, 2, 4085, 3 },
    { 0xfd66, 0xfd66, 2, 4088, 3 },
    { 0xfd67, 0xfd68, 2, 4091, 3 },
    { 0xfd69, 0xfd69, 2, 4094, 3 },
    { 0xfd6a, 0xfd6b, 2, 4097, 3 },
    { 0xfd6c, 0xfd6d, 2, 4100, 3 },
    { 0xfd6e, 0xfd6e, 2, 4103, 3 },
    { 0xfd6f, 0xfd70, 2, 4106, 3 },
    { 0xfd71, 0xfd72, 2, 4109, 3 },
    { 0xfd73, 0xfd73, 2, 4112, 3 },
    { 0xfd74, 0xfd74, 2, 4115, 3 },
    { 0xfd75, 0xfd75, 2, 4118, 3 },
    { 0xfd76, 0xfd77, 2, 4121, 3 },
    { 0xfd78, 0xfd78, 2, 4124, 3 },
    { 0xfd79, 0xfd79, 2, 4127, 3 },
    { 0xfd7a, 0xfd7a, 2, 4130, 3 },
    { 0xfd7b, 0xfd7b, 2, 4133, 3 },
    { 0xfd7c, 0xfd7d, 2, 4136, 3 },
    { 0xfd7e, 0xfd7e, 2, 4139, 3 },
    { 0xfd7f, 0xfd7f, 2, 4142, 3 },
    { 0xfd80, 0xfd80, 2, 4145, 3 },
    { 0xfd81, 0xfd81, 2, 4148, 3 },
    { 0xfd82, 0xfd82, 2, 4151, 3 },
    { 0xfd83, 0xfd84, 2, 4154, 3 },
    { 0xfd85, 0xfd86, 2, 4157, 3 },
    { 0xfd87, 0xfd88, 2, 4160, 3 },
    { 0xfd89, 0xfd89, 2, 4163, 3 },
    { 0xfd8a, 0xfd8a, 2, 4166, 3 },
    { 0xfd8b, 0xfd8b, 2, 4169, 3 },
    { 0xfd8c, 0xfd8c, 2, 4172, 3 },
    { 0xfd8d, 0xfd8d, 2, 4175, 3 },
    { 0xfd8e, 0xfd8e, 2, 4178, 3 },
    { 0xfd8f, 0xfd8f, 2, 4181, 3 },
    { 0xfd90, 0xfd91, 0, 0, 0 },
    { 0xfd92, 0xfd92, 2, 4184, 3 },
    { 0xfd93, 0xfd93, 2, 4187, 3 },
    { 0xfd94, 0xfd94, 2, 4190, 3 },
    { 0xfd95, 0xfd95, 2, 4193, 3 },
    { 0xfd96, 0xfd96, 2, 4196, 3 },
    { 0xfd97, 0xfd98, 2, 4199, 3 },
    { 0xfd99, 0xfd99, 2, 4202, 3 },
    { 0xfd9a, 0xfd9a, 2, 4205, 3 },
    { 0xfd9b, 0xfd9b, 2, 4208, 3 },
    { 0xfd9c, 0xfd9d, 2, 4211, 3 },
    { 0xfd9e, 0xfd9e, 2, 4214, 3 },
    { 0xfd9f, 0xfd9f, 2, 4217, 3 },
    { 0xfda0, 0xfda0, 2, 4220, 3 },
    { 0xfda1, 0xfda1, 2, 4223, 3 },
    { 0xfda2, 0xfda2, 2, 4226, 3 },
    { 0xfda3, 0xfda3, 2, 4229, 3 },
    { 0xfda4, 0xfda4, 2, 4232, 3 },
    { 0xfda5, 0xfda5, 2, 4235, 3 },
    { 0xfda6, 0xfda6, 2, 4238, 3 },
    { 0xfda7, 0xfda7, 2, 4241, 3 },
    { 0xfda8, 0xfda8, 2, 4244, 3 },
    { 0xfda9, 0xfda9, 2, 4247, 3 },
    { 0xfdaa, 0xfdaa, 2, 4250, 3 },
    { 0xfdab, 0xfdab, 2, 4253, 3 },
    { 0xfdac, 0xfdac, 2, 4256, 3 },
    { 0xfdad, 0xfdad, 2, 4259, 3 },
    { 0xfdae, 0xfdae, 2, 4262, 3 },
    { 0xfdaf, 0xfdaf, 2, 4265, 3 },
    { 0xfdb0, 0xfdb0, 2, 4268, 3 },
    { 0xfdb1, 0xfdb1, 2, 4271, 3 },
    { 0xfdb2, 0xfdb2, 2, 4274, 3 },
    { 0xfdb3, 0xfdb3, 2, 4277, 3 },
    { 0xfdb4, 0xfdb4, 2, 4139, 3 },
    { 0xfdb5, 0xfdb5, 2, 4145, 3 },
    { 0xfdb6, 0xfdb6, 2, 4280, 3 },
    { 0xfdb7, 0xfdb7, 2, 4283, 3 },
    { 0xfdb8, 0xfdb8, 2, 4286, 3 },
    { 0xfdb9, 0xfdb9, 2, 4289, 3 },
    { 0xfdba, 0xfdba, 2, 4292, 3 },
    { 0xfdbb, 0xfdbb, 2, 4295, 3 },
    { 0xfdbc, 0xfdbc, 2, 4292, 3 },
    { 0xfdbd, 0xfdbd, 2, 4286, 3 },
    { 0xfdbe, 0xfdbe, 2, 4298, 3 },
    { 0xfdbf, 0xfdbf, 2, 4301, 3 },
    { 0xfdc0, 0xfdc0, 2, 4304, 3 },
    { 0xfdc1, 0xfdc1, 2, 4307, 3 },
    { 0xfdc2, 0xfdc2, 2, 4310, 3 },
    { 0xfdc3, 0xfdc3, 2, 4295, 3 },
    { 0xfdc4, 0xfdc4, 2, 4118, 3 },
    { 0xfdc5, 0xfdc5, 2, 4088, 3 },
    { 0xfdc6, 0xfdc6, 2, 4313, 3 },
    { 0xfdc7, 0xfdc7, 2, 4316, 3 },
    { 0xfdc8, 0xfdcf, 0, 0, 0 },
    { 0xfdd0, 0xfdef, 3, 0, 0 },
    { 0xfdf0, 0xfdf0, 2, 4319, 3 },
    { 0xfdf1, 0xfdf1, 2, 4322, 3 },
    { 0xfdf2, 0xfdf2, 2, 4325, 4 },
    { 0xfdf3, 0xfdf3, 2, 4329, 4 },
    { 0xfdf4, 0xfdf4, 2, 4333, 4 },
    { 0xfdf5, 0xfdf5, 2, 4337, 4 },
    { 0xfdf6, 0xfdf6, 2, 4341, 4 },
    { 0xfdf7, 0xfdf7, 2, 4345, 4 },
    { 0xfdf8, 0xfdf8, 2, 4349, 4 },
    { 0xfdf9, 0xfdf9, 2, 4353, 3 },
    { 0xfdfa, 0xfdfa, 2, 4356, 18 },
    { 0xfdfb, 0xfdfb, 2, 4374, 8 },
    { 0xfdfc, 0xfdfc, 2, 4382, 4 },
    { 0xfdfd, 0xfdff, 0, 0, 0 },
    { 0xfe00, 0xfe0f, 1, 0, 0 },
    { 0xfe10, 0xfe10, 2, 4386, 1 },
    { 0xfe11, 0xfe11, 2, 4387, 1 },
    { 0xfe12, 0xfe12, 3, 0, 0 },
    { 0xfe13, 0xfe13, 2, 4388, 1 },
    { 0xfe14, 0xfe14, 2, 282, 1 },
    { 0xfe15, 0xfe15, 2, 4389, 1 },
    { 0xfe16, 0xfe16, 2, 4390, 1 },
    { 0xfe17, 0xfe17, 2, 4391, 1 },
    { 0xfe18, 0xfe18, 2, 4392, 1 },
    { 0xfe19, 0xfe1f, 3, 0, 0 },
    { 0xfe20, 0xfe2f, 0, 0, 0 },
    { 0xfe30, 0xfe30, 3, 0, 0 },
    { 0xfe31, 0xfe31, 2, 4393, 1 },
    { 0xfe32, 0xfe32, 2, 4394, 1 },
    { 0xfe33, 0xfe34, 2, 4395, 1 },
    { 0xfe35, 0xfe35, 2, 1073, 1 },
    { 0xfe36, 0xfe36, 2, 1074, 1 },
    { 0xfe37, 0xfe37, 2, 4396, 1 },
    { 0xfe38, 0xfe38, 2, 4397, 1 },
    { 0xfe39, 0xfe39, 2, 4398, 1 },
    { 0xfe3a, 0xfe3a, 2, 4399, 1 },
    { 0xfe3b, 0xfe3b, 2, 4400, 1 },
    { 0xfe3c, 0xfe3c, 2, 4401, 1 },
    { 0xfe3d, 0xfe3d, 2, 4402, 1 },
    { 0xfe3e, 0xfe3e, 2, 4403, 1 },
    { 0xfe3f, 0xfe3f, 2, 1196, 1 },
    { 0xfe40, 0xfe40, 2, 1197, 1 },
    { 0xfe41, 0xfe41, 2, 4404, 1 },
    { 0xfe42, 0xfe42, 2, 4405, 1 },
    { 0xfe43, 0xfe43, 2, 4406, 1 },
    { 0xfe44, 0xfe44, 2, 4407, 1 },
    { 0xfe45, 0xfe46, 0, 0, 0 },
    { 0xfe47, 0xfe47, 2, 4408, 1 },
    { 0xfe48, 0xfe48, 2, 4409, 1 },
    { 0xfe49, 0xfe4c, 2, 1051, 2 },
    { 0xfe4d, 0xfe4f, 2, 4395, 1 },
    { 0xfe50, 0xfe50, 2, 4386, 1 },
    { 0xfe51, 0xfe51, 2, 4387, 1 },
    { 0xfe52, 0xfe53, 3, 0, 0 },
    { 0xfe54, 0xfe54, 2, 282, 1 },
    { 0xfe55, 0xfe55, 2, 4388, 1 },
    { 0xfe56, 0xfe56, 2, 4390, 1 },
    { 0xfe57, 0xfe57, 2, 4389, 1 },
    { 0xfe58, 0xfe58, 2, 4393, 1 },
    { 0xfe59, 0xfe59, 2, 1073, 1 },
    { 0xfe5a, 0xfe5a, 2, 1074, 1 },
    { 0xfe5b, 0xfe5b, 2, 4396, 1 },
    { 0xfe5c, 0xfe5c, 2, 4397, 1 },
    { 0xfe5d, 0xfe5d, 2, 4398, 1 },
    { 0xfe5e, 0xfe5e, 2, 4399, 1 },
    { 0xfe5f, 0xfe5f, 2, 4410, 1 },
    { 0xfe60, 0xfe60, 2, 4411, 1 },
    { 0xfe61, 0xfe61, 2, 4412, 1 },
    { 0xfe62, 0xfe62, 2, 1070, 1 },
    { 0xfe63, 0xfe63, 2, 4413, 1 },
    { 0xfe64, 0xfe64, 2, 4414, 1 },
    { 0xfe65, 0xfe65, 2, 4415, 1 },
    { 0xfe66, 0xfe66, 2, 1072, 1 },
    { 0xfe67, 0xfe67, 3, 0, 0 },
    { 0xfe68, 0xfe68, 2, 4416, 1 },
    { 0xfe69, 0xfe69, 2, 4417, 1 },
    { 0xfe6a, 0xfe6a, 2, 4418, 1 },
    { 0xfe6b, 0xfe6b, 2, 4419, 1 },
    { 0xfe6c, 0xfe6f, 3, 0, 0 },
    { 0xfe70, 0xfe70, 2, 4420, 2 },
    { 0xfe71, 0xfe71, 2, 4422, 2 },
    { 0xfe72, 0xfe72, 2, 4424, 2 },
    { 0xfe73, 0xfe73, 0, 0, 0 },
    { 0xfe74, 0xfe74, 2, 4426, 2 },
    { 0xfe75, 0xfe75, 3, 0, 0 },
    { 0xfe76, 0xfe76, 2, 4428, 2 },
    { 0xfe77, 0xfe77, 2, 4430, 2 },
    { 0xfe78, 0xfe78, 2, 4432, 2 },
    { 0xfe79, 0xfe79, 2, 4434, 2 },
    { 0xfe7a, 0xfe7a, 2, 4436, 2 },
    { 0xfe7b, 0xfe7b, 2, 4438, 2 },
    { 0xfe7c, 0xfe7c, 2, 4440, 2 },
    { 0xfe7d, 0xfe7d, 2, 4442, 2 },
    { 0xfe7e, 0xfe7e, 2, 4444, 2 },
    { 0xfe7f, 0xfe7f, 2, 4446, 2 },
    { 0xfe80, 0xfe80, 2, 4448, 1 },
    { 0xfe81, 0xfe82, 2, 4449, 1 },
    { 0xfe83, 0xfe84, 2, 4450, 1 },
    { 0xfe85, 0xfe86, 2, 4451, 1 },
    { 0xfe87, 0xfe88, 2, 4452, 1 },
    { 0xfe89, 0xfe8c, 2, 4453, 1 },
    { 0xfe8d, 0xfe8e, 2, 4454, 1 },
    { 0xfe8f, 0xfe92, 2, 4455, 1 },
    { 0xfe93, 0xfe94, 2, 4456, 1 },
    { 0xfe95, 0xfe98, 2, 4457, 1 },
    { 0xfe99, 0xfe9c, 2, 4458, 1 },
    { 0xfe9d, 0xfea0, 2, 4459, 1 },
    { 0xfea1, 0xfea4, 2, 4460, 1 },
    { 0xfea5, 0xfea8, 2, 4461, 1 },
    { 0xfea9, 0xfeaa, 2, 4462, 1 },
    { 0xfeab, 0xfeac, 2, 4463, 1 },
    { 0xfead, 0xfeae, 2, 4464, 1 },
    { 0xfeaf, 0xfeb0, 2, 4465, 1 },
    { 0xfeb1, 0xfeb4, 2, 4466, 1 },
    { 0xfeb5, 0xfeb8, 2, 4467, 1 },
    { 0xfeb9, 0xfebc, 2, 4468, 1 },
    { 0xfebd, 0xfec0, 2, 4469, 1 },
    { 0xfec1, 0xfec4, 2, 4470, 1 },
    { 0xfec5, 0xfec8, 2, 4471, 1 },
    { 0xfec9, 0xfecc, 2, 4472, 1 },
    { 0xfecd, 0xfed0, 2, 4473, 1 },
    { 0xfed1, 0xfed4, 2, 4474, 1 },
    { 0xfed5, 0xfed8, 2, 4475, 1 },
    { 0xfed9, 0xfedc, 2, 4476, 1 },
    { 0xfedd, 0xfee0, 2, 4477, 1 },
    { 0xfee1, 0xfee4, 2, 4478, 1 },
    { 0xfee5, 0xfee8, 2, 4479, 1 },
    { 0xfee9, 0xfeec, 2, 4480, 1 },
    { 0xfeed, 0xfeee, 2, 4481, 1 },
    { 0xfeef, 0xfef0, 2, 3686, 1 },
    { 0xfef1, 0xfef4, 2, 4482, 1 },
    { 0xfef5, 0xfef6, 2, 4483, 2 },
    { 0xfef7, 0xfef8, 2, 4485, 2 },
    { 0xfef9, 0xfefa, 2, 4487, 2 },
    { 0xfefb, 0xfefc, 2, 4489, 2 },
    { 0xfefd, 0xfefe, 3, 0, 0 },
    { 0xfeff, 0xfeff, 1, 0, 0 },
    { 0xff00, 0xff00, 3, 0, 0 },
    { 0xff01, 0xff01, 2, 4389, 1 },
    { 0xff02, 0xff02, 2, 4491, 1 },
    { 0xff03, 0xff03, 2, 4410, 1 },
    { 0xff04, 0xff04, 2, 4417, 1 },
    { 0xff05, 0xff05, 2, 4418, 1 },
    { 0xff06, 0xff06, 2, 4411, 1 },
    { 0xff07, 0xff07, 2, 4492, 1 },
    { 0xff08, 0xff08, 2, 1073, 1 },
    { 0xff09, 0xff09, 2, 1074, 1 },
    { 0xff0a, 0xff0a, 2, 4412, 1 },
    { 0xff0b, 0xff0b, 2, 1070, 1 },
    { 0xff0c, 0xff0c, 2, 4386, 1 },
    { 0xff0d, 0xff0d, 2, 4413, 1 },
    { 0xff0e, 0xff0e, 2, 1712, 1 },
    { 0xff0f, 0xff0f, 2, 4493, 1 },
    { 0xff10, 0xff10, 2, 1063, 1 },
    { 0xff11, 0xff11, 2, 38, 1 },
    { 0xff12, 0xff12, 2, 31, 1 },
    { 0xff13, 0xff13, 2, 32, 1 },
    { 0xff14, 0xff14, 2, 1064, 1 },
    { 0xff15, 0xff15, 2, 1065, 1 },
    { 0xff16, 0xff16, 2, 1066, 1 },
    { 0xff17, 0xff17, 2, 1067, 1 },
    { 0xff18, 0xff18, 2, 1068, 1 },
    { 0xff19, 0xff19, 2, 1069, 1 },
    { 0xff1a, 0xff1a, 2, 4388, 1 },
    { 0xff1b, 0xff1b, 2, 282, 1 },
    { 0xff1c, 0xff1c, 2, 4414, 1 },
    { 0xff1d, 0xff1d, 2, 1072, 1 },
    { 0xff1e, 0xff1e, 2, 4415, 1 },
    { 0xff1f, 0xff1f, 2, 4390, 1 },
    { 0xff20, 0xff20, 2, 4419, 1 },
    { 0xff21, 0xff21, 2, 0, 1 },
    { 0xff22, 0xff22, 2, 1, 1 },
    { 0xff23, 0xff23, 2, 2, 1 },
    { 0xff24, 0xff24, 2, 3, 1 },
    { 0xff25, 0xff25, 2, 4, 1 },
    { 0xff26, 0xff26, 2, 5, 1 },
    { 0xff27, 0xff27, 2, 6, 1 },
    { 0xff28, 0xff28, 2, 7, 1 },
    { 0xff29, 0xff29, 2, 8, 1 },
    { 0xff2a, 0xff2a, 2, 9, 1 },
    { 0xff2b, 0xff2b, 2, 10, 1 },
    { 0xff2c, 0xff2c, 2, 11, 1 },
    { 0xff2d, 0xff2d, 2, 12, 1 },
    { 0xff2e, 0xff2e, 2, 13, 1 },
    { 0xff2f, 0xff2f, 2, 14, 1 },
    { 0xff30, 0xff30, 2, 15, 1 },
    { 0xff31, 0xff31, 2, 16, 1 },
    { 0xff32, 0xff32, 2, 17, 1 },
    { 0xff33, 0xff33, 2, 18, 1 },
    { 0xff34, 0xff34, 2, 19, 1 },
    { 0xff35, 0xff35, 2, 20, 1 },
    { 0xff36, 0xff36, 2, 21, 1 },
    { 0xff37, 0xff37, 2, 22, 1 },
    { 0xff38, 0xff38, 2, 23, 1 },
    { 0xff39, 0xff39, 2, 24, 1 },
    { 0xff3a, 0xff3a, 2, 25, 1 },
    { 0xff3b, 0xff3b, 2, 4408, 1 },
    { 0xff3c, 0xff3c, 2, 4416, 1 },
    { 0xff3d, 0xff3d, 2, 4409, 1 },
    { 0xff3e, 0xff3e, 2, 4494, 1 },
    { 0xff3f, 0xff3f, 2, 4395, 1 },
    { 0xff40, 0xff40, 2, 1023, 1 },
    { 0xff41, 0xff41, 2, 0, 1 },
    { 0xff42, 0xff42, 2, 1, 1 },
    { 0xff43, 0xff43, 2, 2, 1 },
    { 0xff44, 0xff44, 2, 3, 1 },
    { 0xff45, 0xff45, 2, 4, 1 },
    { 0xff46, 0xff46, 2, 5, 1 },
    { 0xff47, 0xff47, 2, 6, 1 },
    { 0xff48, 0xff48, 2, 7, 1 },
    { 0xff49, 0xff49, 2, 8, 1 },
    { 0xff4a, 0xff4a, 2, 9, 1 },
    { 0xff4b, 0xff4b, 2, 10, 1 },
    { 0xff4c, 0xff4c, 2, 11, 1 },
    { 0xff4d, 0xff4d, 2, 12, 1 },
    { 0xff4e, 0xff4e, 2, 13, 1 },
    { 0xff4f, 0xff4f, 2, 14, 1 },
    { 0xff50, 0xff50, 2, 15, 1 },
    { 0xff51, 0xff51, 2, 16, 1 },
    { 0xff52, 0xff52, 2, 17, 1 },
    { 0xff53, 0xff53, 2, 18, 1 },
    { 0xff54, 0xff54, 2, 19, 1 },
    { 0xff55, 0xff55, 2, 20, 1 },
    { 0xff56, 0xff56, 2, 21, 1 },
    { 0xff57, 0xff57, 2, 22, 1 },
    { 0xff58, 0xff58, 2, 23, 1 },
    { 0xff59, 0xff59, 2, 24, 1 },
    { 0xff5a, 0xff5a, 2, 25, 1 },
    { 0xff5b, 0xff5b, 2, 4396, 1 },
    { 0xff5c, 0xff5c, 2, 4495, 1 },
    { 0xff5d, 0xff5d, 2, 4397, 1 },
    { 0xff5e, 0xff5e, 2, 4496, 1 },
    { 0xff5f, 0xff5f, 2, 4497, 1 },
    { 0xff60, 0xff60, 2, 4498, 1 },
    { 0xff61, 0xff61, 2, 1712, 1 },
    { 0xff62, 0xff62, 2, 4404, 1 },
    { 0xff63, 0xff63, 2, 4405, 1 },
    { 0xff64, 0xff64, 2, 4387, 1 },
    { 0xff65, 0xff65, 2, 4499, 1 },
    { 0xff66, 0xff66, 2, 2230, 1 },
    { 0xff67, 0xff67, 2, 4500, 1 },
    { 0xff68, 0xff68, 2, 4501, 1 },
    { 0xff69, 0xff69, 2, 4502, 1 },
    { 0xff6a, 0xff6a, 2, 4503, 1 },
    { 0xff6b, 0xff6b, 2, 4504, 1 },
    { 0xff6c, 0xff6c, 2, 4505, 1 },
    { 0xff6d, 0xff6d, 2, 4506, 1 },
    { 0xff6e, 0xff6e, 2, 4507, 1 },
    { 0xff6f, 0xff6f, 2, 4508, 1 },
    { 0xff70, 0xff70, 2, 4509, 1 },
    { 0xff71, 0xff71, 2, 2184, 1 },
    { 0xff72, 0xff72, 2, 2185, 1 },
    { 0xff73, 0xff73, 2, 2186, 1 },
    { 0xff74, 0xff74, 2, 2187, 1 },
    { 0xff75, 0xff75, 2, 2188, 1 },
    { 0xff76, 0xff76, 2, 2189, 1 },
    { 0xff77, 0xff77, 2, 2190, 1 },
    { 0xff78, 0xff78, 2, 2191, 1 },
    { 0xff79, 0xff79, 2, 2192, 1 },
    { 0xff7a, 0xff7a, 2, 2193, 1 },
    { 0xff7b, 0xff7b, 2, 2194, 1 },
    { 0xff7c, 0xff7c, 2, 2195, 1 },
    { 0xff7d, 0xff7d, 2, 2196, 1 },
    { 0xff7e, 0xff7e, 2, 2197, 1 },
    { 0xff7f, 0xff7f, 2, 2198, 1 },
    { 0xff80, 0xff80, 2, 2199, 1 },
    { 0xff81, 0xff81, 2, 2200, 1 },
    { 0xff82, 0xff82, 2, 2201, 1 },
    { 0xff83, 0xff83, 2, 2202, 1 },
    { 0xff84, 0xff84, 2, 2203, 1 },
    { 0xff85, 0xff85, 2, 2204, 1 },
    { 0xff86, 0xff86, 2, 2205, 1 },
    { 0xff87, 0xff87, 2, 2206, 1 },
    { 0xff88, 0xff88, 2, 2207, 1 },
    { 0xff89, 0xff89, 2, 2208, 1 },
    { 0xff8a, 0xff8a, 2, 2209, 1 },
    { 0xff8b, 0xff8b, 2, 2210, 1 },
    { 0xff8c, 0xff8c, 2, 2211, 1 },
    { 0xff8d, 0xff8d, 2, 2212, 1 },
    { 0xff8e, 0xff8e, 2, 2213, 1 },
    { 0xff8f, 0xff8f, 2, 2214, 1 },
    { 0xff90, 0xff90, 2, 2215, 1 },
    { 0xff91, 0xff91, 2, 2216, 1 },
    { 0xff92, 0xff92, 2, 2217, 1 },
    { 0xff93, 0xff93, 2, 2218, 1 },
    { 0xff94, 0xff94, 2, 2219, 1 },
    { 0xff95, 0xff95, 2, 2220, 1 },
    { 0xff96, 0xff96, 2, 2221, 1 },
    { 0xff97, 0xff97, 2, 2222, 1 },
    { 0xff98, 0xff98, 2, 2223, 1 },
    { 0xff99, 0xff99, 2, 2224, 1 },
    { 0xff9a, 0xff9a, 2, 2225, 1 },
    { 0xff9b, 0xff9b, 2, 2226, 1 },
    { 0xff9c, 0xff9c, 2, 2227, 1 },
    { 0xff9d, 0xff9d, 2, 4510, 1 },
    { 0xff9e, 0xff9e, 2, 4511, 1 },
    { 0xff9f, 0xff9f, 2, 4512, 1 },
    { 0xffa0, 0xffa0, 1, 0, 0 },
    { 0xffa1, 0xffa1, 2, 1724, 1 },
    { 0xffa2, 0xffa2, 2, 1725, 1 },
    { 0xffa3, 0xffa3, 2, 1726, 1 },
    { 0xffa4, 0xffa4, 2, 1727, 1 },
    { 0xffa5, 0xffa5, 2, 1728, 1 },
    { 0xffa6, 0xffa6, 2, 1729, 1 },
    { 0xffa7, 0xffa7, 2, 1730, 1 },
    { 0xffa8, 0xffa8, 2, 1731, 1 },
    { 0xffa9, 0xffa9, 2, 1732, 1 },
    { 0xffaa, 0xffaa, 2, 1733, 1 },
    { 0xffab, 0xffab, 2, 1734, 1 },
    { 0xffac, 0xffac, 2, 1735, 1 },
    { 0xffad, 0xffad, 2, 1736, 1 },
    { 0xffae, 0xffae, 2, 1737, 1 },
    { 0xffaf, 0xffaf, 2, 1738, 1 },
    { 0xffb0, 0xffb0, 2, 1739, 1 },
    { 0xffb1, 0xffb1, 2, 1740, 1 },
    { 0xffb2, 0xffb2, 2, 1741, 1 },
    { 0xffb3, 0xffb3, 2, 1742, 1 },
    { 0xffb4, 0xffb4, 2, 1743, 1 },
    { 0xffb5, 0xffb5, 2, 1744, 1 },
    { 0xffb6, 0xffb6, 2, 1745, 1 },
    { 0xffb7, 0xffb7, 2, 1746, 1 },
    { 0xffb8, 0xffb8, 2, 1747, 1 },
    { 0xffb9, 0xffb9, 2, 1748, 1 },
    { 0xffba, 0xffba, 2, 1749, 1 },
    { 0xffbb, 0xffbb, 2, 1750, 1 },
    { 0xffbc, 0xffbc, 2, 1751, 1 },
    { 0xffbd, 0xffbd, 2, 1752, 1 },
    { 0xffbe, 0xffbe, 2, 1753, 1 },
    { 0xffbf, 0xffc1, 3, 0, 0 },
    { 0xffc2, 0xffc2, 2, 1754, 1 },
    { 0xffc3, 0xffc3, 2, 1755, 1 },
    { 0xffc4, 0xffc4, 2, 1756, 1 },
    { 0xffc5, 0xffc5, 2, 1757, 1 },
    { 0xffc6, 0xffc6, 2, 1758, 1 },
    { 0xffc7, 0xffc7, 2, 1759, 1 },
    { 0xffc8, 0xffc9, 3, 0, 0 },
    { 0xffca, 0xffca, 2, 1760, 1 },
    { 0xffcb, 0xffcb, 2, 1761, 1 },
    { 0xffcc, 0xffcc, 2, 1762, 1 },
    { 0xffcd, 0xffcd, 2, 1763, 1 },
    { 0xffce, 0xffce, 2, 1764, 1 },
    { 0xffcf, 0xffcf, 2, 1765, 1 },
    { 0xffd0, 0xffd1, 3, 0, 0 },
    { 0xffd2, 0xffd2, 2, 1766, 1 },
    { 0xffd3, 0xffd3, 2, 1767, 1 },
    { 0xffd4, 0xffd4, 2, 1768, 1 },
    { 0xffd5, 0xffd5, 2, 1769, 1 },
    { 0xffd6, 0xffd6, 2, 1770, 1 },
    { 0xffd7, 0xffd7, 2, 1771, 1 },
    { 0xffd8, 0xffd9, 3, 0, 0 },
    { 0xffda, 0xffda, 2, 1772, 1 },
    { 0xffdb, 0xffdb, 2, 1773, 1 },
    { 0xffdc, 0xffdc, 2, 1774, 1 },
    { 0xffdd, 0xffdf, 3, 0, 0 },
    { 0xffe0, 0xffe0, 2, 4513, 1 },
    { 0xffe1, 0xffe1, 2, 4514, 1 },
    { 0xffe2, 0xffe2, 2, 4515, 1 },
    { 0xffe3, 0xffe3, 2, 29, 2 },
    { 0xffe4, 0xffe4, 2, 4516, 1 },
    { 0xffe5, 0xffe5, 2, 4517, 1 },
    { 0xffe6, 0xffe6, 2, 4518, 1 },
    { 0xffe7, 0xffe7, 3, 0, 0 },
    { 0xffe8, 0xffe8, 2, 4519, 1 },
    { 0xffe9, 0xffe9, 2, 4520, 1 },
    { 0xffea, 0xffea, 2, 4521, 1 },
    { 0xffeb, 0xffeb, 2, 4522, 1 },
    { 0xffec, 0xffec, 2, 4523, 1 },
    { 0xffed, 0xffed, 2, 4524, 1 },
    { 0xffee, 0xffee, 2, 4525, 1 },
    { 0xffef, 0xffff, 3, 0, 0 },
    { 0x10000, 0x1000b, 0, 0, 0 },
    { 0x1000c, 0x1000c, 3, 0, 0 },
    { 0x1000d, 0x10026, 0, 0, 0 },
    { 0x10027, 0x10027, 3, 0, 0 },
    { 0x10028, 0x1003a, 0, 0, 0 },
    { 0x1003b, 0x1003b, 3, 0, 0 },
    { 0x1003c, 0x1003d, 0, 0, 0 },
    { 0x1003e, 0x1003e, 3, 0, 0 },
    { 0x1003f, 0x1004d, 0, 0, 0 },
    { 0x1004e, 0x1004f, 3, 0, 0 },
    { 0x10050, 0x1005d, 0, 0, 0 },
    { 0x1005e, 0x1007f, 3, 0, 0 },
    { 0x10080, 0x100fa, 0, 0, 0 },
    { 0x100fb, 0x100ff, 3, 0, 0 },
    { 0x10100, 0x10102, 0, 0, 0 },
    { 0x10103, 0x10106, 3, 0, 0 },
    { 0x10107, 0x10133, 0, 0, 0 },
    { 0x10134, 0x10136, 3, 0, 0 },
    { 0x10137, 0x1018e, 0, 0, 0 },
    { 0x1018f, 0x1018f, 3, 0, 0 },
    { 0x10190, 0x1019c, 0, 0, 0 },
    { 0x1019d, 0x1019f, 3, 0, 0 },
    { 0x101a0, 0x101a0, 0, 0, 0 },
    { 0x101a1, 0x101cf, 3, 0, 0 },
    { 0x101d0, 0x101fd, 0, 0, 0 },
    { 0x101fe, 0x1027f, 3, 0, 0 },
    { 0x10280, 0x1029c, 0, 0, 0 },
    { 0x1029d, 0x1029f, 3, 0, 0 },
    { 0x102a0, 0x102d0, 0, 0, 0 },
    { 0x102d1, 0x102df, 3, 0, 0 },
    { 0x102e0, 0x102fb, 0, 0, 0 },
    { 0x102fc, 0x102ff, 3, 0, 0 },
    { 0x10300, 0x10323, 0, 0, 0 },
    { 0x10324, 0x1032c, 3, 0, 0 },
    { 0x1032d, 0x1034a, 0, 0, 0 },
    { 0x1034b, 0x1034f, 3, 0, 0 },
    { 0x10350, 0x1037a, 0, 0, 0 },
    { 0x1037b, 0x1037f, 3, 0, 0 },
    { 0x10380, 0x1039d, 0, 0, 0 },
    { 0x1039e, 0x1039e, 3, 0, 0 },
    { 0x1039f, 0x103c3, 0, 0, 0 },
    { 0x103c4, 0x103c7, 3, 0, 0 },
    { 0x103c8, 0x103d5, 0, 0, 0 },
    { 0x103d6, 0x103ff, 3, 0, 0 },
    { 0x10400, 0x10400, 2, 4526, 1 },
    { 0x10401, 0x10401, 2, 4527, 1 },
    { 0x10402, 0x10402, 2, 4528, 1 },
    { 0x10403, 0x10403, 2, 4529, 1 },
    { 0x10404, 0x10404, 2, 4530, 1 },
    { 0x10405, 0x10405, 2, 4531, 1 },
    { 0x10406, 0x10406, 2, 4532, 1 },
    { 0x10407, 0x10407, 2, 4533, 1 },
    { 0x10408, 0x10408, 2, 4534, 1 },
    { 0x10409, 0x10409, 2, 4535, 1 },
    { 0x1040a, 0x1040a, 2, 4536, 1 },
    { 0x1040b, 0x1040b, 2, 4537, 1 },
    { 0x1040c, 0x1040c, 2, 4538, 1 },
    { 0x1040d, 0x1040d, 2, 4539, 1 },
    { 0x1040e, 0x1040e, 2, 4540, 1 },
    { 0x1040f, 0x1040f, 2, 4541, 1 },
    { 0x10410, 0x10410, 2, 4542, 1 },
    { 0x10411, 0x10411, 2, 4543, 1 },
    { 0x10412, 0x10412, 2, 4544, 1 },
    { 0x10413, 0x10413, 2, 4545, 1 },
    { 0x10414, 0x10414, 2, 4546, 1 },
    { 0x10415, 0x10415, 2, 4547, 1 },
    { 0x10416, 0x10416, 2, 4548, 1 },
    { 0x10417, 0x10417, 2, 4549, 1 },
    { 0x10418, 0x10418, 2, 4550, 1 },
    { 0x10419, 0x10419, 2, 4551, 1 },
    { 0x1041a, 0x1041a, 2, 4552, 1 },
    { 0x1041b, 0x1041b, 2, 4553, 1 },
    { 0x1041c, 0x1041c, 2, 4554, 1 },
    { 0x1041d, 0x1041d, 2, 4555, 1 },
    { 0x1041e, 0x1041e, 2, 4556, 1 },
    { 0x1041f, 0x1041f, 2, 4557, 1 },
    { 0x10420, 0x10420, 2, 4558, 1 },
    { 0x10421, 0x10421, 2, 4559, 1 },
    { 0x10422, 0x10422, 2, 4560, 1 },
    { 0x10423, 0x10423, 2, 4561, 1 },
    { 0x10424, 0x10424, 2, 4562, 1 },
    { 0x10425, 0x10425, 2, 4563, 1 },
    { 0x10426, 0x10426, 2, 4564, 1 },
    { 0x10427, 0x10427, 2, 4565, 1 },
    { 0x10428, 0x1049d, 0, 0, 0 },
    { 0x1049e, 0x1049f, 3, 0, 0 },
    { 0x104a0, 0x104a9, 0, 0, 0 },
    { 0x104aa, 0x104af, 3, 0, 0 },
    { 0x104b0, 0x104b0, 2, 4566, 1 },
    { 0x104b1, 0x104b1, 2, 4567, 1 },
    { 0x104b2, 0x104b2, 2, 4568, 1 },
    { 0x104b3, 0x104b3, 2, 4569, 1 },
    { 0x104b4, 0x104b4, 2, 4570, 1 },
    { 0x104b5, 0x104b5, 2, 4571, 1 },
    { 0x104b6, 0x104b6, 2, 4572, 1 },
    { 0x104b7, 0x104b7, 2, 4573, 1 },
    { 0x104b8, 0x104b8, 2, 4574, 1 },
    { 0x104b9, 0x104b9, 2, 4575, 1 },
    { 0x104ba, 0x104ba, 2, 4576, 1 },
    { 0x104bb, 0x104bb, 2, 4577, 1 },
    { 0x104bc, 0x104bc, 2, 4578, 1 },
    { 0x104bd, 0x104bd, 2, 4579, 1 },
    { 0x104be, 0x104be, 2, 4580, 1 },
    { 0x104bf, 0x104bf, 2, 4581, 1 },
    { 0x104c0, 0x104c0, 2, 4582, 1 },
    { 0x104c1, 0x104c1, 2, 4583, 1 },
    { 0x104c2, 0x104c2, 2, 4584, 1 },
    { 0x104c3, 0x104c3, 2, 4585, 1 },
    { 0x104c4, 0x104c4, 2, 4586, 1 },
    { 0x104c5, 0x104c5, 2, 4587, 1 },
    { 0x104c6, 0x104c6, 2, 4588, 1 },
    { 0x104c7, 0x104c7, 2, 4589, 1 },
    { 0x104c8, 0x104c8, 2, 4590, 1 },
    { 0x104c9, 0x104c9, 2, 4591, 1 },
    { 0x104ca, 0x104ca, 2, 4592, 1 },
    { 0x104cb, 0x104cb, 2, 4593, 1 },
    { 0x104cc, 0x104cc, 2, 4594, 1 },
    { 0x104cd, 0x104cd, 2, 4595, 1 },
    { 0x104ce, 0x104ce, 2, 4596, 1 },
    { 0x104cf, 0x104cf, 2, 4597, 1 },
    { 0x104d0, 0x104d0, 2, 4598, 1 },
    { 0x104d1, 0x104d1, 2, 4599, 1 },
    { 0x104d2, 0x104d2, 2, 4600, 1 },
    { 0x104d3, 0x104d3, 2, 4601, 1 },
    { 0x104d4, 0x104d7, 3, 0, 0 },
    { 0x104d8, 0x104fb, 0, 0, 0 },
    { 0x104fc, 0x104ff, 3, 0, 0 },
    { 0x10500, 0x10527, 0, 0, 0 },
    { 0x10528, 0x1052f, 3, 0, 0 },
    { 0x10530, 0x10563, 0, 0, 0 },
    { 0x10564, 0x1056e, 3, 0, 0 },
    { 0x1056f, 0x1056f, 0, 0, 0 },
    { 0x10570, 0x10570, 2, 4602, 1 },
    { 0x10571, 0x10571, 2, 4603, 1 },
    { 0x10572, 0x10572, 2, 4604, 1 },
    { 0x10573, 0x10573, 2, 4605, 1 },
    { 0x10574, 0x10574, 2, 4606, 1 },
    { 0x10575, 0x10575, 2, 4607, 1 },
    { 0x10576, 0x10576, 2, 4608, 1 },
    { 0x10577, 0x10577, 2, 4609, 1 },
    { 0x10578, 0x10578, 2, 4610, 1 },
    { 0x10579, 0x10579, 2, 4611, 1 },
    { 0x1057a, 0x1057a, 2, 4612, 1 },
    { 0x1057b, 0x1057b, 3, 0, 0 },
    { 0x1057c, 0x1057c, 2, 4613, 1 },
    { 0x1057d, 0x1057d, 2, 4614, 1 },
    { 0x1057e, 0x1057e, 2, 4615, 1 },
    { 0x1057f, 0x1057f, 2, 4616, 1 },
    { 0x10580, 0x10580, 2, 4617, 1 },
    { 0x10581, 0x10581, 2, 4618, 1 },
    { 0x10582, 0x10582, 2, 4619, 1 },
    { 0x10583, 0x10583, 2, 4620, 1 },
    { 0x10584, 0x10584, 2, 4621, 1 },
    { 0x10585, 0x10585, 2, 4622, 1 },
    { 0x10586, 0x10586, 2, 4623, 1 },
    { 0x10587, 0x10587, 2, 4624, 1 },
    { 0x10588, 0x10588, 2, 4625, 1 },
    { 0x10589, 0x10589, 2, 4626, 1 },
    { 0x1058a, 0x1058a, 2, 4627, 1 },
    { 0x1058b, 0x1058b, 3, 0, 0 },
    { 0x1058c, 0x1058c, 2, 4628, 1 },
    { 0x1058d, 0x1058d, 2, 4629, 1 },
    { 0x1058e, 0x1058e, 2, 4630, 1 },
    { 0x1058f, 0x1058f, 2, 4631, 1 },
    { 0x10590, 0x10590, 2, 4632, 1 },
    { 0x10591, 0x10591, 2, 4633, 1 },
    { 0x10592, 0x10592, 2, 4634, 1 },
    { 0x10593, 0x10593, 3, 0, 0 },
    { 0x10594, 0x10594, 2, 4635, 1 },
    { 0x10595, 0x10595, 2, 4636, 1 },
    { 0x10596, 0x10596, 3, 0, 0 },
    { 0x10597, 0x105a1, 0, 0, 0 },
    { 0x105a2, 0x105a2, 3, 0, 0 },
    { 0x105a3, 0x105b1, 0, 0, 0 },
    { 0x105b2, 0x105b2, 3, 0, 0 },
    { 0x105b3, 0x105b9, 0, 0, 0 },
    { 0x105ba, 0x105ba, 3, 0, 0 },
    { 0x105bb, 0x105bc, 0, 0, 0 },
    { 0x105bd, 0x105bf, 3, 0, 0 },
    { 0x105c0, 0x105f3, 0, 0, 0 },
    { 0x105f4, 0x105ff, 3, 0, 0 },
    { 0x10600, 0x10736, 0, 0, 0 },
    { 0x10737, 0x1073f, 3, 0, 0 },
    { 0x10740, 0x10755, 0, 0, 0 },
    { 0x10756, 0x1075f, 3, 0, 0 },
    { 0x10760, 0x10767, 0, 0, 0 },
    { 0x10768, 0x1077f, 3, 0, 0 },
    { 0x10780, 0x10780, 0, 0, 0 },
    { 0x10781, 0x10781, 2, 4637, 1 },
    { 0x10782, 0x10782, 2, 4638, 1 },
    { 0x10783, 0x10783, 2, 54, 1 },
    { 0x10784, 0x10784, 2, 4639, 1 },
    { 0x10785, 0x10785, 2, 146, 1 },
    { 0x10786, 0x10786, 3, 0, 0 },
    { 0x10787, 0x10787, 2, 4640, 1 },
    { 0x10788, 0x10788, 2, 4641, 1 },
    { 0x10789, 0x10789, 2, 4642, 1 },
    { 0x1078a, 0x1078a, 2, 4643, 1 },
    { 0x1078b, 0x1078b, 2, 151, 1 },
    { 0x1078c, 0x1078c, 2, 152, 1 },
    { 0x1078d, 0x1078d, 2, 4644, 1 },
    { 0x1078e, 0x1078e, 2, 4645, 1 },
    { 0x1078f, 0x1078f, 2, 4646, 1 },
    { 0x10790, 0x10790, 2, 4647, 1 },
    { 0x10791, 0x10791, 2, 3045, 1 },
    { 0x10792, 0x10792, 2, 4648, 1 },
    { 0x10793, 0x10793, 2, 158, 1 },
    { 0x10794, 0x10794, 2, 4649, 1 },
    { 0x10795, 0x10795, 2, 97, 1 },
    { 0x10796, 0x10796, 2, 4650, 1 },
    { 0x10797, 0x10797, 2, 4651, 1 },
    { 0x10798, 0x10798, 2, 4652, 1 },
    { 0x10799, 0x10799, 2, 4653, 1 },
    { 0x1079a, 0x1079a, 2, 4654, 1 },
    { 0x1079b, 0x1079b, 2, 3029, 1 },
    { 0x1079c, 0x1079c, 2, 4655, 1 },
    { 0x1079d, 0x1079d, 2, 4656, 1 },
    { 0x1079e, 0x1079e, 2, 4657, 1 },
    { 0x1079f, 0x1079f, 2, 4658, 1 },
    { 0x107a0, 0x107a0, 2, 4659, 1 },
    { 0x107a1, 0x107a1, 2, 4660, 1 },
    { 0x107a2, 0x107a2, 2, 71, 1 },
    { 0x107a3, 0x107a3, 2, 4661, 1 },
    { 0x107a4, 0x107a4, 2, 4662, 1 },
    { 0x107a5, 0x107a5, 2, 16, 1 },
    { 0x107a6, 0x107a6, 2, 4663, 1 },
    { 0x107a7, 0x107a7, 2, 4664, 1 },
    { 0x107a8, 0x107a8, 2, 1434, 1 },
    { 0x107a9, 0x107a9, 2, 4665, 1 },
    { 0x107aa, 0x107aa, 2, 169, 1 },
    { 0x107ab, 0x107ab, 2, 4666, 1 },
    { 0x107ac, 0x107ac, 2, 4667, 1 },
    { 0x107ad, 0x107ad, 2, 4668, 1 },
    { 0x107ae, 0x107ae, 2, 4669, 1 },
    { 0x107af, 0x107af, 2, 173, 1 },
    { 0x107b0, 0x107b0, 2, 4670, 1 },
    { 0x107b1, 0x107b1, 3, 0, 0 },
    { 0x107b2, 0x107b2, 2, 4671, 1 },
    { 0x107b3, 0x107b3, 2, 4672, 1 },
    { 0x107b4, 0x107b4, 2, 4673, 1 },
    { 0x107b5, 0x107b5, 2, 4674, 1 },
    { 0x107b6, 0x107b6, 2, 4675, 1 },
    { 0x107b7, 0x107b7, 2, 4676, 1 },
    { 0x107b8, 0x107b8, 2, 4677, 1 },
    { 0x107b9, 0x107b9, 2, 4678, 1 },
    { 0x107ba, 0x107ba, 2, 4679, 1 },
    { 0x107bb, 0x107ff, 3, 0, 0 },
    { 0x10800, 0x10805, 0, 0, 0 },
    { 0x10806, 0x10807, 3, 0, 0 },
    { 0x10808, 0x10808, 0, 0, 0 },
    { 0x10809, 0x10809, 3, 0, 0 },
    { 0x1080a, 0x10835, 0, 0, 0 },
    { 0x10836, 0x10836, 3, 0, 0 },
    { 0x10837, 0x10838, 0, 0, 0 },
    { 0x10839, 0x1083b, 3, 0, 0 },
    { 0x1083c, 0x1083c, 0, 0, 0 },
    { 0x1083d, 0x1083e, 3, 0, 0 },
    { 0x1083f, 0x10855, 0, 0, 0 },
    { 0x10856, 0x10856, 3, 0, 0 },
    { 0x10857, 0x1089e, 0, 0, 0 },
    { 0x1089f, 0x108a6, 3, 0, 0 },
    { 0x108a7, 0x108af, 0, 0, 0 },
    { 0x108b0, 0x108df, 3, 0, 0 },
    { 0x108e0, 0x108f2, 0, 0, 0 },
    { 0x108f3, 0x108f3, 3, 0, 0 },
    { 0x108f4, 0x108f5, 0, 0, 0 },
    { 0x108f6, 0x108fa, 3, 0, 0 },
    { 0x108fb, 0x1091b, 0, 0, 0 },
    { 0x1091c, 0x1091e, 3, 0, 0 },
    { 0x1091f, 0x10939, 0, 0, 0 },
    { 0x1093a, 0x1093e, 3, 0, 0 },
    { 0x1093f, 0x10959, 0, 0, 0 },
    { 0x1095a, 0x1097f, 3, 0, 0 },
    { 0x10980, 0x109b7, 0, 0, 0 },
    { 0x109b8, 0x109bb, 3, 0, 0 },
    { 0x109bc, 0x109cf, 0, 0, 0 },
    { 0x109d0, 0x109d1, 3, 0, 0 },
    { 0x109d2, 0x10a03, 0, 0, 0 },
    { 0x10a04, 0x10a04, 3, 0, 0 },
    { 0x10a05, 0x10a06, 0, 0, 0 },
    { 0x10a07, 0x10a0b, 3, 0, 0 },
    { 0x10a0c, 0x10a13, 0, 0, 0 },
    { 0x10a14, 0x10a14, 3, 0, 0 },
    { 0x10a15, 0x10a17, 0, 0, 0 },
    { 0x10a18, 0x10a18, 3, 0, 0 },
    { 0x10a19, 0x10a35, 0, 0, 0 },
    { 0x10a36, 0x10a37, 3, 0, 0 },
    { 0x10a38, 0x10a3a, 0, 0, 0 },
    { 0x10a3b, 0x10a3e, 3, 0, 0 },
    { 0x10a3f, 0x10a48, 0, 0, 0 },
    { 0x10a49, 0x10a4f, 3, 0, 0 },
    { 0x10a50, 0x10a58, 0, 0, 0 },
    { 0x10a59, 0x10a5f, 3, 0, 0 },
    { 0x10a60, 0x10a9f, 0, 0, 0 },
    { 0x10aa0, 0x10abf, 3, 0, 0 },
    { 0x10ac0, 0x10ae6, 0, 0, 0 },
    { 0x10ae7, 0x10aea, 3, 0, 0 },
    { 0x10aeb, 0x10af6, 0, 0, 0 },
    { 0x10af7, 0x10aff, 3, 0, 0 },
    { 0x10b00, 0x10b35, 0, 0, 0 },
    { 0x10b36, 0x10b38, 3, 0, 0 },
    { 0x10b39, 0x10b55, 0, 0, 0 },
    { 0x10b56, 0x10b57, 3, 0, 0 },
    { 0x10b58, 0x10b72, 0, 0, 0 },
    { 0x10b73, 0x10b77, 3, 0, 0 },
    { 0x10b78, 0x10b91, 0, 0, 0 },
    { 0x10b92, 0x10b98, 3, 0, 0 },
    { 0x10b99, 0x10b9c, 0, 0, 0 },
    { 0x10b9d, 0x10ba8, 3, 0, 0 },
    { 0x10ba9, 0x10baf, 0, 0, 0 },
    { 0x10bb0, 0x10bff, 3, 0, 0 },
    { 0x10c00, 0x10c48, 0, 0, 0 },
    { 0x10c49, 0x10c7f, 3, 0, 0 },
    { 0x10c80, 0x10c80, 2, 4680, 1 },
    { 0x10c81, 0x10c81, 2, 4681, 1 },
    { 0x10c82, 0x10c82, 2, 4682, 1 },
    { 0x10c83, 0x10c83, 2, 4683, 1 },
    { 0x10c84, 0x10c84, 2, 4684, 1 },
    { 0x10c85, 0x10c85, 2, 4685, 1 },
    { 0x10c86, 0x10c86, 2, 4686, 1 },
    { 0x10c87, 0x10c87, 2, 4687, 1 },
    { 0x10c88, 0x10c88, 2, 4688, 1 },
    { 0x10c89, 0x10c89, 2, 4689, 1 },
    { 0x10c8a, 0x10c8a, 2, 4690, 1 },
    { 0x10c8b, 0x10c8b, 2, 4691, 1 },
    { 0x10c8c, 0x10c8c, 2, 4692, 1 },
    { 0x10c8d, 0x10c8d, 2, 4693, 1 },
    { 0x10c8e, 0x10c8e, 2, 4694, 1 },
    { 0x10c8f, 0x10c8f, 2, 4695, 1 },
    { 0x10c90, 0x10c90, 2, 4696, 1 },
    { 0x10c91, 0x10c91, 2, 4697, 1 },
    { 0x10c92, 0x10c92, 2, 4698, 1 },
    { 0x10c93, 0x10c93, 2, 4699, 1 },
    { 0x10c94, 0x10c94, 2, 4700, 1 },
    { 0x10c95, 0x10c95, 2, 4701, 1 },
    { 0x10c96, 0x10c96, 2, 4702, 1 },
    { 0x10c97, 0x10c97, 2, 4703, 1 },
    { 0x10c98, 0x10c98, 2, 4704, 1 },
    { 0x10c99, 0x10c99, 2, 4705, 1 },
    { 0x10c9a, 0x10c9a, 2, 4706, 1 },
    { 0x10c9b, 0x10c9b, 2, 4707, 1 },
    { 0x10c9c, 0x10c9c, 2, 4708, 1 },
    { 0x10c9d, 0x10c9d, 2, 4709, 1 },
    { 0x10c9e, 0x10c9e, 2, 4710, 1 },
    { 0x10c9f, 0x10c9f, 2, 4711, 1 },
    { 0x10ca0, 0x10ca0, 2, 4712, 1 },
    { 0x10ca1, 0x10ca1, 2, 4713, 1 },
    { 0x10ca2, 0x10ca2, 2, 4714, 1 },
    { 0x10ca3, 0x10ca3, 2, 4715, 1 },
    { 0x10ca4, 0x10ca4, 2, 4716, 1 },
    { 0x10ca5, 0x10ca5, 2, 4717, 1 },
    { 0x10ca6, 0x10ca6, 2, 4718, 1 },
    { 0x10ca7, 0x10ca7, 2, 4719, 1 },
    { 0x10ca8, 0x10ca8, 2, 4720, 1 },
    { 0x10ca9, 0x10ca9, 2, 4721, 1 },
    { 0x10caa, 0x10caa, 2, 4722, 1 },
    { 0x10cab, 0x10cab, 2, 4723, 1 },
    { 0x10cac, 0x10cac, 2, 4724, 1 },
    { 0x10cad, 0x10cad, 2, 4725, 1 },
    { 0x10cae, 0x10cae, 2, 4726, 1 },
    { 0x10caf, 0x10caf, 2, 4727, 1 },
    { 0x10cb0, 0x10cb0, 2, 4728, 1 },
    { 0x10cb1, 0x10cb1, 2, 4729, 1 },
    { 0x10cb2, 0x10cb2, 2, 4730, 1 },
    { 0x10cb3, 0x10cbf, 3, 0, 0 },
    { 0x10cc0, 0x10cf2, 0, 0, 0 },
    { 0x10cf3, 0x10cf9, 3, 0, 0 },
    { 0x10cfa, 0x10d27, 0, 0, 0 },
    { 0x10d28, 0x10d2f, 3, 0, 0 },
    { 0x10d30, 0x10d39, 0, 0, 0 },
    { 0x10d3a, 0x10d3f, 3, 0, 0 },
    { 0x10d40, 0x10d4f, 0, 0, 0 },
    { 0x10d50, 0x10d50, 2, 4731, 1 },
    { 0x10d51, 0x10d51, 2, 4732, 1 },
    { 0x10d52, 0x10d52, 2, 4733, 1 },
    { 0x10d53, 0x10d53, 2, 4734, 1 },
    { 0x10d54, 0x10d54, 2, 4735, 1 },
    { 0x10d55, 0x10d55, 2, 4736, 1 },
    { 0x10d56, 0x10d56, 2, 4737, 1 },
    { 0x10d57, 0x10d57, 2, 4738, 1 },
    { 0x10d58, 0x10d58, 2, 4739, 1 },
    { 0x10d59, 0x10d59, 2, 4740, 1 },
    { 0x10d5a, 0x10d5a, 2, 4741, 1 },
    { 0x10d5b, 0x10d5b, 2, 4742, 1 },
    { 0x10d5c, 0x10d5c, 2, 4743, 1 },
    { 0x10d5d, 0x10d5d, 2, 4744, 1 },
    { 0x10d5e, 0x10d5e, 2, 4745, 1 },
    { 0x10d5f, 0x10d5f, 2, 4746, 1 },
    { 0x10d60, 0x10d60, 2, 4747, 1 },
    { 0x10d61, 0x10d61, 2, 4748, 1 },
    { 0x10d62, 0x10d62, 2, 4749, 1 },
    { 0x10d63, 0x10d63, 2, 4750, 1 },
    { 0x10d64, 0x10d64, 2, 4751, 1 },
    { 0x10d65, 0x10d65, 2, 4752, 1 },
    { 0x10d66, 0x10d68, 3, 0, 0 },
    { 0x10d69, 0x10d85, 0, 0, 0 },
    { 0x10d86, 0x10d8d, 3, 0, 0 },
    { 0x10d8e, 0x10d8f, 0, 0, 0 },
    { 0x10d90, 0x10e5f, 3, 0, 0 },
    { 0x10e60, 0x10e7e, 0, 0, 0 },
    { 0x10e7f, 0x10e7f, 3, 0, 0 },
    { 0x10e80, 0x10ea9, 0, 0, 0 },
    { 0x10eaa, 0x10eaa, 3, 0, 0 },
    { 0x10eab, 0x10ead, 0, 0, 0 },
    { 0x10eae, 0x10eaf, 3, 0, 0 },
    { 0x10eb0, 0x10eb1, 0, 0, 0 },
    { 0x10eb2, 0x10ec1, 3, 0, 0 },
    { 0x10ec2, 0x10ec7, 0, 0, 0 },
    { 0x10ec8, 0x10ecf, 3, 0, 0 },
    { 0x10ed0, 0x10ed8, 0, 0, 0 },
    { 0x10ed9, 0x10ef9, 3, 0, 0 },
    { 0x10efa, 0x10f27, 0, 0, 0 },
    { 0x10f28, 0x10f2f, 3, 0, 0 },
    { 0x10f30, 0x10f59, 0, 0, 0 },
    { 0x10f5a, 0x10f6f, 3, 0, 0 },
    { 0x10f70, 0x10f89, 0, 0, 0 },
    { 0x10f8a, 0x10faf, 3, 0, 0 },
    { 0x10fb0, 0x10fcb, 0, 0, 0 },
    { 0x10fcc, 0x10fdf, 3, 0, 0 },
    { 0x10fe0, 0x10ff6, 0, 0, 0 },
    { 0x10ff7, 0x10fff, 3, 0, 0 },
    { 0x11000, 0x1104d, 0, 0, 0 },
    { 0x1104e, 0x11051, 3, 0, 0 },
    { 0x11052, 0x11075, 0, 0, 0 },
    { 0x11076, 0x1107e, 3, 0, 0 },
    { 0x1107f, 0x110bc, 0, 0, 0 },
    { 0x110bd, 0x110bd, 3, 0, 0 },
    { 0x110be, 0x110c2, 0, 0, 0 },
    { 0x110c3, 0x110cf, 3, 0, 0 },
    { 0x110d0, 0x110e8, 0, 0, 0 },
    { 0x110e9, 0x110ef, 3, 0, 0 },
    { 0x110f0, 0x110f9, 0, 0, 0 },
    { 0x110fa, 0x110ff, 3, 0, 0 },
    { 0x11100, 0x11134, 0, 0, 0 },
    { 0x11135, 0x11135, 3, 0, 0 },
    { 0x11136, 0x11147, 0, 0, 0 },
    { 0x11148, 0x1114f, 3, 0, 0 },
    { 0x11150, 0x11176, 0, 0, 0 },
    { 0x11177, 0x1117f, 3, 0, 0 },
    { 0x11180, 0x111df, 0, 0, 0 },
    { 0x111e0, 0x111e0, 3, 0, 0 },
    { 0x111e1, 0x111f4, 0, 0, 0 },
    { 0x111f5, 0x111ff, 3, 0, 0 },
    { 0x11200, 0x11211, 0, 0, 0 },
    { 0x11212, 0x11212, 3, 0, 0 },
    { 0x11213, 0x11241, 0, 0, 0 },
    { 0x11242, 0x1127f, 3, 0, 0 },
    { 0x11280, 0x11286, 0, 0, 0 },
    { 0x11287, 0x11287, 3, 0, 0 },
    { 0x11288, 0x11288, 0, 0, 0 },
    { 0x11289, 0x11289, 3, 0, 0 },
    { 0x1128a, 0x1128d, 0, 0, 0 },
    { 0x1128e, 0x1128e, 3, 0, 0 },
    { 0x1128f, 0x1129d, 0, 0, 0 },
    { 0x1129e, 0x1129e, 3, 0, 0 },
    { 0x1129f, 0x112a9, 0, 0, 0 },
    { 0x112aa, 0x112af, 3, 0, 0 },
    { 0x112b0, 0x112ea, 0, 0, 0 },
    { 0x112eb, 0x112ef, 3, 0, 0 },
    { 0x112f0, 0x112f9, 0, 0, 0 },
    { 0x112fa, 0x112ff, 3, 0, 0 },
    { 0x11300, 0x11303, 0, 0, 0 },
    { 0x11304, 0x11304, 3, 0, 0 },
    { 0x11305, 0x1130c, 0, 0, 0 },
    { 0x1130d, 0x1130e, 3, 0, 0 },
    { 0x1130f, 0x11310, 0, 0, 0 },
    { 0x11311, 0x11312, 3, 0, 0 },
    { 0x11313, 0x11328, 0, 0, 0 },
    { 0x11329, 0x11329, 3, 0, 0 },
    { 0x1132a, 0x11330, 0, 0, 0 },
    { 0x11331, 0x11331, 3, 0, 0 },
    { 0x11332, 0x11333, 0, 0, 0 },
    { 0x11334, 0x11334, 3, 0, 0 },
    { 0x11335, 0x11339, 0, 0, 0 },
    { 0x1133a, 0x1133a, 3, 0, 0 },
    { 0x1133b, 0x11344, 0, 0, 0 },
    { 0x11345, 0x11346, 3, 0, 0 },
    { 0x11347, 0x11348, 0, 0, 0 },
    { 0x11349, 0x1134a, 3, 0, 0 },
    { 0x1134b, 0x1134d, 0, 0, 0 },
    { 0x1134e, 0x1134f, 3, 0, 0 },
    { 0x11350, 0x11350, 0, 0, 0 },
    { 0x11351, 0x11356, 3, 0, 0 },
    { 0x11357, 0x11357, 0, 0, 0 },
    { 0x11358, 0x1135c, 3, 0, 0 },
    { 0x1135d, 0x11363, 0, 0, 0 },
    { 0x11364, 0x11365, 3, 0, 0 },
    { 0x11366, 0x1136c, 0, 0, 0 },
    { 0x1136d, 0x1136f, 3, 0, 0 },
    { 0x11370, 0x11374, 0, 0, 0 },
    { 0x11375, 0x1137f, 3, 0, 0 },
    { 0x11380, 0x11389, 0, 0, 0 },
    { 0x1138a, 0x1138a, 3, 0, 0 },
    { 0x1138b, 0x1138b, 0, 0, 0 },
    { 0x1138c, 0x1138d, 3, 0, 0 },
    { 0x1138e, 0x1138e, 0, 0, 0 },
    { 0x1138f, 0x1138f, 3, 0, 0 },
    { 0x11390, 0x113b5, 0, 0, 0 },
    { 0x113b6, 0x113b6, 3, 0, 0 },
    { 0x113b7, 0x113c0, 0, 0, 0 },
    { 0x113c1, 0x113c1, 3, 0, 0 },
    { 0x113c2, 0x113c2, 0, 0, 0 },
    { 0x113c3, 0x113c4, 3, 0, 0 },
    { 0x113c5, 0x113c5, 0, 0, 0 },
    { 0x113c6, 0x113c6, 3, 0, 0 },
    { 0x113c7, 0x113ca, 0, 0, 0 },
    { 0x113cb, 0x113cb, 3, 0, 0 },
    { 0x113cc, 0x113d5, 0, 0, 0 },
    { 0x113d6, 0x113d6, 3, 0, 0 },
    { 0x113d7, 0x113d8, 0, 0, 0 },
    { 0x113d9, 0x113e0, 3, 0, 0 },
    { 0x113e1, 0x113e2, 0, 0, 0 },
    { 0x113e3, 0x113ff, 3, 0, 0 },
    { 0x11400, 0x1145b, 0, 0, 0 },
    { 0x1145c, 0x1145c, 3, 0, 0 },
    { 0x1145d, 0x11461, 0, 0, 0 },
    { 0x11462, 0x1147f, 3, 0, 0 },
    { 0x11480, 0x114c7, 0, 0, 0 },
    { 0x114c8, 0x114cf, 3, 0, 0 },
    { 0x114d0, 0x114d9, 0, 0, 0 },
    { 0x114da, 0x1157f, 3, 0, 0 },
    { 0x11580, 0x115b5, 0, 0, 0 },
    { 0x115b6, 0x115b7, 3, 0, 0 },
    { 0x115b8, 0x115dd, 0, 0, 0 },
    { 0x115de, 0x115ff, 3, 0, 0 },
    { 0x11600, 0x11644, 0, 0, 0 },
    { 0x11645, 0x1164f, 3, 0, 0 },
    { 0x11650, 0x11659, 0, 0, 0 },
    { 0x1165a, 0x1165f, 3, 0, 0 },
    { 0x11660, 0x1166c, 0, 0, 0 },
    { 0x1166d, 0x1167f, 3, 0, 0 },
    { 0x11680, 0x116b9, 0, 0, 0 },
    { 0x116ba, 0x116bf, 3, 0, 0 },
    { 0x116c0, 0x116c9, 0, 0, 0 },
    { 0x116ca, 0x116cf, 3, 0, 0 },
    { 0x116d0, 0x116e3, 0, 0, 0 },
    { 0x116e4, 0x116ff, 3, 0, 0 },
    { 0x11700, 0x1171a, 0, 0, 0 },
    { 0x1171b, 0x1171c, 3, 0, 0 },
    { 0x1171d, 0x1172b, 0, 0, 0 },
    { 0x1172c, 0x1172f, 3, 0, 0 },
    { 0x11730, 0x11746, 0, 0, 0 },
    { 0x11747, 0x117ff, 3, 0, 0 },
    { 0x11800, 0x1183b, 0, 0, 0 },
    { 0x1183c, 0x1189f, 3, 0, 0 },
    { 0x118a0, 0x118a0, 2, 4753, 1 },
    { 0x118a1, 0x118a1, 2, 4754, 1 },
    { 0x118a2, 0x118a2, 2, 4755, 1 },
    { 0x118a3, 0x118a3, 2, 4756, 1 },
    { 0x118a4, 0x118a4, 2, 4757, 1 },
    { 0x118a5, 0x118a5, 2, 4758, 1 },
    { 0x118a6, 0x118a6, 2, 4759, 1 },
    { 0x118a7, 0x118a7, 2, 4760, 1 },
    { 0x118a8, 0x118a8, 2, 4761, 1 },
    { 0x118a9, 0x118a9, 2, 4762, 1 },
    { 0x118aa, 0x118aa, 2, 4763, 1 },
    { 0x118ab, 0x118ab, 2, 4764, 1 },
    { 0x118ac, 0x118ac, 2, 4765, 1 },
    { 0x118ad, 0x118ad, 2, 4766, 1 },
    { 0x118ae, 0x118ae, 2, 4767, 1 },
    { 0x118af, 0x118af, 2, 4768, 1 },
    { 0x118b0, 0x118b0, 2, 4769, 1 },
    { 0x118b1, 0x118b1, 2, 4770, 1 },
    { 0x118b2, 0x118b2, 2, 4771, 1 },
    { 0x118b3, 0x118b3, 2, 4772, 1 },
    { 0x118b4, 0x118b4, 2, 4773, 1 },
    { 0x118b5, 0x118b5, 2, 4774, 1 },
    { 0x118b6, 0x118b6, 2, 4775, 1 },
    { 0x118b7, 0x118b7, 2, 4776, 1 },
    { 0x118b8, 0x118b8, 2, 4777, 1 },
    { 0x118b9, 0x118b9, 2, 4778, 1 },
    { 0x118ba, 0x118ba, 2, 4779, 1 },
    { 0x118bb, 0x118bb, 2, 4780, 1 },
    { 0x118bc, 0x118bc, 2, 4781, 1 },
    { 0x118bd, 0x118bd, 2, 4782, 1 },
    { 0x118be, 0x118be, 2, 4783, 1 },
    { 0x118bf, 0x118bf, 2, 4784, 1 },
    { 0x118c0, 0x118f2, 0, 0, 0 },
    { 0x118f3, 0x118fe, 3, 0, 0 },
    { 0x118ff, 0x11906, 0, 0, 0 },
    { 0x11907, 0x11908, 3, 0, 0 },
    { 0x11909, 0x11909, 0, 0, 0 },
    { 0x1190a, 0x1190b, 3, 0, 0 },
    { 0x1190c, 0x11913, 0, 0, 0 },
    { 0x11914, 0x11914, 3, 0, 0 },
    { 0x11915, 0x11916, 0, 0, 0 },
    { 0x11917, 0x11917, 3, 0, 0 },
    { 0x11918, 0x11935, 0, 0, 0 },
    { 0x11936, 0x11936, 3, 0, 0 },
    { 0x11937, 0x11938, 0, 0, 0 },
    { 0x11939, 0x1193a, 3, 0, 0 },
    { 0x1193b, 0x11946, 0, 0, 0 },
    { 0x11947, 0x1194f, 3, 0, 0 },
    { 0x11950, 0x11959, 0, 0, 0 },
    { 0x1195a, 0x1199f, 3, 0, 0 },
    { 0x119a0, 0x119a7, 0, 0, 0 },
    { 0x119a8, 0x119a9, 3, 0, 0 },
    { 0x119aa, 0x119d7, 0, 0, 0 },
    { 0x119d8, 0x119d9, 3, 0, 0 },
    { 0x119da, 0x119e4, 0, 0, 0 },
    { 0x119e5, 0x119ff, 3, 0, 0 },
    { 0x11a00, 0x11a47, 0, 0, 0 },
    { 0x11a48, 0x11a4f, 3, 0, 0 },
    { 0x11a50, 0x11aa2, 0, 0, 0 },
    { 0x11aa3, 0x11aaf, 3, 0, 0 },
    { 0x11ab0, 0x11af8, 0, 0, 0 },
    { 0x11af9, 0x11aff, 3, 0, 0 },
    { 0x11b00, 0x11b09, 0, 0, 0 },
    { 0x11b0a, 0x11b5f, 3, 0, 0 },
    { 0x11b60, 0x11b67, 0, 0, 0 },
    { 0x11b68, 0x11bbf, 3, 0, 0 },
    { 0x11bc0, 0x11be1, 0, 0, 0 },
    { 0x11be2, 0x11bef, 3, 0, 0 },
    { 0x11bf0, 0x11bf9, 0, 0, 0 },
    { 0x11bfa, 0x11bff, 3, 0, 0 },
    { 0x11c00, 0x11c08, 0, 0, 0 },
    { 0x11c09, 0x11c09, 3, 0, 0 },
    { 0x11c0a, 0x11c36, 0, 0, 0 },
    { 0x11c37, 0x11c37, 3, 0, 0 },
    { 0x11c38, 0x11c45, 0, 0, 0 },
    { 0x11c46, 0x11c4f, 3, 0, 0 },
    { 0x11c50, 0x11c6c, 0, 0, 0 },
    { 0x11c6d, 0x11c6f, 3, 0, 0 },
    { 0x11c70, 0x11c8f, 0, 0, 0 },
    { 0x11c90, 0x11c91, 3, 0, 0 },
    { 0x11c92, 0x11ca7, 0, 0, 0 },
    { 0x11ca8, 0x11ca8, 3, 0, 0 },
    { 0x11ca9, 0x11cb6, 0, 0, 0 },
    { 0x11cb7, 0x11cff, 3, 0, 0 },
    { 0x11d00, 0x11d06, 0, 0, 0 },
    { 0x11d07, 0x11d07, 3, 0, 0 },
    { 0x11d08, 0x11d09, 0, 0, 0 },
    { 0x11d0a, 0x11d0a, 3, 0, 0 },
    { 0x11d0b, 0x11d36, 0, 0, 0 },
    { 0x11d37, 0x11d39, 3, 0, 0 },
    { 0x11d3a, 0x11d3a, 0, 0, 0 },
    { 0x11d3b, 0x11d3b, 3, 0, 0 },
    { 0x11d3c, 0x11d3d, 0, 0, 0 },
    { 0x11d3e, 0x11d3e, 3, 0, 0 },
    { 0x11d3f, 0x11d47, 0, 0, 0 },
    { 0x11d48, 0x11d4f, 3, 0, 0 },
    { 0x11d50, 0x11d59, 0, 0, 0 },
    { 0x11d5a, 0x11d5f, 3, 0, 0 },
    { 0x11d60, 0x11d65, 0, 0, 0 },
    { 0x11d66, 0x11d66, 3, 0, 0 },
    { 0x11d67, 0x11d68, 0, 0, 0 },
    { 0x11d69, 0x11d69, 3, 0, 0 },
    { 0x11d6a, 0x11d8e, 0, 0, 0 },
    { 0x11d8f, 0x11d8f, 3, 0, 0 },
    { 0x11d90, 0x11d91, 0, 0, 0 },
    { 0x11d92, 0x11d92, 3, 0, 0 },
    { 0x11d93, 0x11d98, 0, 0, 0 },
    { 0x11d99, 0x11d9f, 3, 0, 0 },
    { 0x11da0, 0x11da9, 0, 0, 0 },
    { 0x11daa, 0x11daf, 3, 0, 0 },
    { 0x11db0, 0x11ddb, 0, 0, 0 },
    { 0x11ddc, 0x11ddf, 3, 0, 0 },
    { 0x11de0, 0x11de9, 0, 0, 0 },
    { 0x11dea, 0x11edf, 3, 0, 0 },
    { 0x11ee0, 0x11ef8, 0, 0, 0 },
    { 0x11ef9, 0x11eff, 3, 0, 0 },
    { 0x11f00, 0x11f10, 0, 0, 0 },
    { 0x11f11, 0x11f11, 3, 0, 0 },
    { 0x11f12, 0x11f3a, 0, 0, 0 },
    { 0x11f3b, 0x11f3d, 3, 0, 0 },
    { 0x11f3e, 0x11f5a, 0, 0, 0 },
    { 0x11f5b, 0x11faf, 3, 0, 0 },
    { 0x11fb0, 0x11fb0, 0, 0, 0 },
    { 0x11fb1, 0x11fbf, 3, 0, 0 },
    { 0x11fc0, 0x11ff1, 0, 0, 0 },
    { 0x11ff2, 0x11ffe, 3, 0, 0 },
    { 0x11fff, 0x12399, 0, 0, 0 },
    { 0x1239a, 0x123ff, 3, 0, 0 },
    { 0x12400, 0x1246e, 0, 0, 0 },
    { 0x1246f, 0x1246f, 3, 0, 0 },
    { 0x12470, 0x12474, 0, 0, 0 },
    { 0x12475, 0x1247f, 3, 0, 0 },
    { 0x12480, 0x12543, 0, 0, 0 },
    { 0x12544, 0x12f8f, 3, 0, 0 },
    { 0x12f90, 0x12ff2, 0, 0, 0 },
    { 0x12ff3, 0x12fff, 3, 0, 0 },
    { 0x13000, 0x1342f, 0, 0, 0 },
    { 0x13430, 0x1343f, 3, 0, 0 },
    { 0x13440, 0x13455, 0, 0, 0 },
    { 0x13456, 0x1345f, 3, 0, 0 },
    { 0x13460, 0x143fa, 0, 0, 0 },
    { 0x143fb, 0x143ff, 3, 0, 0 },
    { 0x14400, 0x14646, 0, 0, 0 },
    { 0x14647, 0x160ff, 3, 0, 0 },
    { 0x16100, 0x16139, 0, 0, 0 },
    { 0x1613a, 0x167ff, 3, 0, 0 },
    { 0x16800, 0x16a38, 0, 0, 0 },
    { 0x16a39, 0x16a3f, 3, 0, 0 },
    { 0x16a40, 0x16a5e, 0, 0, 0 },
    { 0x16a5f, 0x16a5f, 3, 0, 0 },
    { 0x16a60, 0x16a69, 0, 0, 0 },
    { 0x16a6a, 0x16a6d, 3, 0, 0 },
    { 0x16a6e, 0x16abe, 0, 0, 0 },
    { 0x16abf, 0x16abf, 3, 0, 0 },
    { 0x16ac0, 0x16ac9, 0, 0, 0 },
    { 0x16aca, 0x16acf, 3, 0, 0 },
    { 0x16ad0, 0x16aed, 0, 0, 0 },
    { 0x16aee, 0x16aef, 3, 0, 0 },
    { 0x16af0, 0x16af5, 0, 0, 0 },
    { 0x16af6, 0x16aff, 3, 0, 0 },
    { 0x16b00, 0x16b45, 0, 0, 0 },
    { 0x16b46, 0x16b4f, 3, 0, 0 },
    { 0x16b50, 0x16b59, 0, 0, 0 },
    { 0x16b5a, 0x16b5a, 3, 0, 0 },
    { 0x16b5b, 0x16b61, 0, 0, 0 },
    { 0x16b62, 0x16b62, 3, 0, 0 },
    { 0x16b63, 0x16b77, 0, 0, 0 },
    { 0x16b78, 0x16b7c, 3, 0, 0 },
    { 0x16b7d, 0x16b8f, 0, 0, 0 },
    { 0x16b90, 0x16d3f, 3, 0, 0 },
    { 0x16d40, 0x16d79, 0, 0, 0 },
    { 0x16d7a, 0x16e3f, 3, 0, 0 },
    { 0x16e40, 0x16e40, 2, 4785, 1 },
    { 0x16e41, 0x16e41, 2, 4786, 1 },
    { 0x16e42, 0x16e42, 2, 4787, 1 },
    { 0x16e43, 0x16e43, 2, 4788, 1 },
    { 0x16e44, 0x16e44, 2, 4789, 1 },
    { 0x16e45, 0x16e45, 2, 4790, 1 },
    { 0x16e46, 0x16e46, 2, 4791, 1 },
    { 0x16e47, 0x16e47, 2, 4792, 1 },
    { 0x16e48, 0x16e48, 2, 4793, 1 },
    { 0x16e49, 0x16e49, 2, 4794, 1 },
    { 0x16e4a, 0x16e4a, 2, 4795, 1 },
    { 0x16e4b, 0x16e4b, 2, 4796, 1 },
    { 0x16e4c, 0x16e4c, 2, 4797, 1 },
    { 0x16e4d, 0x16e4d, 2, 4798, 1 },
    { 0x16e4e, 0x16e4e, 2, 4799, 1 },
    { 0x16e4f, 0x16e4f, 2, 4800, 1 },
    { 0x16e50, 0x16e50, 2, 4801, 1 },
    { 0x16e51, 0x16e51, 2, 4802, 1 },
    { 0x16e52, 0x16e52, 2, 4803, 1 },
    { 0x16e53, 0x16e53, 2, 4804, 1 },
    { 0x16e54, 0x16e54, 2, 4805, 1 },
    { 0x16e55, 0x16e55, 2, 4806, 1 },
    { 0x16e56, 0x16e56, 2, 4807, 1 },
    { 0x16e57, 0x16e57, 2, 4808, 1 },
    { 0x16e58, 0x16e58, 2, 4809, 1 },
    { 0x16e59, 0x16e59, 2, 4810, 1 },
    { 0x16e5a, 0x16e5a, 2, 4811, 1 },
    { 0x16e5b, 0x16e5b, 2, 4812, 1 },
    { 0x16e5c, 0x16e5c, 2, 4813, 1 },
    { 0x16e5d, 0x16e5d, 2, 4814, 1 },
    { 0x16e5e, 0x16e5e, 2, 4815, 1 },
    { 0x16e5f, 0x16e5f, 2, 4816, 1 },
    { 0x16e60, 0x16e9a, 0, 0, 0 },
    { 0x16e9b, 0x16e9f, 3, 0, 0 },
    { 0x16ea0, 0x16ea0, 2, 4817, 1 },
    { 0x16ea1, 0x16ea1, 2, 4818, 1 },
    { 0x16ea2, 0x16ea2, 2, 4819, 1 },
    { 0x16ea3, 0x16ea3, 2, 4820, 1 },
    { 0x16ea4, 0x16ea4, 2, 4821, 1 },
    { 0x16ea5, 0x16ea5, 2, 4822, 1 },
    { 0x16ea6, 0x16ea6, 2, 4823, 1 },
    { 0x16ea7, 0x16ea7, 2, 4824, 1 },
    { 0x16ea8, 0x16ea8, 2, 4825, 1 },
    { 0x16ea9, 0x16ea9, 2, 4826, 1 },
    { 0x16eaa, 0x16eaa, 2, 4827, 1 },
    { 0x16eab, 0x16eab, 2, 4828, 1 },
    { 0x16eac, 0x16eac, 2, 4829, 1 },
    { 0x16ead, 0x16ead, 2, 4830, 1 },
    { 0x16eae, 0x16eae, 2, 4831, 1 },
    { 0x16eaf, 0x16eaf, 2, 4832, 1 },
    { 0x16eb0, 0x16eb0, 2, 4833, 1 },
    { 0x16eb1, 0x16eb1, 2, 4834, 1 },
    { 0x16eb2, 0x16eb2, 2, 4835, 1 },
    { 0x16eb3, 0x16eb3, 2, 4836, 1 },
    { 0x16eb4, 0x16eb4, 2, 4837, 1 },
    { 0x16eb5, 0x16eb5, 2, 4838, 1 },
    { 0x16eb6, 0x16eb6, 2, 4839, 1 },
    { 0x16eb7, 0x16eb7, 2, 4840, 1 },
    { 0x16eb8, 0x16eb8, 2, 4841, 1 },
    { 0x16eb9, 0x16eba, 3, 0, 0 },
    { 0x16ebb, 0x16ed3, 0, 0, 0 },
    { 0x16ed4, 0x16eff, 3, 0, 0 },
    { 0x16f00, 0x16f4a, 0, 0, 0 },
    { 0x16f4b, 0x16f4e, 3, 0, 0 },
    { 0x16f4f, 0x16f87, 0, 0, 0 },
    { 0x16f88, 0x16f8e, 3, 0, 0 },
    { 0x16f8f, 0x16f9f, 0, 0, 0 },
    { 0x16fa0, 0x16fdf, 3, 0, 0 },
    { 0x16fe0, 0x16fe4, 0, 0, 0 },
    { 0x16fe5, 0x16fef, 3, 0, 0 },
    { 0x16ff0, 0x16ff6, 0, 0, 0 },
    { 0x16ff7, 0x16fff, 3, 0, 0 },
    { 0x17000, 0x18cd5, 0, 0, 0 },
    { 0x18cd6, 0x18cfe, 3, 0, 0 },
    { 0x18cff, 0x18d1e, 0, 0, 0 },
    { 0x18d1f, 0x18d7f, 3, 0, 0 },
    { 0x18d80, 0x18df2, 0, 0, 0 },
    { 0x18df3, 0x1afef, 3, 0, 0 },
    { 0x1aff0, 0x1aff3, 0, 0, 0 },
    { 0x1aff4, 0x1aff4, 3, 0, 0 },
    { 0x1aff5, 0x1affb, 0, 0, 0 },
    { 0x1affc, 0x1affc, 3, 0, 0 },
    { 0x1affd, 0x1affe, 0, 0, 0 },
    { 0x1afff, 0x1afff, 3, 0, 0 },
    { 0x1b000, 0x1b122, 0, 0, 0 },
    { 0x1b123, 0x1b131, 3, 0, 0 },
    { 0x1b132, 0x1b132, 0, 0, 0 },
    { 0x1b133, 0x1b14f, 3, 0, 0 },
    { 0x1b150, 0x1b152, 0, 0, 0 },
    { 0x1b153, 0x1b154, 3, 0, 0 },
    { 0x1b155, 0x1b155, 0, 0, 0 },
    { 0x1b156, 0x1b163, 3, 0, 0 },
    { 0x1b164, 0x1b167, 0, 0, 0 },
    { 0x1b168, 0x1b16f, 3, 0, 0 },
    { 0x1b170, 0x1b2fb, 0, 0, 0 },
    { 0x1b2fc, 0x1bbff, 3, 0, 0 },
    { 0x1bc00, 0x1bc6a, 0, 0, 0 },
    { 0x1bc6b, 0x1bc6f, 3, 0, 0 },
    { 0x1bc70, 0x1bc7c, 0, 0, 0 },
    { 0x1bc7d, 0x1bc7f, 3, 0, 0 },
    { 0x1bc80, 0x1bc88, 0, 0, 0 },
    { 0x1bc89, 0x1bc8f, 3, 0, 0 },
    { 0x1bc90, 0x1bc99, 0, 0, 0 },
    { 0x1bc9a, 0x1bc9b, 3, 0, 0 },
    { 0x1bc9c, 0x1bc9f, 0, 0, 0 },
    { 0x1bca0, 0x1bca3, 1, 0, 0 },
    { 0x1bca4, 0x1cbff, 3, 0, 0 },
    { 0x1cc00, 0x1ccd5, 0, 0, 0 },
    { 0x1ccd6, 0x1ccd6, 2, 0, 1 },
    { 0x1ccd7, 0x1ccd7, 2, 1, 1 },
    { 0x1ccd8, 0x1ccd8, 2, 2, 1 },
    { 0x1ccd9, 0x1ccd9, 2, 3, 1 },
    { 0x1ccda, 0x1ccda, 2, 4, 1 },
    { 0x1ccdb, 0x1ccdb, 2, 5, 1 },
    { 0x1ccdc, 0x1ccdc, 2, 6, 1 },
    { 0x1ccdd, 0x1ccdd, 2, 7, 1 },
    { 0x1ccde, 0x1ccde, 2, 8, 1 },
    { 0x1ccdf, 0x1ccdf, 2, 9, 1 },
    { 0x1cce0, 0x1cce0, 2, 10, 1 },
    { 0x1cce1, 0x1cce1, 2, 11, 1 },
    { 0x1cce2, 0x1cce2, 2, 12, 1 },
    { 0x1cce3, 0x1cce3, 2, 13, 1 },
    { 0x1cce4, 0x1cce4, 2, 14, 1 },
    { 0x1cce5, 0x1cce5, 2, 15, 1 },
    { 0x1cce6, 0x1cce6, 2, 16, 1 },
    { 0x1cce7, 0x1cce7, 2, 17, 1 },
    { 0x1cce8, 0x1cce8, 2, 18, 1 },
    { 0x1cce9, 0x1cce9, 2, 19, 1 },
    { 0x1ccea, 0x1ccea, 2, 20, 1 },
    { 0x1cceb, 0x1cceb, 2, 21, 1 },
    { 0x1ccec, 0x1ccec, 2, 22, 1 },
    { 0x1cced, 0x1cced, 2, 23, 1 },
    { 0x1ccee, 0x1ccee, 2, 24, 1 },
    { 0x1ccef, 0x1ccef, 2, 25, 1 },
    { 0x1ccf0, 0x1ccf0, 2, 1063, 1 },
    { 0x1ccf1, 0x1ccf1, 2, 38, 1 },
    { 0x1ccf2, 0x1ccf2, 2, 31, 1 },
    { 0x1ccf3, 0x1ccf3, 2, 32, 1 },
    { 0x1ccf4, 0x1ccf4, 2, 1064, 1 },
    { 0x1ccf5, 0x1ccf5, 2, 1065, 1 },
    { 0x1ccf6, 0x1ccf6, 2, 1066, 1 },
    { 0x1ccf7, 0x1ccf7, 2, 1067, 1 },
    { 0x1ccf8, 0x1ccf8, 2, 1068, 1 },
    { 0x1ccf9, 0x1ccf9, 2, 1069, 1 },
    { 0x1ccfa, 0x1ccfc, 0, 0, 0 },
    { 0x1ccfd, 0x1ccff, 3, 0, 0 },
    { 0x1cd00, 0x1ceb3, 0, 0, 0 },
    { 0x1ceb4, 0x1ceb9, 3, 0, 0 },
    { 0x1ceba, 0x1ced0, 0, 0, 0 },
    { 0x1ced1, 0x1cedf, 3, 0, 0 },
    { 0x1cee0, 0x1cef0, 0, 0, 0 },
    { 0x1cef1, 0x1ceff, 3, 0, 0 },
    { 0x1cf00, 0x1cf2d, 0, 0, 0 },
    { 0x1cf2e, 0x1cf2f, 3, 0, 0 },
    { 0x1cf30, 0x1cf46, 0, 0, 0 },
    { 0x1cf47, 0x1cf4f, 3, 0, 0 },
    { 0x1cf50, 0x1cfc3, 0, 0, 0 },
    { 0x1cfc4, 0x1cfff, 3, 0, 0 },
    { 0x1d000, 0x1d0f5, 0, 0, 0 },
    { 0x1d0f6, 0x1d0ff, 3, 0, 0 },
    { 0x1d100, 0x1d126, 0, 0, 0 },
    { 0x1d127, 0x1d128, 3, 0, 0 },
    { 0x1d129, 0x1d15d, 0, 0, 0 },
    { 0x1d15e, 0x1d15e, 2, 4842, 2 },
    { 0x1d15f, 0x1d15f, 2, 4844, 2 },
    { 0x1d160, 0x1d160, 2, 4846, 3 },
    { 0x1d161, 0x1d161, 2, 4849, 3 },
    { 0x1d162, 0x1d162, 2, 4852, 3 },
    { 0x1d163, 0x1d163, 2, 4855, 3 },
    { 0x1d164, 0x1d164, 2, 4858, 3 },
    { 0x1d165, 0x1d172, 0, 0, 0 },
    { 0x1d173, 0x1d17a, 1, 0, 0 },
    { 0x1d17b, 0x1d1ba, 0, 0, 0 },
    { 0x1d1bb, 0x1d1bb, 2, 4861, 2 },
    { 0x1d1bc, 0x1d1bc, 2, 4863, 2 },
    { 0x1d1bd, 0x1d1bd, 2, 4865, 3 },
    { 0x1d1be, 0x1d1be, 2, 4868, 3 },
    { 0x1d1bf, 0x1d1bf, 2, 4871, 3 },
    { 0x1d1c0, 0x1d1c0, 2, 4874, 3 },
    { 0x1d1c1, 0x1d1ea, 0, 0, 0 },
    { 0x1d1eb, 0x1d1ff, 3, 0, 0 },
    { 0x1d200, 0x1d245, 0, 0, 0 },
    { 0x1d246, 0x1d2bf, 3, 0, 0 },
    { 0x1d2c0, 0x1d2d3, 0, 0, 0 },
    { 0x1d2d4, 0x1d2df, 3, 0, 0 },
    { 0x1d2e0, 0x1d2f3, 0, 0, 0 },
    { 0x1d2f4, 0x1d2ff, 3, 0, 0 },
    { 0x1d300, 0x1d356, 0, 0, 0 },
    { 0x1d357, 0x1d35f, 3, 0, 0 },
    { 0x1d360, 0x1d378, 0, 0, 0 },
    { 0x1d379, 0x1d3ff, 3, 0, 0 },
    { 0x1d400, 0x1d400, 2, 0, 1 },
    { 0x1d401, 0x1d401, 2, 1, 1 },
    { 0x1d402, 0x1d402, 2, 2, 1 },
    { 0x1d403, 0x1d403, 2, 3, 1 },
    { 0x1d404, 0x1d404, 2, 4, 1 },
    { 0x1d405, 0x1d405, 2, 5, 1 },
    { 0x1d406, 0x1d406, 2, 6, 1 },
    { 0x1d407, 0x1d407, 2, 7, 1 },
    { 0x1d408, 0x1d408, 2, 8, 1 },
    { 0x1d409, 0x1d409, 2, 9, 1 },
    { 0x1d40a, 0x1d40a, 2, 10, 1 },
    { 0x1d40b, 0x1d40b, 2, 11, 1 },
    { 0x1d40c, 0x1d40c, 2, 12, 1 },
    { 0x1d40d, 0x1d40d, 2, 13, 1 },
    { 0x1d40e, 0x1d40e, 2, 14, 1 },
    { 0x1d40f, 0x1d40f, 2, 15, 1 },
    { 0x1d410, 0x1d410, 2, 16, 1 },
    { 0x1d411, 0x1d411, 2, 17, 1 },
    { 0x1d412, 0x1d412, 2, 18, 1 },
    { 0x1d413, 0x1d413, 2, 19, 1 },
    { 0x1d414, 0x1d414, 2, 20, 1 },
    { 0x1d415, 0x1d415, 2, 21, 1 },
    { 0x1d416, 0x1d416, 2, 22, 1 },
    { 0x1d417, 0x1d417, 2, 23, 1 },
    { 0x1d418, 0x1d418, 2, 24, 1 },
    { 0x1d419, 0x1d419, 2, 25, 1 },
    { 0x1d41a, 0x1d41a, 2, 0, 1 },
    { 0x1d41b, 0x1d41b, 2, 1, 1 },
    { 0x1d41c, 0x1d41c, 2, 2, 1 },
    { 0x1d41d, 0x1d41d, 2, 3, 1 },
    { 0x1d41e, 0x1d41e, 2, 4, 1 },
    { 0x1d41f, 0x1d41f, 2, 5, 1 },
    { 0x1d420, 0x1d420, 2, 6, 1 },
    { 0x1d421, 0x1d421, 2, 7, 1 },
    { 0x1d422, 0x1d422, 2, 8, 1 },
    { 0x1d423, 0x1d423, 2, 9, 1 },
    { 0x1d424, 0x1d424, 2, 10, 1 },
    { 0x1d425, 0x1d425, 2, 11, 1 },
    { 0x1d426, 0x1d426, 2, 12, 1 },
    { 0x1d427, 0x1d427, 2, 13, 1 },
    { 0x1d428, 0x1d428, 2, 14, 1 },
    { 0x1d429, 0x1d429, 2, 15, 1 },
    { 0x1d42a, 0x1d42a, 2, 16, 1 },
    { 0x1d42b, 0x1d42b, 2, 17, 1 },
    { 0x1d42c, 0x1d42c, 2, 18, 1 },
    { 0x1d42d, 0x1d42d, 2, 19, 1 },
    { 0x1d42e, 0x1d42e, 2, 20, 1 },
    { 0x1d42f, 0x1d42f, 2, 21, 1 },
    { 0x1d430, 0x1d430, 2, 22, 1 },
    { 0x1d431, 0x1d431, 2, 23, 1 },
    { 0x1d432, 0x1d432, 2, 24, 1 },
    { 0x1d433, 0x1d433, 2, 25, 1 },
    { 0x1d434, 0x1d434, 2, 0, 1 },
    { 0x1d435, 0x1d435, 2, 1, 1 },
    { 0x1d436, 0x1d436, 2, 2, 1 },
    { 0x1d437, 0x1d437, 2, 3, 1 },
    { 0x1d438, 0x1d438, 2, 4, 1 },
    { 0x1d439, 0x1d439, 2, 5, 1 },
    { 0x1d43a, 0x1d43a, 2, 6, 1 },
    { 0x1d43b, 0x1d43b, 2, 7, 1 },
    { 0x1d43c, 0x1d43c, 2, 8, 1 },
    { 0x1d43d, 0x1d43d, 2, 9, 1 },
    { 0x1d43e, 0x1d43e, 2, 10, 1 },
    { 0x1d43f, 0x1d43f, 2, 11, 1 },
    { 0x1d440, 0x1d440, 2, 12, 1 },
    { 0x1d441, 0x1d441, 2, 13, 1 },
    { 0x1d442, 0x1d442, 2, 14, 1 },
    { 0x1d443, 0x1d443, 2, 15, 1 },
    { 0x1d444, 0x1d444, 2, 16, 1 },
    { 0x1d445, 0x1d445, 2, 17, 1 },
    { 0x1d446, 0x1d446, 2, 18, 1 },
    { 0x1d447, 0x1d447, 2, 19, 1 },
    { 0x1d448, 0x1d448, 2, 20, 1 },
    { 0x1d449, 0x1d449, 2, 21, 1 },
    { 0x1d44a, 0x1d44a, 2, 22, 1 },
    { 0x1d44b, 0x1d44b, 2, 23, 1 },
    { 0x1d44c, 0x1d44c, 2, 24, 1 },
    { 0x1d44d, 0x1d44d, 2, 25, 1 },
    { 0x1d44e, 0x1d44e, 2, 0, 1 },
    { 0x1d44f, 0x1d44f, 2, 1, 1 },
    { 0x1d450, 0x1d450, 2, 2, 1 },
    { 0x1d451, 0x1d451, 2, 3, 1 },
    { 0x1d452, 0x1d452, 2, 4, 1 },
    { 0x1d453, 0x1d453, 2, 5, 1 },
    { 0x1d454, 0x1d454, 2, 6, 1 },
    { 0x1d455, 0x1d455, 3, 0, 0 },
    { 0x1d456, 0x1d456, 2, 8, 1 },
    { 0x1d457, 0x1d457, 2, 9, 1 },
    { 0x1d458, 0x1d458, 2, 10, 1 },
    { 0x1d459, 0x1d459, 2, 11, 1 },
    { 0x1d45a, 0x1d45a, 2, 12, 1 },
    { 0x1d45b, 0x1d45b, 2, 13, 1 },
    { 0x1d45c, 0x1d45c, 2, 14, 1 },
    { 0x1d45d, 0x1d45d, 2, 15, 1 },
    { 0x1d45e, 0x1d45e, 2, 16, 1 },
    { 0x1d45f, 0x1d45f, 2, 17, 1 },
    { 0x1d460, 0x1d460, 2, 18, 1 },
    { 0x1d461, 0x1d461, 2, 19, 1 },
    { 0x1d462, 0x1d462, 2, 20, 1 },
    { 0x1d463, 0x1d463, 2, 21, 1 },
    { 0x1d464, 0x1d464, 2, 22, 1 },
    { 0x1d465, 0x1d465, 2, 23, 1 },
    { 0x1d466, 0x1d466, 2, 24, 1 },
    { 0x1d467, 0x1d467, 2, 25, 1 },
    { 0x1d468, 0x1d468, 2, 0, 1 },
    { 0x1d469, 0x1d469, 2, 1, 1 },
    { 0x1d46a, 0x1d46a, 2, 2, 1 },
    { 0x1d46b, 0x1d46b, 2, 3, 1 },
    { 0x1d46c, 0x1d46c, 2, 4, 1 },
    { 0x1d46d, 0x1d46d, 2, 5, 1 },
    { 0x1d46e, 0x1d46e, 2, 6, 1 },
    { 0x1d46f, 0x1d46f, 2, 7, 1 },
    { 0x1d470, 0x1d470, 2, 8, 1 },
    { 0x1d471, 0x1d471, 2, 9, 1 },
    { 0x1d472, 0x1d472, 2, 10, 1 },
    { 0x1d473, 0x1d473, 2, 11, 1 },
    { 0x1d474, 0x1d474, 2, 12, 1 },
    { 0x1d475, 0x1d475, 2, 13, 1 },
    { 0x1d476, 0x1d476, 2, 14, 1 },
    { 0x1d477, 0x1d477, 2, 15, 1 },
    { 0x1d478, 0x1d478, 2, 16, 1 },
    { 0x1d479, 0x1d479, 2, 17, 1 },
    { 0x1d47a, 0x1d47a, 2, 18, 1 },
    { 0x1d47b, 0x1d47b, 2, 19, 1 },
    { 0x1d47c, 0x1d47c, 2, 20, 1 },
    { 0x1d47d, 0x1d47d, 2, 21, 1 },
    { 0x1d47e, 0x1d47e, 2, 22, 1 },
    { 0x1d47f, 0x1d47f, 2, 23, 1 },
    { 0x1d480, 0x1d480, 2, 24, 1 },
    { 0x1d481, 0x1d481, 2, 25, 1 },
    { 0x1d482, 0x1d482, 2, 0, 1 },
    { 0x1d483, 0x1d483, 2, 1, 1 },
    { 0x1d484, 0x1d484, 2, 2, 1 },
    { 0x1d485, 0x1d485, 2, 3, 1 },
    { 0x1d486, 0x1d486, 2, 4, 1 },
    { 0x1d487, 0x1d487, 2, 5, 1 },
    { 0x1d488, 0x1d488, 2, 6, 1 },
    { 0x1d489, 0x1d489, 2, 7, 1 },
    { 0x1d48a, 0x1d48a, 2, 8, 1 },
    { 0x1d48b, 0x1d48b, 2, 9, 1 },
    { 0x1d48c, 0x1d48c, 2, 10, 1 },
    { 0x1d48d, 0x1d48d, 2, 11, 1 },
    { 0x1d48e, 0x1d48e, 2, 12, 1 },
    { 0x1d48f, 0x1d48f, 2, 13, 1 },
    { 0x1d490, 0x1d490, 2, 14, 1 },
    { 0x1d491, 0x1d491, 2, 15, 1 },
    { 0x1d492, 0x1d492, 2, 16, 1 },
    { 0x1d493, 0x1d493, 2, 17, 1 },
    { 0x1d494, 0x1d494, 2, 18, 1 },
    { 0x1d495, 0x1d495, 2, 19, 1 },
    { 0x1d496, 0x1d496, 2, 20, 1 },
    { 0x1d497, 0x1d497, 2, 21, 1 },
    { 0x1d498, 0x1d498, 2, 22, 1 },
    { 0x1d499, 0x1d499, 2, 23, 1 },
    { 0x1d49a, 0x1d49a, 2, 24, 1 },
    { 0x1d49b, 0x1d49b, 2, 25, 1 },
    { 0x1d49c, 0x1d49c, 2, 0, 1 },
    { 0x1d49d, 0x1d49d, 3, 0, 0 },
    { 0x1d49e, 0x1d49e, 2, 2, 1 },
    { 0x1d49f, 0x1d49f, 2, 3, 1 },
    { 0x1d4a0, 0x1d4a1, 3, 0, 0 },
    { 0x1d4a2, 0x1d4a2, 2, 6, 1 },
    { 0x1d4a3, 0x1d4a4, 3, 0, 0 },
    { 0x1d4a5, 0x1d4a5, 2, 9, 1 },
    { 0x1d4a6, 0x1d4a6, 2, 10, 1 },
    { 0x1d4a7, 0x1d4a8, 3, 0, 0 },
    { 0x1d4a9, 0x1d4a9, 2, 13, 1 },
    { 0x1d4aa, 0x1d4aa, 2, 14, 1 },
    { 0x1d4ab, 0x1d4ab, 2, 15, 1 },
    { 0x1d4ac, 0x1d4ac, 2, 16, 1 },
    { 0x1d4ad, 0x1d4ad, 3, 0, 0 },
    { 0x1d4ae, 0x1d4ae, 2, 18, 1 },
    { 0x1d4af, 0x1d4af, 2, 19, 1 },
    { 0x1d4b0, 0x1d4b0, 2, 20, 1 },
    { 0x1d4b1, 0x1d4b1, 2, 21, 1 },
    { 0x1d4b2, 0x1d4b2, 2, 22, 1 },
    { 0x1d4b3, 0x1d4b3, 2, 23, 1 },
    { 0x1d4b4, 0x1d4b4, 2, 24, 1 },
    { 0x1d4b5, 0x1d4b5, 2, 25, 1 },
    { 0x1d4b6, 0x1d4b6, 2, 0, 1 },
    { 0x1d4b7, 0x1d4b7, 2, 1, 1 },
    { 0x1d4b8, 0x1d4b8, 2, 2, 1 },
    { 0x1d4b9, 0x1d4b9, 2, 3, 1 },
    { 0x1d4ba, 0x1d4ba, 3, 0, 0 },
    { 0x1d4bb, 0x1d4bb, 2, 5, 1 },
    { 0x1d4bc, 0x1d4bc, 3, 0, 0 },
    { 0x1d4bd, 0x1d4bd, 2, 7, 1 },
    { 0x1d4be, 0x1d4be, 2, 8, 1 },
    { 0x1d4bf, 0x1d4bf, 2, 9, 1 },
    { 0x1d4c0, 0x1d4c0, 2, 10, 1 },
    { 0x1d4c1, 0x1d4c1, 2, 11, 1 },
    { 0x1d4c2, 0x1d4c2, 2, 12, 1 },
    { 0x1d4c3, 0x1d4c3, 2, 13, 1 },
    { 0x1d4c4, 0x1d4c4, 3, 0, 0 },
    { 0x1d4c5, 0x1d4c5, 2, 15, 1 },
    { 0x1d4c6, 0x1d4c6, 2, 16, 1 },
    { 0x1d4c7, 0x1d4c7, 2, 17, 1 },
    { 0x1d4c8, 0x1d4c8, 2, 18, 1 },
    { 0x1d4c9, 0x1d4c9, 2, 19, 1 },
    { 0x1d4ca, 0x1d4ca, 2, 20, 1 },
    { 0x1d4cb, 0x1d4cb, 2, 21, 1 },
    { 0x1d4cc, 0x1d4cc, 2, 22, 1 },
    { 0x1d4cd, 0x1d4cd, 2, 23, 1 },
    { 0x1d4ce, 0x1d4ce, 2, 24, 1 },
    { 0x1d4cf, 0x1d4cf, 2, 25, 1 },
    { 0x1d4d0, 0x1d4d0, 2, 0, 1 },
    { 0x1d4d1, 0x1d4d1, 2, 1, 1 },
    { 0x1d4d2, 0x1d4d2, 2, 2, 1 },
    { 0x1d4d3, 0x1d4d3, 2, 3, 1 },
    { 0x1d4d4, 0x1d4d4, 2, 4, 1 },
    { 0x1d4d5, 0x1d4d5, 2, 5, 1 },
    { 0x1d4d6, 0x1d4d6, 2, 6, 1 },
    { 0x1d4d7, 0x1d4d7, 2, 7, 1 },
    { 0x1d4d8, 0x1d4d8, 2, 8, 1 },
    { 0x1d4d9, 0x1d4d9, 2, 9, 1 },
    { 0x1d4da, 0x1d4da, 2, 10, 1 },
    { 0x1d4db, 0x1d4db, 2, 11, 1 },
    { 0x1d4dc, 0x1d4dc, 2, 12, 1 },
    { 0x1d4dd, 0x1d4dd, 2, 13, 1 },
    { 0x1d4de, 0x1d4de, 2, 14, 1 },
    { 0x1d4df, 0x1d4df, 2, 15, 1 },
    { 0x1d4e0, 0x1d4e0, 2, 16, 1 },
    { 0x1d4e1, 0x1d4e1, 2, 17, 1 },
    { 0x1d4e2, 0x1d4e2, 2, 18, 1 },
    { 0x1d4e3, 0x1d4e3, 2, 19, 1 },
    { 0x1d4e4, 0x1d4e4, 2, 20, 1 },
    { 0x1d4e5, 0x1d4e5, 2, 21, 1 },
    { 0x1d4e6, 0x1d4e6, 2, 22, 1 },
    { 0x1d4e7, 0x1d4e7, 2, 23, 1 },
    { 0x1d4e8, 0x1d4e8, 2, 24, 1 },
    { 0x1d4e9, 0x1d4e9, 2, 25, 1 },
    { 0x1d4ea, 0x1d4ea, 2, 0, 1 },
    { 0x1d4eb, 0x1d4eb, 2, 1, 1 },
    { 0x1d4ec, 0x1d4ec, 2, 2, 1 },
    { 0x1d4ed, 0x1d4ed, 2, 3, 1 },
    { 0x1d4ee, 0x1d4ee, 2, 4, 1 },
    { 0x1d4ef, 0x1d4ef, 2, 5, 1 },
    { 0x1d4f0, 0x1d4f0, 2, 6, 1 },
    { 0x1d4f1, 0x1d4f1, 2, 7, 1 },
    { 0x1d4f2, 0x1d4f2, 2, 8, 1 },
    { 0x1d4f3, 0x1d4f3, 2, 9, 1 },
    { 0x1d4f4, 0x1d4f4, 2, 10, 1 },
    { 0x1d4f5, 0x1d4f5, 2, 11, 1 },
    { 0x1d4f6, 0x1d4f6, 2, 12, 1 },
    { 0x1d4f7, 0x1d4f7, 2, 13, 1 },
    { 0x1d4f8, 0x1d4f8, 2, 14, 1 },
    { 0x1d4f9, 0x1d4f9, 2, 15, 1 },
    { 0x1d4fa, 0x1d4fa, 2, 16, 1 },
    { 0x1d4fb, 0x1d4fb, 2, 17, 1 },
    { 0x1d4fc, 0x1d4fc, 2, 18, 1 },
    { 0x1d4fd, 0x1d4fd, 2, 19, 1 },
    { 0x1d4fe, 0x1d4fe, 2, 20, 1 },
    { 0x1d4ff, 0x1d4ff, 2, 21, 1 },
    { 0x1d500, 0x1d500, 2, 22, 1 },
    { 0x1d501, 0x1d501, 2, 23, 1 },
    { 0x1d502, 0x1d502, 2, 24, 1 },
    { 0x1d503, 0x1d503, 2, 25, 1 },
    { 0x1d504, 0x1d504, 2, 0, 1 },
    { 0x1d505, 0x1d505, 2, 1, 1 },
    { 0x1d506, 0x1d506, 3, 0, 0 },
    { 0x1d507, 0x1d507, 2, 3, 1 },
    { 0x1d508, 0x1d508, 2, 4, 1 },
    { 0x1d509, 0x1d509, 2, 5, 1 },
    { 0x1d50a, 0x1d50a, 2, 6, 1 },
    { 0x1d50b, 0x1d50c, 3, 0, 0 },
    { 0x1d50d, 0x1d50d, 2, 9, 1 },
    { 0x1d50e, 0x1d50e, 2, 10, 1 },
    { 0x1d50f, 0x1d50f, 2, 11, 1 },
    { 0x1d510, 0x1d510, 2, 12, 1 },
    { 0x1d511, 0x1d511, 2, 13, 1 },
    { 0x1d512, 0x1d512, 2, 14, 1 },
    { 0x1d513, 0x1d513, 2, 15, 1 },
    { 0x1d514, 0x1d514, 2, 16, 1 },
    { 0x1d515, 0x1d515, 3, 0, 0 },
    { 0x1d516, 0x1d516, 2, 18, 1 },
    { 0x1d517, 0x1d517, 2, 19, 1 },
    { 0x1d518, 0x1d518, 2, 20, 1 },
    { 0x1d519, 0x1d519, 2, 21, 1 },
    { 0x1d51a, 0x1d51a, 2, 22, 1 },
    { 0x1d51b, 0x1d51b, 2, 23, 1 },
    { 0x1d51c, 0x1d51c, 2, 24, 1 },
    { 0x1d51d, 0x1d51d, 3, 0, 0 },
    { 0x1d51e, 0x1d51e, 2, 0, 1 },
    { 0x1d51f, 0x1d51f, 2, 1, 1 },
    { 0x1d520, 0x1d520, 2, 2, 1 },
    { 0x1d521, 0x1d521, 2, 3, 1 },
    { 0x1d522, 0x1d522, 2, 4, 1 },
    { 0x1d523, 0x1d523, 2, 5, 1 },
    { 0x1d524, 0x1d524, 2, 6, 1 },
    { 0x1d525, 0x1d525, 2, 7, 1 },
    { 0x1d526, 0x1d526, 2, 8, 1 },
    { 0x1d527, 0x1d527, 2, 9, 1 },
    { 0x1d528, 0x1d528, 2, 10, 1 },
    { 0x1d529, 0x1d529, 2, 11, 1 },
    { 0x1d52a, 0x1d52a, 2, 12, 1 },
    { 0x1d52b, 0x1d52b, 2, 13, 1 },
    { 0x1d52c, 0x1d52c, 2, 14, 1 },
    { 0x1d52d, 0x1d52d, 2, 15, 1 },
    { 0x1d52e, 0x1d52e, 2, 16, 1 },
    { 0x1d52f, 0x1d52f, 2, 17, 1 },
    { 0x1d530, 0x1d530, 2, 18, 1 },
    { 0x1d531, 0x1d531, 2, 19, 1 },
    { 0x1d532, 0x1d532, 2, 20, 1 },
    { 0x1d533, 0x1d533, 2, 21, 1 },
    { 0x1d534, 0x1d534, 2, 22, 1 },
    { 0x1d535, 0x1d535, 2, 23, 1 },
    { 0x1d536, 0x1d536, 2, 24, 1 },
    { 0x1d537, 0x1d537, 2, 25, 1 },
    { 0x1d538, 0x1d538, 2, 0, 1 },
    { 0x1d539, 0x1d539, 2, 1, 1 },
    { 0x1d53a, 0x1d53a, 3, 0, 0 },
    { 0x1d53b, 0x1d53b, 2, 3, 1 },
    { 0x1d53c, 0x1d53c, 2, 4, 1 },
    { 0x1d53d, 0x1d53d, 2, 5, 1 },
    { 0x1d53e, 0x1d53e, 2, 6, 1 },
    { 0x1d53f, 0x1d53f, 3, 0, 0 },
    { 0x1d540, 0x1d540, 2, 8, 1 },
    { 0x1d541, 0x1d541, 2, 9, 1 },
    { 0x1d542, 0x1d542, 2, 10, 1 },
    { 0x1d543, 0x1d543, 2, 11, 1 },
    { 0x1d544, 0x1d544, 2, 12, 1 },
    { 0x1d545, 0x1d545, 3, 0, 0 },
    { 0x1d546, 0x1d546, 2, 14, 1 },
    { 0x1d547, 0x1d549, 3, 0, 0 },
    { 0x1d54a, 0x1d54a, 2, 18, 1 },
    { 0x1d54b, 0x1d54b, 2, 19, 1 },
    { 0x1d54c, 0x1d54c, 2, 20, 1 },
    { 0x1d54d, 0x1d54d, 2, 21, 1 },
    { 0x1d54e, 0x1d54e, 2, 22, 1 },
    { 0x1d54f, 0x1d54f, 2, 23, 1 },
    { 0x1d550, 0x1d550, 2, 24, 1 },
    { 0x1d551, 0x1d551, 3, 0, 0 },
    { 0x1d552, 0x1d552, 2, 0, 1 },
    { 0x1d553, 0x1d553, 2, 1, 1 },
    { 0x1d554, 0x1d554, 2, 2, 1 },
    { 0x1d555, 0x1d555, 2, 3, 1 },
    { 0x1d556, 0x1d556, 2, 4, 1 },
    { 0x1d557, 0x1d557, 2, 5, 1 },
    { 0x1d558, 0x1d558, 2, 6, 1 },
    { 0x1d559, 0x1d559, 2, 7, 1 },
    { 0x1d55a, 0x1d55a, 2, 8, 1 },
    { 0x1d55b, 0x1d55b, 2, 9, 1 },
    { 0x1d55c, 0x1d55c, 2, 10, 1 },
    { 0x1d55d, 0x1d55d, 2, 11, 1 },
    { 0x1d55e, 0x1d55e, 2, 12, 1 },
    { 0x1d55f, 0x1d55f, 2, 13, 1 },
    { 0x1d560, 0x1d560, 2, 14, 1 },
    { 0x1d561, 0x1d561, 2, 15, 1 },
    { 0x1d562, 0x1d562, 2, 16, 1 },
    { 0x1d563, 0x1d563, 2, 17, 1 },
    { 0x1d564, 0x1d564, 2, 18, 1 },
    { 0x1d565, 0x1d565, 2, 19, 1 },
    { 0x1d566, 0x1d566, 2, 20, 1 },
    { 0x1d567, 0x1d567, 2, 21, 1 },
    { 0x1d568, 0x1d568, 2, 22, 1 },
    { 0x1d569, 0x1d569, 2, 23, 1 },
    { 0x1d56a, 0x1d56a, 2, 24, 1 },
    { 0x1d56b, 0x1d56b, 2, 25, 1 },
    { 0x1d56c, 0x1d56c, 2, 0, 1 },
    { 0x1d56d, 0x1d56d, 2, 1, 1 },
    { 0x1d56e, 0x1d56e, 2, 2, 1 },
    { 0x1d56f, 0x1d56f, 2, 3, 1 },
    { 0x1d570, 0x1d570, 2, 4, 1 },
    { 0x1d571, 0x1d571, 2, 5, 1 },
    { 0x1d572, 0x1d572, 2, 6, 1 },
    { 0x1d573, 0x1d573, 2, 7, 1 },
    { 0x1d574, 0x1d574, 2, 8, 1 },
    { 0x1d575, 0x1d575, 2, 9, 1 },
    { 0x1d576, 0x1d576, 2, 10, 1 },
    { 0x1d577, 0x1d577, 2, 11, 1 },
    { 0x1d578, 0x1d578, 2, 12, 1 },
    { 0x1d579, 0x1d579, 2, 13, 1 },
    { 0x1d57a, 0x1d57a, 2, 14, 1 },
    { 0x1d57b, 0x1d57b, 2, 15, 1 },
    { 0x1d57c, 0x1d57c, 2, 16, 1 },
    { 0x1d57d, 0x1d57d, 2, 17, 1 },
    { 0x1d57e, 0x1d57e, 2, 18, 1 },
    { 0x1d57f, 0x1d57f, 2, 19, 1 },
    { 0x1d580, 0x1d580, 2, 20, 1 },
    { 0x1d581, 0x1d581, 2, 21, 1 },
    { 0x1d582, 0x1d582, 2, 22, 1 },
    { 0x1d583, 0x1d583, 2, 23, 1 },
    { 0x1d584, 0x1d584, 2, 24, 1 },
    { 0x1d585, 0x1d585, 2, 25, 1 },
    { 0x1d586, 0x1d586, 2, 0, 1 },
    { 0x1d587, 0x1d587, 2, 1, 1 },
    { 0x1d588, 0x1d588, 2, 2, 1 },
    { 0x1d589, 0x1d589, 2, 3, 1 },
    { 0x1d58a, 0x1d58a, 2, 4, 1 },
    { 0x1d58b, 0x1d58b, 2, 5, 1 },
    { 0x1d58c, 0x1d58c, 2, 6, 1 },
    { 0x1d58d, 0x1d58d, 2, 7, 1 },
    { 0x1d58e, 0x1d58e, 2, 8, 1 },
    { 0x1d58f, 0x1d58f, 2, 9, 1 },
    { 0x1d590, 0x1d590, 2, 10, 1 },
    { 0x1d591, 0x1d591, 2, 11, 1 },
    { 0x1d592, 0x1d592, 2, 12, 1 },
    { 0x1d593, 0x1d593, 2, 13, 1 },
    { 0x1d594, 0x1d594, 2, 14, 1 },
    { 0x1d595, 0x1d595, 2, 15, 1 },
    { 0x1d596, 0x1d596, 2, 16, 1 },
    { 0x1d597, 0x1d597, 2, 17, 1 },
    { 0x1d598, 0x1d598, 2, 18, 1 },
    { 0x1d599, 0x1d599, 2, 19, 1 },
    { 0x1d59a, 0x1d59a, 2, 20, 1 },
    { 0x1d59b, 0x1d59b, 2, 21, 1 },
    { 0x1d59c, 0x1d59c, 2, 22, 1 },
    { 0x1d59d, 0x1d59d, 2, 23, 1 },
    { 0x1d59e, 0x1d59e, 2, 24, 1 },
    { 0x1d59f, 0x1d59f, 2, 25, 1 },
    { 0x1d5a0, 0x1d5a0, 2, 0, 1 },
    { 0x1d5a1, 0x1d5a1, 2, 1, 1 },
    { 0x1d5a2, 0x1d5a2, 2, 2, 1 },
    { 0x1d5a3, 0x1d5a3, 2, 3, 1 },
    { 0x1d5a4, 0x1d5a4, 2, 4, 1 },
    { 0x1d5a5, 0x1d5a5, 2, 5, 1 },
    { 0x1d5a6, 0x1d5a6, 2, 6, 1 },
    { 0x1d5a7, 0x1d5a7, 2, 7, 1 },
    { 0x1d5a8, 0x1d5a8, 2, 8, 1 },
    { 0x1d5a9, 0x1d5a9, 2, 9, 1 },
    { 0x1d5aa, 0x1d5aa, 2, 10, 1 },
    { 0x1d5ab, 0x1d5ab, 2, 11, 1 },
    { 0x1d5ac, 0x1d5ac, 2, 12, 1 },
    { 0x1d5ad, 0x1d5ad, 2, 13, 1 },
    { 0x1d5ae, 0x1d5ae, 2, 14, 1 },
    { 0x1d5af, 0x1d5af, 2, 15, 1 },
    { 0x1d5b0, 0x1d5b0, 2, 16, 1 },
    { 0x1d5b1, 0x1d5b1, 2, 17, 1 },
    { 0x1d5b2, 0x1d5b2, 2, 18, 1 },
    { 0x1d5b3, 0x1d5b3, 2, 19, 1 },
    { 0x1d5b4, 0x1d5b4, 2, 20, 1 },
    { 0x1d5b5, 0x1d5b5, 2, 21, 1 },
    { 0x1d5b6, 0x1d5b6, 2, 22, 1 },
    { 0x1d5b7, 0x1d5b7, 2, 23, 1 },
    { 0x1d5b8, 0x1d5b8, 2, 24, 1 },
    { 0x1d5b9, 0x1d5b9, 2, 25, 1 },
    { 0x1d5ba, 0x1d5ba, 2, 0, 1 },
    { 0x1d5bb, 0x1d5bb, 2, 1, 1 },
    { 0x1d5bc, 0x1d5bc, 2, 2, 1 },
    { 0x1d5bd, 0x1d5bd, 2, 3, 1 },
    { 0x1d5be, 0x1d5be, 2, 4, 1 },
    { 0x1d5bf, 0x1d5bf, 2, 5, 1 },
    { 0x1d5c0, 0x1d5c0, 2, 6, 1 },
    { 0x1d5c1, 0x1d5c1, 2, 7, 1 },
    { 0x1d5c2, 0x1d5c2, 2, 8, 1 },
    { 0x1d5c3, 0x1d5c3, 2, 9, 1 },
    { 0x1d5c4, 0x1d5c4, 2, 10, 1 },
    { 0x1d5c5, 0x1d5c5, 2, 11, 1 },
    { 0x1d5c6, 0x1d5c6, 2, 12, 1 },
    { 0x1d5c7, 0x1d5c7, 2, 13, 1 },
    { 0x1d5c8, 0x1d5c8, 2, 14, 1 },
    { 0x1d5c9, 0x1d5c9, 2, 15, 1 },
    { 0x1d5ca, 0x1d5ca, 2, 16, 1 },
    { 0x1d5cb, 0x1d5cb, 2, 17, 1 },
    { 0x1d5cc, 0x1d5cc, 2, 18, 1 },
    { 0x1d5cd, 0x1d5cd, 2, 19, 1 },
    { 0x1d5ce, 0x1d5ce, 2, 20, 1 },
    { 0x1d5cf, 0x1d5cf, 2, 21, 1 },
    { 0x1d5d0, 0x1d5d0, 2, 22, 1 },
    { 0x1d5d1, 0x1d5d1, 2, 23, 1 },
    { 0x1d5d2, 0x1d5d2, 2, 24, 1 },
    { 0x1d5d3, 0x1d5d3, 2, 25, 1 },
    { 0x1d5d4, 0x1d5d4, 2, 0, 1 },
    { 0x1d5d5, 0x1d5d5, 2, 1, 1 },
    { 0x1d5d6, 0x1d5d6, 2, 2, 1 },
    { 0x1d5d7, 0x1d5d7, 2, 3, 1 },
    { 0x1d5d8, 0x1d5d8, 2, 4, 1 },
    { 0x1d5d9, 0x1d5d9, 2, 5, 1 },
    { 0x1d5da, 0x1d5da, 2, 6, 1 },
    { 0x1d5db, 0x1d5db, 2, 7, 1 },
    { 0x1d5dc, 0x1d5dc, 2, 8, 1 },
    { 0x1d5dd, 0x1d5dd, 2, 9, 1 },
    { 0x1d5de, 0x1d5de, 2, 10, 1 },
    { 0x1d5df, 0x1d5df, 2, 11, 1 },
    { 0x1d5e0, 0x1d5e0, 2, 12, 1 },
    { 0x1d5e1, 0x1d5e1, 2, 13, 1 },
    { 0x1d5e2, 0x1d5e2, 2, 14, 1 },
    { 0x1d5e3, 0x1d5e3, 2, 15, 1 },
    { 0x1d5e4, 0x1d5e4, 2, 16, 1 },
    { 0x1d5e5, 0x1d5e5, 2, 17, 1 },
    { 0x1d5e6, 0x1d5e6, 2, 18, 1 },
    { 0x1d5e7, 0x1d5e7, 2, 19, 1 },
    { 0x1d5e8, 0x1d5e8, 2, 20, 1 },
    { 0x1d5e9, 0x1d5e9, 2, 21, 1 },
    { 0x1d5ea, 0x1d5ea, 2, 22, 1 },
    { 0x1d5eb, 0x1d5eb, 2, 23, 1 },
    { 0x1d5ec, 0x1d5ec, 2, 24, 1 },
    { 0x1d5ed, 0x1d5ed, 2, 25, 1 },
    { 0x1d5ee, 0x1d5ee, 2, 0, 1 },
    { 0x1d5ef, 0x1d5ef, 2, 1, 1 },
    { 0x1d5f0, 0x1d5f0, 2, 2, 1 },
    { 0x1d5f1, 0x1d5f1, 2, 3, 1 },
    { 0x1d5f2, 0x1d5f2, 2, 4, 1 },
    { 0x1d5f3, 0x1d5f3, 2, 5, 1 },
    { 0x1d5f4, 0x1d5f4, 2, 6, 1 },
    { 0x1d5f5, 0x1d5f5, 2, 7, 1 },
    { 0x1d5f6, 0x1d5f6, 2, 8, 1 },
    { 0x1d5f7, 0x1d5f7, 2, 9, 1 },
    { 0x1d5f8, 0x1d5f8, 2, 10, 1 },
    { 0x1d5f9, 0x1d5f9, 2, 11, 1 },
    { 0x1d5fa, 0x1d5fa, 2, 12, 1 },
    { 0x1d5fb, 0x1d5fb, 2, 13, 1 },
    { 0x1d5fc, 0x1d5fc, 2, 14, 1 },
    { 0x1d5fd, 0x1d5fd, 2, 15, 1 },
    { 0x1d5fe, 0x1d5fe, 2, 16, 1 },
    { 0x1d5ff, 0x1d5ff, 2, 17, 1 },
    { 0x1d600, 0x1d600, 2, 18, 1 },
    { 0x1d601, 0x1d601, 2, 19, 1 },
    { 0x1d602, 0x1d602, 2, 20, 1 },
    { 0x1d603, 0x1d603, 2, 21, 1 },
    { 0x1d604, 0x1d604, 2, 22, 1 },
    { 0x1d605, 0x1d605, 2, 23, 1 },
    { 0x1d606, 0x1d606, 2, 24, 1 },
    { 0x1d607, 0x1d607, 2, 25, 1 },
    { 0x1d608, 0x1d608, 2, 0, 1 },
    { 0x1d609, 0x1d609, 2, 1, 1 },
    { 0x1d60a, 0x1d60a, 2, 2, 1 },
    { 0x1d60b, 0x1d60b, 2, 3, 1 },
    { 0x1d60c, 0x1d60c, 2, 4, 1 },
    { 0x1d60d, 0x1d60d, 2, 5, 1 },
    { 0x1d60e, 0x1d60e, 2, 6, 1 },
    { 0x1d60f, 0x1d60f, 2, 7, 1 },
    { 0x1d610, 0x1d610, 2, 8, 1 },
    { 0x1d611, 0x1d611, 2, 9, 1 },
    { 0x1d612, 0x1d612, 2, 10, 1 },
    { 0x1d613, 0x1d613, 2, 11, 1 },
    { 0x1d614, 0x1d614, 2, 12, 1 },
    { 0x1d615, 0x1d615, 2, 13, 1 },
    { 0x1d616, 0x1d616, 2, 14, 1 },
    { 0x1d617, 0x1d617, 2, 15, 1 },
    { 0x1d618, 0x1d618, 2, 16, 1 },
    { 0x1d619, 0x1d619, 2, 17, 1 },
    { 0x1d61a, 0x1d61a, 2, 18, 1 },
    { 0x1d61b, 0x1d61b, 2, 19, 1 },
    { 0x1d61c, 0x1d61c, 2, 20, 1 },
    { 0x1d61d, 0x1d61d, 2, 21, 1 },
    { 0x1d61e, 0x1d61e, 2, 22, 1 },
    { 0x1d61f, 0x1d61f, 2, 23, 1 },
    { 0x1d620, 0x1d620, 2, 24, 1 },
    { 0x1d621, 0x1d621, 2, 25, 1 },
    { 0x1d622, 0x1d622, 2, 0, 1 },
    { 0x1d623, 0x1d623, 2, 1, 1 },
    { 0x1d624, 0x1d624, 2, 2, 1 },
    { 0x1d625, 0x1d625, 2, 3, 1 },
    { 0x1d626, 0x1d626, 2, 4, 1 },
    { 0x1d627, 0x1d627, 2, 5, 1 },
    { 0x1d628, 0x1d628, 2, 6, 1 },
    { 0x1d629, 0x1d629, 2, 7, 1 },
    { 0x1d62a, 0x1d62a, 2, 8, 1 },
    { 0x1d62b, 0x1d62b, 2, 9, 1 },
    { 0x1d62c, 0x1d62c, 2, 10, 1 },
    { 0x1d62d, 0x1d62d, 2, 11, 1 },
    { 0x1d62e, 0x1d62e, 2, 12, 1 },
    { 0x1d62f, 0x1d62f, 2, 13, 1 },
    { 0x1d630, 0x1d630, 2, 14, 1 },
    { 0x1d631, 0x1d631, 2, 15, 1 },
    { 0x1d632, 0x1d632, 2, 16, 1 },
    { 0x1d633, 0x1d633, 2, 17, 1 },
    { 0x1d634, 0x1d634, 2, 18, 1 },
    { 0x1d635, 0x1d635, 2, 19, 1 },
    { 0x1d636, 0x1d636, 2, 20, 1 },
    { 0x1d637, 0x1d637, 2, 21, 1 },
    { 0x1d638, 0x1d638, 2, 22, 1 },
    { 0x1d639, 0x1d639, 2, 23, 1 },
    { 0x1d63a, 0x1d63a, 2, 24, 1 },
    { 0x1d63b, 0x1d63b, 2, 25, 1 },
    { 0x1d63c, 0x1d63c, 2, 0, 1 },
    { 0x1d63d, 0x1d63d, 2, 1, 1 },
    { 0x1d63e, 0x1d63e, 2, 2, 1 },
    { 0x1d63f, 0x1d63f, 2, 3, 1 },
    { 0x1d640, 0x1d640, 2, 4, 1 },
    { 0x1d641, 0x1d641, 2, 5, 1 },
    { 0x1d642, 0x1d642, 2, 6, 1 },
    { 0x1d643, 0x1d643, 2, 7, 1 },
    { 0x1d644, 0x1d644, 2, 8, 1 },
    { 0x1d645, 0x1d645, 2, 9, 1 },
    { 0x1d646, 0x1d646, 2, 10, 1 },
    { 0x1d647, 0x1d647, 2, 11, 1 },
    { 0x1d648, 0x1d648, 2, 12, 1 },
    { 0x1d649, 0x1d649, 2, 13, 1 },
    { 0x1d64a, 0x1d64a, 2, 14, 1 },
    { 0x1d64b, 0x1d64b, 2, 15, 1 },
    { 0x1d64c, 0x1d64c, 2, 16, 1 },
    { 0x1d64d, 0x1d64d, 2, 17, 1 },
    { 0x1d64e, 0x1d64e, 2, 18, 1 },
    { 0x1d64f, 0x1d64f, 2, 19, 1 },
    { 0x1d650, 0x1d650, 2, 20, 1 },
    { 0x1d651, 0x1d651, 2, 21, 1 },
    { 0x1d652, 0x1d652, 2, 22, 1 },
    { 0x1d653, 0x1d653, 2, 23, 1 },
    { 0x1d654, 0x1d654, 2, 24, 1 },
    { 0x1d655, 0x1d655, 2, 25, 1 },
    { 0x1d656, 0x1d656, 2, 0, 1 },
    { 0x1d657, 0x1d657, 2, 1, 1 },
    { 0x1d658, 0x1d658, 2, 2, 1 },
    { 0x1d659, 0x1d659, 2, 3, 1 },
    { 0x1d65a, 0x1d65a, 2, 4, 1 },
    { 0x1d65b, 0x1d65b, 2, 5, 1 },
    { 0x1d65c, 0x1d65c, 2, 6, 1 },
    { 0x1d65d, 0x1d65d, 2, 7, 1 },
    { 0x1d65e, 0x1d65e, 2, 8, 1 },
    { 0x1d65f, 0x1d65f, 2, 9, 1 },
    { 0x1d660, 0x1d660, 2, 10, 1 },
    { 0x1d661, 0x1d661, 2, 11, 1 },
    { 0x1d662, 0x1d662, 2, 12, 1 },
    { 0x1d663, 0x1d663, 2, 13, 1 },
    { 0x1d664, 0x1d664, 2, 14, 1 },
    { 0x1d665, 0x1d665, 2, 15, 1 },
    { 0x1d666, 0x1d666, 2, 16, 1 },
    { 0x1d667, 0x1d667, 2, 17, 1 },
    { 0x1d668, 0x1d668, 2, 18, 1 },
    { 0x1d669, 0x1d669, 2, 19, 1 },
    { 0x1d66a, 0x1d66a, 2, 20, 1 },
    { 0x1d66b, 0x1d66b, 2, 21, 1 },
    { 0x1d66c, 0x1d66c, 2, 22, 1 },
    { 0x1d66d, 0x1d66d, 2, 23, 1 },
    { 0x1d66e, 0x1d66e, 2, 24, 1 },
    { 0x1d66f, 0x1d66f, 2, 25, 1 },
    { 0x1d670, 0x1d670, 2, 0, 1 },
    { 0x1d671, 0x1d671, 2, 1, 1 },
    { 0x1d672, 0x1d672, 2, 2, 1 },
    { 0x1d673, 0x1d673, 2, 3, 1 },
    { 0x1d674, 0x1d674, 2, 4, 1 },
    { 0x1d675, 0x1d675, 2, 5, 1 },
    { 0x1d676, 0x1d676, 2, 6, 1 },
    { 0x1d677, 0x1d677, 2, 7, 1 },
    { 0x1d678, 0x1d678, 2, 8, 1 },
    { 0x1d679, 0x1d679, 2, 9, 1 },
    { 0x1d67a, 0x1d67a, 2, 10, 1 },
    { 0x1d67b, 0x1d67b, 2, 11, 1 },
    { 0x1d67c, 0x1d67c, 2, 12, 1 },
    { 0x1d67d, 0x1d67d, 2, 13, 1 },
    { 0x1d67e, 0x1d67e, 2, 14, 1 },
    { 0x1d67f, 0x1d67f, 2, 15, 1 },
    { 0x1d680, 0x1d680, 2, 16, 1 },
    { 0x1d681, 0x1d681, 2, 17, 1 },
    { 0x1d682, 0x1d682, 2, 18, 1 },
    { 0x1d683, 0x1d683, 2, 19, 1 },
    { 0x1d684, 0x1d684, 2, 20, 1 },
    { 0x1d685, 0x1d685, 2, 21, 1 },
    { 0x1d686, 0x1d686, 2, 22, 1 },
    { 0x1d687, 0x1d687, 2, 23, 1 },
    { 0x1d688, 0x1d688, 2, 24, 1 },
    { 0x1d689, 0x1d689, 2, 25, 1 },
    { 0x1d68a, 0x1d68a, 2, 0, 1 },
    { 0x1d68b, 0x1d68b, 2, 1, 1 },
    { 0x1d68c, 0x1d68c, 2, 2, 1 },
    { 0x1d68d, 0x1d68d, 2, 3, 1 },
    { 0x1d68e, 0x1d68e, 2, 4, 1 },
    { 0x1d68f, 0x1d68f, 2, 5, 1 },
    { 0x1d690, 0x1d690, 2, 6, 1 },
    { 0x1d691, 0x1d691, 2, 7, 1 },
    { 0x1d692, 0x1d692, 2, 8, 1 },
    { 0x1d693, 0x1d693, 2, 9, 1 },
    { 0x1d694, 0x1d694, 2, 10, 1 },
    { 0x1d695, 0x1d695, 2, 11, 1 },
    { 0x1d696, 0x1d696, 2, 12, 1 },
    { 0x1d697, 0x1d697, 2, 13, 1 },
    { 0x1d698, 0x1d698, 2, 14, 1 },
    { 0x1d699, 0x1d699, 2, 15, 1 },
    { 0x1d69a, 0x1d69a, 2, 16, 1 },
    { 0x1d69b, 0x1d69b, 2, 17, 1 },
    { 0x1d69c, 0x1d69c, 2, 18, 1 },
    { 0x1d69d, 0x1d69d, 2, 19, 1 },
    { 0x1d69e, 0x1d69e, 2, 20, 1 },
    { 0x1d69f, 0x1d69f, 2, 21, 1 },
    { 0x1d6a0, 0x1d6a0, 2, 22, 1 },
    { 0x1d6a1, 0x1d6a1, 2, 23, 1 },
    { 0x1d6a2, 0x1d6a2, 2, 24, 1 },
    { 0x1d6a3, 0x1d6a3, 2, 25, 1 },
    { 0x1d6a4, 0x1d6a4, 2, 4877, 1 },
    { 0x1d6a5, 0x1d6a5, 2, 4878, 1 },
    { 0x1d6a6, 0x1d6a7, 3, 0, 0 },
    { 0x1d6a8, 0x1d6a8, 2, 295, 1 },
    { 0x1d6a9, 0x1d6a9, 2, 296, 1 },
    { 0x1d6aa, 0x1d6aa, 2, 297, 1 },
    { 0x1d6ab, 0x1d6ab, 2, 298, 1 },
    { 0x1d6ac, 0x1d6ac, 2, 299, 1 },
    { 0x1d6ad, 0x1d6ad, 2, 300, 1 },
    { 0x1d6ae, 0x1d6ae, 2, 301, 1 },
    { 0x1d6af, 0x1d6af, 2, 302, 1 },
    { 0x1d6b0, 0x1d6b0, 2, 275, 1 },
    { 0x1d6b1, 0x1d6b1, 2, 303, 1 },
    { 0x1d6b2, 0x1d6b2, 2, 304, 1 },
    { 0x1d6b3, 0x1d6b3, 2, 35, 1 },
    { 0x1d6b4, 0x1d6b4, 2, 305, 1 },
    { 0x1d6b5, 0x1d6b5, 2, 306, 1 },
    { 0x1d6b6, 0x1d6b6, 2, 307, 1 },
    { 0x1d6b7, 0x1d6b7, 2, 308, 1 },
    { 0x1d6b8, 0x1d6b8, 2, 309, 1 },
    { 0x1d6b9, 0x1d6b9, 2, 302, 1 },
    { 0x1d6ba, 0x1d6ba, 2, 310, 1 },
    { 0x1d6bb, 0x1d6bb, 2, 311, 1 },
    { 0x1d6bc, 0x1d6bc, 2, 312, 1 },
    { 0x1d6bd, 0x1d6bd, 2, 313, 1 },
    { 0x1d6be, 0x1d6be, 2, 314, 1 },
    { 0x1d6bf, 0x1d6bf, 2, 315, 1 },
    { 0x1d6c0, 0x1d6c0, 2, 316, 1 },
    { 0x1d6c1, 0x1d6c1, 2, 4879, 1 },
    { 0x1d6c2, 0x1d6c2, 2, 295, 1 },
    { 0x1d6c3, 0x1d6c3, 2, 296, 1 },
    { 0x1d6c4, 0x1d6c4, 2, 297, 1 },
    { 0x1d6c5, 0x1d6c5, 2, 298, 1 },
    { 0x1d6c6, 0x1d6c6, 2, 299, 1 },
    { 0x1d6c7, 0x1d6c7, 2, 300, 1 },
    { 0x1d6c8, 0x1d6c8, 2, 301, 1 },
    { 0x1d6c9, 0x1d6c9, 2, 302, 1 },
    { 0x1d6ca, 0x1d6ca, 2, 275, 1 },
    { 0x1d6cb, 0x1d6cb, 2, 303, 1 },
    { 0x1d6cc, 0x1d6cc, 2, 304, 1 },
    { 0x1d6cd, 0x1d6cd, 2, 35, 1 },
    { 0x1d6ce, 0x1d6ce, 2, 305, 1 },
    { 0x1d6cf, 0x1d6cf, 2, 306, 1 },
    { 0x1d6d0, 0x1d6d0, 2, 307, 1 },
    { 0x1d6d1, 0x1d6d1, 2, 308, 1 },
    { 0x1d6d2, 0x1d6d2, 2, 309, 1 },
    { 0x1d6d3, 0x1d6d4, 2, 310, 1 },
    { 0x1d6d5, 0x1d6d5, 2, 311, 1 },
    { 0x1d6d6, 0x1d6d6, 2, 312, 1 },
    { 0x1d6d7, 0x1d6d7, 2, 313, 1 },
    { 0x1d6d8, 0x1d6d8, 2, 314, 1 },
    { 0x1d6d9, 0x1d6d9, 2, 315, 1 },
    { 0x1d6da, 0x1d6da, 2, 316, 1 },
    { 0x1d6db, 0x1d6db, 2, 4880, 1 },
    { 0x1d6dc, 0x1d6dc, 2, 299, 1 },
    { 0x1d6dd, 0x1d6dd, 2, 302, 1 },
    { 0x1d6de, 0x1d6de, 2, 303, 1 },
    { 0x1d6df, 0x1d6df, 2, 313, 1 },
    { 0x1d6e0, 0x1d6e0, 2, 309, 1 },
    { 0x1d6e1, 0x1d6e1, 2, 308, 1 },
    { 0x1d6e2, 0x1d6e2, 2, 295, 1 },
    { 0x1d6e3, 0x1d6e3, 2, 296, 1 },
    { 0x1d6e4, 0x1d6e4, 2, 297, 1 },
    { 0x1d6e5, 0x1d6e5, 2, 298, 1 },
    { 0x1d6e6, 0x1d6e6, 2, 299, 1 },
    { 0x1d6e7, 0x1d6e7, 2, 300, 1 },
    { 0x1d6e8, 0x1d6e8, 2, 301, 1 },
    { 0x1d6e9, 0x1d6e9, 2, 302, 1 },
    { 0x1d6ea, 0x1d6ea, 2, 275, 1 },
    { 0x1d6eb, 0x1d6eb, 2, 303, 1 },
    { 0x1d6ec, 0x1d6ec, 2, 304, 1 },
    { 0x1d6ed, 0x1d6ed, 2, 35, 1 },
    { 0x1d6ee, 0x1d6ee, 2, 305, 1 },
    { 0x1d6ef, 0x1d6ef, 2, 306, 1 },
    { 0x1d6f0, 0x1d6f0, 2, 307, 1 },
    { 0x1d6f1, 0x1d6f1, 2, 308, 1 },
    { 0x1d6f2, 0x1d6f2, 2, 309, 1 },
    { 0x1d6f3, 0x1d6f3, 2, 302, 1 },
    { 0x1d6f4, 0x1d6f4, 2, 310, 1 },
    { 0x1d6f5, 0x1d6f5, 2, 311, 1 },
    { 0x1d6f6, 0x1d6f6, 2, 312, 1 },
    { 0x1d6f7, 0x1d6f7, 2, 313, 1 },
    { 0x1d6f8, 0x1d6f8, 2, 314, 1 },
    { 0x1d6f9, 0x1d6f9, 2, 315, 1 },
    { 0x1d6fa, 0x1d6fa, 2, 316, 1 },
    { 0x1d6fb, 0x1d6fb, 2, 4879, 1 },
    { 0x1d6fc, 0x1d6fc, 2, 295, 1 },
    { 0x1d6fd, 0x1d6fd, 2, 296, 1 },
    { 0x1d6fe, 0x1d6fe, 2, 297, 1 },
    { 0x1d6ff, 0x1d6ff, 2, 298, 1 },
    { 0x1d700, 0x1d700, 2, 299, 1 },
    { 0x1d701, 0x1d701, 2, 300, 1 },
    { 0x1d702, 0x1d702, 2, 301, 1 },
    { 0x1d703, 0x1d703, 2, 302, 1 },
    { 0x1d704, 0x1d704, 2, 275, 1 },
    { 0x1d705, 0x1d705, 2, 303, 1 },
    { 0x1d706, 0x1d706, 2, 304, 1 },
    { 0x1d707, 0x1d707, 2, 35, 1 },
    { 0x1d708, 0x1d708, 2, 305, 1 },
    { 0x1d709, 0x1d709, 2, 306, 1 },
    { 0x1d70a, 0x1d70a, 2, 307, 1 },
    { 0x1d70b, 0x1d70b, 2, 308, 1 },
    { 0x1d70c, 0x1d70c, 2, 309, 1 },
    { 0x1d70d, 0x1d70e, 2, 310, 1 },
    { 0x1d70f, 0x1d70f, 2, 311, 1 },
    { 0x1d710, 0x1d710, 2, 312, 1 },
    { 0x1d711, 0x1d711, 2, 313, 1 },
    { 0x1d712, 0x1d712, 2, 314, 1 },
    { 0x1d713, 0x1d713, 2, 315, 1 },
    { 0x1d714, 0x1d714, 2, 316, 1 },
    { 0x1d715, 0x1d715, 2, 4880, 1 },
    { 0x1d716, 0x1d716, 2, 299, 1 },
    { 0x1d717, 0x1d717, 2, 302, 1 },
    { 0x1d718, 0x1d718, 2, 303, 1 },
    { 0x1d719, 0x1d719, 2, 313, 1 },
    { 0x1d71a, 0x1d71a, 2, 309, 1 },
    { 0x1d71b, 0x1d71b, 2, 308, 1 },
    { 0x1d71c, 0x1d71c, 2, 295, 1 },
    { 0x1d71d, 0x1d71d, 2, 296, 1 },
    { 0x1d71e, 0x1d71e, 2, 297, 1 },
    { 0x1d71f, 0x1d71f, 2, 298, 1 },
    { 0x1d720, 0x1d720, 2, 299, 1 },
    { 0x1d721, 0x1d721, 2, 300, 1 },
    { 0x1d722, 0x1d722, 2, 301, 1 },
    { 0x1d723, 0x1d723, 2, 302, 1 },
    { 0x1d724, 0x1d724, 2, 275, 1 },
    { 0x1d725, 0x1d725, 2, 303, 1 },
    { 0x1d726, 0x1d726, 2, 304, 1 },
    { 0x1d727, 0x1d727, 2, 35, 1 },
    { 0x1d728, 0x1d728, 2, 305, 1 },
    { 0x1d729, 0x1d729, 2, 306, 1 },
    { 0x1d72a, 0x1d72a, 2, 307, 1 },
    { 0x1d72b, 0x1d72b, 2, 308, 1 },
    { 0x1d72c, 0x1d72c, 2, 309, 1 },
    { 0x1d72d, 0x1d72d, 2, 302, 1 },
    { 0x1d72e, 0x1d72e, 2, 310, 1 },
    { 0x1d72f, 0x1d72f, 2, 311, 1 },
    { 0x1d730, 0x1d730, 2, 312, 1 },
    { 0x1d731, 0x1d731, 2, 313, 1 },
    { 0x1d732, 0x1d732, 2, 314, 1 },
    { 0x1d733, 0x1d733, 2, 315, 1 },
    { 0x1d734, 0x1d734, 2, 316, 1 },
    { 0x1d735, 0x1d735, 2, 4879, 1 },
    { 0x1d736, 0x1d736, 2, 295, 1 },
    { 0x1d737, 0x1d737, 2, 296, 1 },
    { 0x1d738, 0x1d738, 2, 297, 1 },
    { 0x1d739, 0x1d739, 2, 298, 1 },
    { 0x1d73a, 0x1d73a, 2, 299, 1 },
    { 0x1d73b, 0x1d73b, 2, 300, 1 },
    { 0x1d73c, 0x1d73c, 2, 301, 1 },
    { 0x1d73d, 0x1d73d, 2, 302, 1 },
    { 0x1d73e, 0x1d73e, 2, 275, 1 },
    { 0x1d73f, 0x1d73f, 2, 303, 1 },
    { 0x1d740, 0x1d740, 2, 304, 1 },
    { 0x1d741, 0x1d741, 2, 35, 1 },
    { 0x1d742, 0x1d742, 2, 305, 1 },
    { 0x1d743, 0x1d743, 2, 306, 1 },
    { 0x1d744, 0x1d744, 2, 307, 1 },
    { 0x1d745, 0x1d745, 2, 308, 1 },
    { 0x1d746, 0x1d746, 2, 309, 1 },
    { 0x1d747, 0x1d748, 2, 310, 1 },
    { 0x1d749, 0x1d749, 2, 311, 1 },
    { 0x1d74a, 0x1d74a, 2, 312, 1 },
    { 0x1d74b, 0x1d74b, 2, 313, 1 },
    { 0x1d74c, 0x1d74c, 2, 314, 1 },
    { 0x1d74d, 0x1d74d, 2, 315, 1 },
    { 0x1d74e, 0x1d74e, 2, 316, 1 },
    { 0x1d74f, 0x1d74f, 2, 4880, 1 },
    { 0x1d750, 0x1d750, 2, 299, 1 },
    { 0x1d751, 0x1d751, 2, 302, 1 },
    { 0x1d752, 0x1d752, 2, 303, 1 },
    { 0x1d753, 0x1d753, 2, 313, 1 },
    { 0x1d754, 0x1d754, 2, 309, 1 },
    { 0x1d755, 0x1d755, 2, 308, 1 },
    { 0x1d756, 0x1d756, 2, 295, 1 },
    { 0x1d757, 0x1d757, 2, 296, 1 },
    { 0x1d758, 0x1d758, 2, 297, 1 },
    { 0x1d759, 0x1d759, 2, 298, 1 },
    { 0x1d75a, 0x1d75a, 2, 299, 1 },
    { 0x1d75b, 0x1d75b, 2, 300, 1 },
    { 0x1d75c, 0x1d75c, 2, 301, 1 },
    { 0x1d75d, 0x1d75d, 2, 302, 1 },
    { 0x1d75e, 0x1d75e, 2, 275, 1 },
    { 0x1d75f, 0x1d75f, 2, 303, 1 },
    { 0x1d760, 0x1d760, 2, 304, 1 },
    { 0x1d761, 0x1d761, 2, 35, 1 },
    { 0x1d762, 0x1d762, 2, 305, 1 },
    { 0x1d763, 0x1d763, 2, 306, 1 },
    { 0x1d764, 0x1d764, 2, 307, 1 },
    { 0x1d765, 0x1d765, 2, 308, 1 },
    { 0x1d766, 0x1d766, 2, 309, 1 },
    { 0x1d767, 0x1d767, 2, 302, 1 },
    { 0x1d768, 0x1d768, 2, 310, 1 },
    { 0x1d769, 0x1d769, 2, 311, 1 },
    { 0x1d76a, 0x1d76a, 2, 312, 1 },
    { 0x1d76b, 0x1d76b, 2, 313, 1 },
    { 0x1d76c, 0x1d76c, 2, 314, 1 },
    { 0x1d76d, 0x1d76d, 2, 315, 1 },
    { 0x1d76e, 0x1d76e, 2, 316, 1 },
    { 0x1d76f, 0x1d76f, 2, 4879, 1 },
    { 0x1d770, 0x1d770, 2, 295, 1 },
    { 0x1d771, 0x1d771, 2, 296, 1 },
    { 0x1d772, 0x1d772, 2, 297, 1 },
    { 0x1d773, 0x1d773, 2, 298, 1 },
    { 0x1d774, 0x1d774, 2, 299, 1 },
    { 0x1d775, 0x1d775, 2, 300, 1 },
    { 0x1d776, 0x1d776, 2, 301, 1 },
    { 0x1d777, 0x1d777, 2, 302, 1 },
    { 0x1d778, 0x1d778, 2, 275, 1 },
    { 0x1d779, 0x1d779, 2, 303, 1 },
    { 0x1d77a, 0x1d77a, 2, 304, 1 },
    { 0x1d77b, 0x1d77b, 2, 35, 1 },
    { 0x1d77c, 0x1d77c, 2, 305, 1 },
    { 0x1d77d, 0x1d77d, 2, 306, 1 },
    { 0x1d77e, 0x1d77e, 2, 307, 1 },
    { 0x1d77f, 0x1d77f, 2, 308, 1 },
    { 0x1d780, 0x1d780, 2, 309, 1 },
    { 0x1d781, 0x1d782, 2, 310, 1 },
    { 0x1d783, 0x1d783, 2, 311, 1 },
    { 0x1d784, 0x1d784, 2, 312, 1 },
    { 0x1d785, 0x1d785, 2, 313, 1 },
    { 0x1d786, 0x1d786, 2, 314, 1 },
    { 0x1d787, 0x1d787, 2, 315, 1 },
    { 0x1d788, 0x1d788, 2, 316, 1 },
    { 0x1d789, 0x1d789, 2, 4880, 1 },
    { 0x1d78a, 0x1d78a, 2, 299, 1 },
    { 0x1d78b, 0x1d78b, 2, 302, 1 },
    { 0x1d78c, 0x1d78c, 2, 303, 1 },
    { 0x1d78d, 0x1d78d, 2, 313, 1 },
    { 0x1d78e, 0x1d78e, 2, 309, 1 },
    { 0x1d78f, 0x1d78f, 2, 308, 1 },
    { 0x1d790, 0x1d790, 2, 295, 1 },
    { 0x1d791, 0x1d791, 2, 296, 1 },
    { 0x1d792, 0x1d792, 2, 297, 1 },
    { 0x1d793, 0x1d793, 2, 298, 1 },
    { 0x1d794, 0x1d794, 2, 299, 1 },
    { 0x1d795, 0x1d795, 2, 300, 1 },
    { 0x1d796, 0x1d796, 2, 301, 1 },
    { 0x1d797, 0x1d797, 2, 302, 1 },
    { 0x1d798, 0x1d798, 2, 275, 1 },
    { 0x1d799, 0x1d799, 2, 303, 1 },
    { 0x1d79a, 0x1d79a, 2, 304, 1 },
    { 0x1d79b, 0x1d79b, 2, 35, 1 },
    { 0x1d79c, 0x1d79c, 2, 305, 1 },
    { 0x1d79d, 0x1d79d, 2, 306, 1 },
    { 0x1d79e, 0x1d79e, 2, 307, 1 },
    { 0x1d79f, 0x1d79f, 2, 308, 1 },
    { 0x1d7a0, 0x1d7a0, 2, 309, 1 },
    { 0x1d7a1, 0x1d7a1, 2, 302, 1 },
    { 0x1d7a2, 0x1d7a2, 2, 310, 1 },
    { 0x1d7a3, 0x1d7a3, 2, 311, 1 },
    { 0x1d7a4, 0x1d7a4, 2, 312, 1 },
    { 0x1d7a5, 0x1d7a5, 2, 313, 1 },
    { 0x1d7a6, 0x1d7a6, 2, 314, 1 },
    { 0x1d7a7, 0x1d7a7, 2, 315, 1 },
    { 0x1d7a8, 0x1d7a8, 2, 316, 1 },
    { 0x1d7a9, 0x1d7a9, 2, 4879, 1 },
    { 0x1d7aa, 0x1d7aa, 2, 295, 1 },
    { 0x1d7ab, 0x1d7ab, 2, 296, 1 },
    { 0x1d7ac, 0x1d7ac, 2, 297, 1 },
    { 0x1d7ad, 0x1d7ad, 2, 298, 1 },
    { 0x1d7ae, 0x1d7ae, 2, 299, 1 },
    { 0x1d7af, 0x1d7af, 2, 300, 1 },
    { 0x1d7b0, 0x1d7b0, 2, 301, 1 },
    { 0x1d7b1, 0x1d7b1, 2, 302, 1 },
    { 0x1d7b2, 0x1d7b2, 2, 275, 1 },
    { 0x1d7b3, 0x1d7b3, 2, 303, 1 },
    { 0x1d7b4, 0x1d7b4, 2, 304, 1 },
    { 0x1d7b5, 0x1d7b5, 2, 35, 1 },
    { 0x1d7b6, 0x1d7b6, 2, 305, 1 },
    { 0x1d7b7, 0x1d7b7, 2, 306, 1 },
    { 0x1d7b8, 0x1d7b8, 2, 307, 1 },
    { 0x1d7b9, 0x1d7b9, 2, 308, 1 },
    { 0x1d7ba, 0x1d7ba, 2, 309, 1 },
    { 0x1d7bb, 0x1d7bc, 2, 310, 1 },
    { 0x1d7bd, 0x1d7bd, 2, 311, 1 },
    { 0x1d7be, 0x1d7be, 2, 312, 1 },
    { 0x1d7bf, 0x1d7bf, 2, 313, 1 },
    { 0x1d7c0, 0x1d7c0, 2, 314, 1 },
    { 0x1d7c1, 0x1d7c1, 2, 315, 1 },
    { 0x1d7c2, 0x1d7c2, 2, 316, 1 },
    { 0x1d7c3, 0x1d7c3, 2, 4880, 1 },
    { 0x1d7c4, 0x1d7c4, 2, 299, 1 },
    { 0x1d7c5, 0x1d7c5, 2, 302, 1 },
    { 0x1d7c6, 0x1d7c6, 2, 303, 1 },
    { 0x1d7c7, 0x1d7c7, 2, 313, 1 },
    { 0x1d7c8, 0x1d7c8, 2, 309, 1 },
    { 0x1d7c9, 0x1d7c9, 2, 308, 1 },
    { 0x1d7ca, 0x1d7cb, 2, 322, 1 },
    { 0x1d7cc, 0x1d7cd, 3, 0, 0 },
    { 0x1d7ce, 0x1d7ce, 2, 1063, 1 },
    { 0x1d7cf, 0x1d7cf, 2, 38, 1 },
    { 0x1d7d0, 0x1d7d0, 2, 31, 1 },
    { 0x1d7d1, 0x1d7d1, 2, 32, 1 },
    { 0x1d7d2, 0x1d7d2, 2, 1064, 1 },
    { 0x1d7d3, 0x1d7d3, 2, 1065, 1 },
    { 0x1d7d4, 0x1d7d4, 2, 1066, 1 },
    { 0x1d7d5, 0x1d7d5, 2, 1067, 1 },
    { 0x1d7d6, 0x1d7d6, 2, 1068, 1 },
    { 0x1d7d7, 0x1d7d7, 2, 1069, 1 },
    { 0x1d7d8, 0x1d7d8, 2, 1063, 1 },
    { 0x1d7d9, 0x1d7d9, 2, 38, 1 },
    { 0x1d7da, 0x1d7da, 2, 31, 1 },
    { 0x1d7db, 0x1d7db, 2, 32, 1 },
    { 0x1d7dc, 0x1d7dc, 2, 1064, 1 },
    { 0x1d7dd, 0x1d7dd, 2, 1065, 1 },
    { 0x1d7de, 0x1d7de, 2, 1066, 1 },
    { 0x1d7df, 0x1d7df, 2, 1067, 1 },
    { 0x1d7e0, 0x1d7e0, 2, 1068, 1 },
    { 0x1d7e1, 0x1d7e1, 2, 1069, 1 },
    { 0x1d7e2, 0x1d7e2, 2, 1063, 1 },
    { 0x1d7e3, 0x1d7e3, 2, 38, 1 },
    { 0x1d7e4, 0x1d7e4, 2, 31, 1 },
    { 0x1d7e5, 0x1d7e5, 2, 32, 1 },
    { 0x1d7e6, 0x1d7e6, 2, 1064, 1 },
    { 0x1d7e7, 0x1d7e7, 2, 1065, 1 },
    { 0x1d7e8, 0x1d7e8, 2, 1066, 1 },
    { 0x1d7e9, 0x1d7e9, 2, 1067, 1 },
    { 0x1d7ea, 0x1d7ea, 2, 1068, 1 },
    { 0x1d7eb, 0x1d7eb, 2, 1069, 1 },
    { 0x1d7ec, 0x1d7ec, 2, 1063, 1 },
    { 0x1d7ed, 0x1d7ed, 2, 38, 1 },
    { 0x1d7ee, 0x1d7ee, 2, 31, 1 },
    { 0x1d7ef, 0x1d7ef, 2, 32, 1 },
    { 0x1d7f0, 0x1d7f0, 2, 1064, 1 },
    { 0x1d7f1, 0x1d7f1, 2, 1065, 1 },
    { 0x1d7f2, 0x1d7f2, 2, 1066, 1 },
    { 0x1d7f3, 0x1d7f3, 2, 1067, 1 },
    { 0x1d7f4, 0x1d7f4, 2, 1068, 1 },
    { 0x1d7f5, 0x1d7f5, 2, 1069, 1 },
    { 0x1d7f6, 0x1d7f6, 2, 1063, 1 },
    { 0x1d7f7, 0x1d7f7, 2, 38, 1 },
    { 0x1d7f8, 0x1d7f8, 2, 31, 1 },
    { 0x1d7f9, 0x1d7f9, 2, 32, 1 },
    { 0x1d7fa, 0x1d7fa, 2, 1064, 1 },
    { 0x1d7fb, 0x1d7fb, 2, 1065, 1 },
    { 0x1d7fc, 0x1d7fc, 2, 1066, 1 },
    { 0x1d7fd, 0x1d7fd, 2, 1067, 1 },
    { 0x1d7fe, 0x1d7fe, 2, 1068, 1 },
    { 0x1d7ff, 0x1d7ff, 2, 1069, 1 },
    { 0x1d800, 0x1da8b, 0, 0, 0 },
    { 0x1da8c, 0x1da9a, 3, 0, 0 },
    { 0x1da9b, 0x1da9f, 0, 0, 0 },
    { 0x1daa0, 0x1daa0, 3, 0, 0 },
    { 0x1daa1, 0x1daaf, 0, 0, 0 },
    { 0x1dab0, 0x1deff, 3, 0, 0 },
    { 0x1df00, 0x1df1e, 0, 0, 0 },
    { 0x1df1f, 0x1df24, 3, 0, 0 },
    { 0x1df25, 0x1df2a, 0, 0, 0 },
    { 0x1df2b, 0x1dfff, 3, 0, 0 },
    { 0x1e000, 0x1e006, 0, 0, 0 },
    { 0x1e007, 0x1e007, 3, 0, 0 },
    { 0x1e008, 0x1e018, 0, 0, 0 },
    { 0x1e019, 0x1e01a, 3, 0, 0 },
    { 0x1e01b, 0x1e021, 0, 0, 0 },
    { 0x1e022, 0x1e022, 3, 0, 0 },
    { 0x1e023, 0x1e024, 0, 0, 0 },
    { 0x1e025, 0x1e025, 3, 0, 0 },
    { 0x1e026, 0x1e02a, 0, 0, 0 },
    { 0x1e02b, 0x1e02f, 3, 0, 0 },
    { 0x1e030, 0x1e030, 2, 353, 1 },
    { 0x1e031, 0x1e031, 2, 354, 1 },
    { 0x1e032, 0x1e032, 2, 355, 1 },
    { 0x1e033, 0x1e033, 2, 356, 1 },
    { 0x1e034, 0x1e034, 2, 357, 1 },
    { 0x1e035, 0x1e035, 2, 358, 1 },
    { 0x1e036, 0x1e036, 2, 359, 1 },
    { 0x1e037, 0x1e037, 2, 360, 1 },
    { 0x1e038, 0x1e038, 2, 361, 1 },
    { 0x1e039, 0x1e039, 2, 363, 1 },
    { 0x1e03a, 0x1e03a, 2, 364, 1 },
    { 0x1e03b, 0x1e03b, 2, 365, 1 },
    { 0x1e03c, 0x1e03c, 2, 367, 1 },
    { 0x1e03d, 0x1e03d, 2, 368, 1 },
    { 0x1e03e, 0x1e03e, 2, 369, 1 },
    { 0x1e03f, 0x1e03f, 2, 370, 1 },
    { 0x1e040, 0x1e040, 2, 371, 1 },
    { 0x1e041, 0x1e041, 2, 372, 1 },
    { 0x1e042, 0x1e042, 2, 373, 1 },
    { 0x1e043, 0x1e043, 2, 374, 1 },
    { 0x1e044, 0x1e044, 2, 375, 1 },
    { 0x1e045, 0x1e045, 2, 376, 1 },
    { 0x1e046, 0x1e046, 2, 377, 1 },
    { 0x1e047, 0x1e047, 2, 380, 1 },
    { 0x1e048, 0x1e048, 2, 382, 1 },
    { 0x1e049, 0x1e049, 2, 383, 1 },
    { 0x1e04a, 0x1e04a, 2, 2960, 1 },
    { 0x1e04b, 0x1e04b, 2, 441, 1 },
    { 0x1e04c, 0x1e04c, 2, 343, 1 },
    { 0x1e04d, 0x1e04d, 2, 345, 1 },
    { 0x1e04e, 0x1e04e, 2, 449, 1 },
    { 0x1e04f, 0x1e04f, 2, 420, 1 },
    { 0x1e050, 0x1e050, 2, 429, 1 },
    { 0x1e051, 0x1e051, 2, 353, 1 },
    { 0x1e052, 0x1e052, 2, 354, 1 },
    { 0x1e053, 0x1e053, 2, 355, 1 },
    { 0x1e054, 0x1e054, 2, 356, 1 },
    { 0x1e055, 0x1e055, 2, 357, 1 },
    { 0x1e056, 0x1e056, 2, 358, 1 },
    { 0x1e057, 0x1e057, 2, 359, 1 },
    { 0x1e058, 0x1e058, 2, 360, 1 },
    { 0x1e059, 0x1e059, 2, 361, 1 },
    { 0x1e05a, 0x1e05a, 2, 363, 1 },
    { 0x1e05b, 0x1e05b, 2, 364, 1 },
    { 0x1e05c, 0x1e05c, 2, 367, 1 },
    { 0x1e05d, 0x1e05d, 2, 368, 1 },
    { 0x1e05e, 0x1e05e, 2, 370, 1 },
    { 0x1e05f, 0x1e05f, 2, 372, 1 },
    { 0x1e060, 0x1e060, 2, 373, 1 },
    { 0x1e061, 0x1e061, 2, 374, 1 },
    { 0x1e062, 0x1e062, 2, 375, 1 },
    { 0x1e063, 0x1e063, 2, 376, 1 },
    { 0x1e064, 0x1e064, 2, 377, 1 },
    { 0x1e065, 0x1e065, 2, 379, 1 },
    { 0x1e066, 0x1e066, 2, 380, 1 },
    { 0x1e067, 0x1e067, 2, 405, 1 },
    { 0x1e068, 0x1e068, 2, 343, 1 },
    { 0x1e069, 0x1e069, 2, 342, 1 },
    { 0x1e06a, 0x1e06a, 2, 352, 1 },
    { 0x1e06b, 0x1e06b, 2, 418, 1 },
    { 0x1e06c, 0x1e06c, 2, 2941, 1 },
    { 0x1e06d, 0x1e06d, 2, 421, 1 },
    { 0x1e06e, 0x1e08e, 3, 0, 0 },
    { 0x1e08f, 0x1e08f, 0, 0, 0 },
    { 0x1e090, 0x1e0ff, 3, 0, 0 },
    { 0x1e100, 0x1e12c, 0, 0, 0 },
    { 0x1e12d, 0x1e12f, 3, 0, 0 },
    { 0x1e130, 0x1e13d, 0, 0, 0 },
    { 0x1e13e, 0x1e13f, 3, 0, 0 },
    { 0x1e140, 0x1e149, 0, 0, 0 },
    { 0x1e14a, 0x1e14d, 3, 0, 0 },
    { 0x1e14e, 0x1e14f, 0, 0, 0 },
    { 0x1e150, 0x1e28f, 3, 0, 0 },
    { 0x1e290, 0x1e2ae, 0, 0, 0 },
    { 0x1e2af, 0x1e2bf, 3, 0, 0 },
    { 0x1e2c0, 0x1e2f9, 0, 0, 0 },
    { 0x1e2fa, 0x1e2fe, 3, 0, 0 },
    { 0x1e2ff, 0x1e2ff, 0, 0, 0 },
    { 0x1e300, 0x1e4cf, 3, 0, 0 },
    { 0x1e4d0, 0x1e4f9, 0, 0, 0 },
    { 0x1e4fa, 0x1e5cf, 3, 0, 0 },
    { 0x1e5d0, 0x1e5fa, 0, 0, 0 },
    { 0x1e5fb, 0x1e5fe, 3, 0, 0 },
    { 0x1e5ff, 0x1e5ff, 0, 0, 0 },
    { 0x1e600, 0x1e6bf, 3, 0, 0 },
    { 0x1e6c0, 0x1e6de, 0, 0, 0 },
    { 0x1e6df, 0x1e6df, 3, 0, 0 },
    { 0x1e6e0, 0x1e6f5, 0, 0, 0 },
    { 0x1e6f6, 0x1e6fd, 3, 0, 0 },
    { 0x1e6fe, 0x1e6ff, 0, 0, 0 },
    { 0x1e700, 0x1e7df, 3, 0, 0 },
    { 0x1e7e0, 0x1e7e6, 0, 0, 0 },
    { 0x1e7e7, 0x1e7e7, 3, 0, 0 },
    { 0x1e7e8, 0x1e7eb, 0, 0, 0 },
    { 0x1e7ec, 0x1e7ec, 3, 0, 0 },
    { 0x1e7ed, 0x1e7ee, 0, 0, 0 },
    { 0x1e7ef, 0x1e7ef, 3, 0, 0 },
    { 0x1e7f0, 0x1e7fe, 0, 0, 0 },
    { 0x1e7ff, 0x1e7ff, 3, 0, 0 },
    { 0x1e800, 0x1e8c4, 0, 0, 0 },
    { 0x1e8c5, 0x1e8c6, 3, 0, 0 },
    { 0x1e8c7, 0x1e8d6, 0, 0, 0 },
    { 0x1e8d7, 0x1e8ff, 3, 0, 0 },
    { 0x1e900, 0x1e900, 2, 4881, 1 },
    { 0x1e901, 0x1e901, 2, 4882, 1 },
    { 0x1e902, 0x1e902, 2, 4883, 1 },
    { 0x1e903, 0x1e903, 2, 4884, 1 },
    { 0x1e904, 0x1e904, 2, 4885, 1 },
    { 0x1e905, 0x1e905, 2, 4886, 1 },
    { 0x1e906, 0x1e906, 2, 4887, 1 },
    { 0x1e907, 0x1e907, 2, 4888, 1 },
    { 0x1e908, 0x1e908, 2, 4889, 1 },
    { 0x1e909, 0x1e909, 2, 4890, 1 },
    { 0x1e90a, 0x1e90a, 2, 4891, 1 },
    { 0x1e90b, 0x1e90b, 2, 4892, 1 },
    { 0x1e90c, 0x1e90c, 2, 4893, 1 },
    { 0x1e90d, 0x1e90d, 2, 4894, 1 },
    { 0x1e90e, 0x1e90e, 2, 4895, 1 },
    { 0x1e90f, 0x1e90f, 2, 4896, 1 },
    { 0x1e910, 0x1e910, 2, 4897, 1 },
    { 0x1e911, 0x1e911, 2, 4898, 1 },
    { 0x1e912, 0x1e912, 2, 4899, 1 },
    { 0x1e913, 0x1e913, 2, 4900, 1 },
    { 0x1e914, 0x1e914, 2, 4901, 1 },
    { 0x1e915, 0x1e915, 2, 4902, 1 },
    { 0x1e916, 0x1e916, 2, 4903, 1 },
    { 0x1e917, 0x1e917, 2, 4904, 1 },
    { 0x1e918, 0x1e918, 2, 4905, 1 },
    { 0x1e919, 0x1e919, 2, 4906, 1 },
    { 0x1e91a, 0x1e91a, 2, 4907, 1 },
    { 0x1e91b, 0x1e91b, 2, 4908, 1 },
    { 0x1e91c, 0x1e91c, 2, 4909, 1 },
    { 0x1e91d, 0x1e91d, 2, 4910, 1 },
    { 0x1e91e, 0x1e91e, 2, 4911, 1 },
    { 0x1e91f, 0x1e91f, 2, 4912, 1 },
    { 0x1e920, 0x1e920, 2, 4913, 1 },
    { 0x1e921, 0x1e921, 2, 4914, 1 },
    { 0x1e922, 0x1e94b, 0, 0, 0 },
    { 0x1e94c, 0x1e94f, 3, 0, 0 },
    { 0x1e950, 0x1e959, 0, 0, 0 },
    { 0x1e95a, 0x1e95d, 3, 0, 0 },
    { 0x1e95e, 0x1e95f, 0, 0, 0 },
    { 0x1e960, 0x1ec70, 3, 0, 0 },
    { 0x1ec71, 0x1ecb4, 0, 0, 0 },
    { 0x1ecb5, 0x1ed00, 3, 0, 0 },
    { 0x1ed01, 0x1ed3d, 0, 0, 0 },
    { 0x1ed3e, 0x1edff, 3, 0, 0 },
    { 0x1ee00, 0x1ee00, 2, 4454, 1 },
    { 0x1ee01, 0x1ee01, 2, 4455, 1 },
    { 0x1ee02, 0x1ee02, 2, 4459, 1 },
    { 0x1ee03, 0x1ee03, 2, 4462, 1 },
    { 0x1ee04, 0x1ee04, 3, 0, 0 },
    { 0x1ee05, 0x1ee05, 2, 4481, 1 },
    { 0x1ee06, 0x1ee06, 2, 4465, 1 },
    { 0x1ee07, 0x1ee07, 2, 4460, 1 },
    { 0x1ee08, 0x1ee08, 2, 4470, 1 },
    { 0x1ee09, 0x1ee09, 2, 4482, 1 },
    { 0x1ee0a, 0x1ee0a, 2, 4476, 1 },
    { 0x1ee0b, 0x1ee0b, 2, 4477, 1 },
    { 0x1ee0c, 0x1ee0c, 2, 4478, 1 },
    { 0x1ee0d, 0x1ee0d, 2, 4479, 1 },
    { 0x1ee0e, 0x1ee0e, 2, 4466, 1 },
    { 0x1ee0f, 0x1ee0f, 2, 4472, 1 },
    { 0x1ee10, 0x1ee10, 2, 4474, 1 },
    { 0x1ee11, 0x1ee11, 2, 4468, 1 },
    { 0x1ee12, 0x1ee12, 2, 4475, 1 },
    { 0x1ee13, 0x1ee13, 2, 4464, 1 },
    { 0x1ee14, 0x1ee14, 2, 4467, 1 },
    { 0x1ee15, 0x1ee15, 2, 4457, 1 },
    { 0x1ee16, 0x1ee16, 2, 4458, 1 },
    { 0x1ee17, 0x1ee17, 2, 4461, 1 },
    { 0x1ee18, 0x1ee18, 2, 4463, 1 },
    { 0x1ee19, 0x1ee19, 2, 4469, 1 },
    { 0x1ee1a, 0x1ee1a, 2, 4471, 1 },
    { 0x1ee1b, 0x1ee1b, 2, 4473, 1 },
    { 0x1ee1c, 0x1ee1c, 2, 4915, 1 },
    { 0x1ee1d, 0x1ee1d, 2, 3671, 1 },
    { 0x1ee1e, 0x1ee1e, 2, 4916, 1 },
    { 0x1ee1f, 0x1ee1f, 2, 4917, 1 },
    { 0x1ee20, 0x1ee20, 3, 0, 0 },
    { 0x1ee21, 0x1ee21, 2, 4455, 1 },
    { 0x1ee22, 0x1ee22, 2, 4459, 1 },
    { 0x1ee23, 0x1ee23, 3, 0, 0 },
    { 0x1ee24, 0x1ee24, 2, 4480, 1 },
    { 0x1ee25, 0x1ee26, 3, 0, 0 },
    { 0x1ee27, 0x1ee27, 2, 4460, 1 },
    { 0x1ee28, 0x1ee28, 3, 0, 0 },
    { 0x1ee29, 0x1ee29, 2, 4482, 1 },
    { 0x1ee2a, 0x1ee2a, 2, 4476, 1 },
    { 0x1ee2b, 0x1ee2b, 2, 4477, 1 },
    { 0x1ee2c, 0x1ee2c, 2, 4478, 1 },
    { 0x1ee2d, 0x1ee2d, 2, 4479, 1 },
    { 0x1ee2e, 0x1ee2e, 2, 4466, 1 },
    { 0x1ee2f, 0x1ee2f, 2, 4472, 1 },
    { 0x1ee30, 0x1ee30, 2, 4474, 1 },
    { 0x1ee31, 0x1ee31, 2, 4468, 1 },
    { 0x1ee32, 0x1ee32, 2, 4475, 1 },
    { 0x1ee33, 0x1ee33, 3, 0, 0 },
    { 0x1ee34, 0x1ee34, 2, 4467, 1 },
    { 0x1ee35, 0x1ee35, 2, 4457, 1 },
    { 0x1ee36, 0x1ee36, 2, 4458, 1 },
    { 0x1ee37, 0x1ee37, 2, 4461, 1 },
    { 0x1ee38, 0x1ee38, 3, 0, 0 },
    { 0x1ee39, 0x1ee39, 2, 4469, 1 },
    { 0x1ee3a, 0x1ee3a, 3, 0, 0 },
    { 0x1ee3b, 0x1ee3b, 2, 4473, 1 },
    { 0x1ee3c, 0x1ee41, 3, 0, 0 },
    { 0x1ee42, 0x1ee42, 2, 4459, 1 },
    { 0x1ee43, 0x1ee46, 3, 0, 0 },
    { 0x1ee47, 0x1ee47, 2, 4460, 1 },
    { 0x1ee48, 0x1ee48, 3, 0, 0 },
    { 0x1ee49, 0x1ee49, 2, 4482, 1 },
    { 0x1ee4a, 0x1ee4a, 3, 0, 0 },
    { 0x1ee4b, 0x1ee4b, 2, 4477, 1 },
    { 0x1ee4c, 0x1ee4c, 3, 0, 0 },
    { 0x1ee4d, 0x1ee4d, 2, 4479, 1 },
    { 0x1ee4e, 0x1ee4e, 2, 4466, 1 },
    { 0x1ee4f, 0x1ee4f, 2, 4472, 1 },
    { 0x1ee50, 0x1ee50, 3, 0, 0 },
    { 0x1ee51, 0x1ee51, 2, 4468, 1 },
    { 0x1ee52, 0x1ee52, 2, 4475, 1 },
    { 0x1ee53, 0x1ee53, 3, 0, 0 },
    { 0x1ee54, 0x1ee54, 2, 4467, 1 },
    { 0x1ee55, 0x1ee56, 3, 0, 0 },
    { 0x1ee57, 0x1ee57, 2, 4461, 1 },
    { 0x1ee58, 0x1ee58, 3, 0, 0 },
    { 0x1ee59, 0x1ee59, 2, 4469, 1 },
    { 0x1ee5a, 0x1ee5a, 3, 0, 0 },
    { 0x1ee5b, 0x1ee5b, 2, 4473, 1 },
    { 0x1ee5c, 0x1ee5c, 3, 0, 0 },
    { 0x1ee5d, 0x1ee5d, 2, 3671, 1 },
    { 0x1ee5e, 0x1ee5e, 3, 0, 0 },
    { 0x1ee5f, 0x1ee5f, 2, 4917, 1 },
    { 0x1ee60, 0x1ee60, 3, 0, 0 },
    { 0x1ee61, 0x1ee61, 2, 4455, 1 },
    { 0x1ee62, 0x1ee62, 2, 4459, 1 },
    { 0x1ee63, 0x1ee63, 3, 0, 0 },
    { 0x1ee64, 0x1ee64, 2, 4480, 1 },
    { 0x1ee65, 0x1ee66, 3, 0, 0 },
    { 0x1ee67, 0x1ee67, 2, 4460, 1 },
    { 0x1ee68, 0x1ee68, 2, 4470, 1 },
    { 0x1ee69, 0x1ee69, 2, 4482, 1 },
    { 0x1ee6a, 0x1ee6a, 2, 4476, 1 },
    { 0x1ee6b, 0x1ee6b, 3, 0, 0 },
    { 0x1ee6c, 0x1ee6c, 2, 4478, 1 },
    { 0x1ee6d, 0x1ee6d, 2, 4479, 1 },
    { 0x1ee6e, 0x1ee6e, 2, 4466, 1 },
    { 0x1ee6f, 0x1ee6f, 2, 4472, 1 },
    { 0x1ee70, 0x1ee70, 2, 4474, 1 },
    { 0x1ee71, 0x1ee71, 2, 4468, 1 },
    { 0x1ee72, 0x1ee72, 2, 4475, 1 },
    { 0x1ee73, 0x1ee73, 3, 0, 0 },
    { 0x1ee74, 0x1ee74, 2, 4467, 1 },
    { 0x1ee75, 0x1ee75, 2, 4457, 1 },
    { 0x1ee76, 0x1ee76, 2, 4458, 1 },
    { 0x1ee77, 0x1ee77, 2, 4461, 1 },
    { 0x1ee78, 0x1ee78, 3, 0, 0 },
    { 0x1ee79, 0x1ee79, 2, 4469, 1 },
    { 0x1ee7a, 0x1ee7a, 2, 4471, 1 },
    { 0x1ee7b, 0x1ee7b, 2, 4473, 1 },
    { 0x1ee7c, 0x1ee7c, 2, 4915, 1 },
    { 0x1ee7d, 0x1ee7d, 3, 0, 0 },
    { 0x1ee7e, 0x1ee7e, 2, 4916, 1 },
    { 0x1ee7f, 0x1ee7f, 3, 0, 0 },
    { 0x1ee80, 0x1ee80, 2, 4454, 1 },
    { 0x1ee81, 0x1ee81, 2, 4455, 1 },
    { 0x1ee82, 0x1ee82, 2, 4459, 1 },
    { 0x1ee83, 0x1ee83, 2, 4462, 1 },
    { 0x1ee84, 0x1ee84, 2, 4480, 1 },
    { 0x1ee85, 0x1ee85, 2, 4481, 1 },
    { 0x1ee86, 0x1ee86, 2, 4465, 1 },
    { 0x1ee87, 0x1ee87, 2, 4460, 1 },
    { 0x1ee88, 0x1ee88, 2, 4470, 1 },
    { 0x1ee89, 0x1ee89, 2, 4482, 1 },
    { 0x1ee8a, 0x1ee8a, 3, 0, 0 },
    { 0x1ee8b, 0x1ee8b, 2, 4477, 1 },
    { 0x1ee8c, 0x1ee8c, 2, 4478, 1 },
    { 0x1ee8d, 0x1ee8d, 2, 4479, 1 },
    { 0x1ee8e, 0x1ee8e, 2, 4466, 1 },
    { 0x1ee8f, 0x1ee8f, 2, 4472, 1 },
    { 0x1ee90, 0x1ee90, 2, 4474, 1 },
    { 0x1ee91, 0x1ee91, 2, 4468, 1 },
    { 0x1ee92, 0x1ee92, 2, 4475, 1 },
    { 0x1ee93, 0x1ee93, 2, 4464, 1 },
    { 0x1ee94, 0x1ee94, 2, 4467, 1 },
    { 0x1ee95, 0x1ee95, 2, 4457, 1 },
    { 0x1ee96, 0x1ee96, 2, 4458, 1 },
    { 0x1ee97, 0x1ee97, 2, 4461, 1 },
    { 0x1ee98, 0x1ee98, 2, 4463, 1 },
    { 0x1ee99, 0x1ee99, 2, 4469, 1 },
    { 0x1ee9a, 0x1ee9a, 2, 4471, 1 },
    { 0x1ee9b, 0x1ee9b, 2, 4473, 1 },
    { 0x1ee9c, 0x1eea0, 3, 0, 0 },
    { 0x1eea1, 0x1eea1, 2, 4455, 1 },
    { 0x1eea2, 0x1eea2, 2, 4459, 1 },
    { 0x1eea3, 0x1eea3, 2, 4462, 1 },
    { 0x1eea4, 0x1eea4, 3, 0, 0 },
    { 0x1eea5, 0x1eea5, 2, 4481, 1 },
    { 0x1eea6, 0x1eea6, 2, 4465, 1 },
    { 0x1eea7, 0x1eea7, 2, 4460, 1 },
    { 0x1eea8, 0x1eea8, 2, 4470, 1 },
    { 0x1eea9, 0x1eea9, 2, 4482, 1 },
    { 0x1eeaa, 0x1eeaa, 3, 0, 0 },
    { 0x1eeab, 0x1eeab, 2, 4477, 1 },
    { 0x1eeac, 0x1eeac, 2, 4478, 1 },
    { 0x1eead, 0x1eead, 2, 4479, 1 },
    { 0x1eeae, 0x1eeae, 2, 4466, 1 },
    { 0x1eeaf, 0x1eeaf, 2, 4472, 1 },
    { 0x1eeb0, 0x1eeb0, 2, 4474, 1 },
    { 0x1eeb1, 0x1eeb1, 2, 4468, 1 },
    { 0x1eeb2, 0x1eeb2, 2, 4475, 1 },
    { 0x1eeb3, 0x1eeb3, 2, 4464, 1 },
    { 0x1eeb4, 0x1eeb4, 2, 4467, 1 },
    { 0x1eeb5, 0x1eeb5, 2, 4457, 1 },
    { 0x1eeb6, 0x1eeb6, 2, 4458, 1 },
    { 0x1eeb7, 0x1eeb7, 2, 4461, 1 },
    { 0x1eeb8, 0x1eeb8, 2, 4463, 1 },
    { 0x1eeb9, 0x1eeb9, 2, 4469, 1 },
    { 0x1eeba, 0x1eeba, 2, 4471, 1 },
    { 0x1eebb, 0x1eebb, 2, 4473, 1 },
    { 0x1eebc, 0x1eeef, 3, 0, 0 },
    { 0x1eef0, 0x1eef1, 0, 0, 0 },
    { 0x1eef2, 0x1efff, 3, 0, 0 },
    { 0x1f000, 0x1f02b, 0, 0, 0 },
    { 0x1f02c, 0x1f02f, 3, 0, 0 },
    { 0x1f030, 0x1f093, 0, 0, 0 },
    { 0x1f094, 0x1f09f, 3, 0, 0 },
    { 0x1f0a0, 0x1f0ae, 0, 0, 0 },
    { 0x1f0af, 0x1f0b0, 3, 0, 0 },
    { 0x1f0b1, 0x1f0bf, 0, 0, 0 },
    { 0x1f0c0, 0x1f0c0, 3, 0, 0 },
    { 0x1f0c1, 0x1f0cf, 0, 0, 0 },
    { 0x1f0d0, 0x1f0d0, 3, 0, 0 },
    { 0x1f0d1, 0x1f0f5, 0, 0, 0 },
    { 0x1f0f6, 0x1f100, 3, 0, 0 },
    { 0x1f101, 0x1f101, 2, 4918, 2 },
    { 0x1f102, 0x1f102, 2, 4920, 2 },
    { 0x1f103, 0x1f103, 2, 4922, 2 },
    { 0x1f104, 0x1f104, 2, 4924, 2 },
    { 0x1f105, 0x1f105, 2, 4926, 2 },
    { 0x1f106, 0x1f106, 2, 4928, 2 },
    { 0x1f107, 0x1f107, 2, 4930, 2 },
    { 0x1f108, 0x1f108, 2, 4932, 2 },
    { 0x1f109, 0x1f109, 2, 4934, 2 },
    { 0x1f10a, 0x1f10a, 2, 4936, 2 },
    { 0x1f10b, 0x1f10f, 0, 0, 0 },
    { 0x1f110, 0x1f110, 2, 1291, 3 },
    { 0x1f111, 0x1f111, 2, 1294, 3 },
    { 0x1f112, 0x1f112, 2, 1297, 3 },
    { 0x1f113, 0x1f113, 2, 1300, 3 },
    { 0x1f114, 0x1f114, 2, 1303, 3 },
    { 0x1f115, 0x1f115, 2, 1306, 3 },
    { 0x1f116, 0x1f116, 2, 1309, 3 },
    { 0x1f117, 0x1f117, 2, 1312, 3 },
    { 0x1f118, 0x1f118, 2, 1315, 3 },
    { 0x1f119, 0x1f119, 2, 1318, 3 },
    { 0x1f11a, 0x1f11a, 2, 1321, 3 },
    { 0x1f11b, 0x1f11b, 2, 1324, 3 },
    { 0x1f11c, 0x1f11c, 2, 1327, 3 },
    { 0x1f11d, 0x1f11d, 2, 1330, 3 },
    { 0x1f11e, 0x1f11e, 2, 1333, 3 },
    { 0x1f11f, 0x1f11f, 2, 1336, 3 },
    { 0x1f120, 0x1f120, 2, 1339, 3 },
    { 0x1f121, 0x1f121, 2, 1342, 3 },
    { 0x1f122, 0x1f122, 2, 1345, 3 },
    { 0x1f123, 0x1f123, 2, 1348, 3 },
    { 0x1f124, 0x1f124, 2, 1351, 3 },
    { 0x1f125, 0x1f125, 2, 1354, 3 },
    { 0x1f126, 0x1f126, 2, 1357, 3 },
    { 0x1f127, 0x1f127, 2, 1360, 3 },
    { 0x1f128, 0x1f128, 2, 1363, 3 },
    { 0x1f129, 0x1f129, 2, 1366, 3 },
    { 0x1f12a, 0x1f12a, 2, 4938, 3 },
    { 0x1f12b, 0x1f12b, 2, 2, 1 },
    { 0x1f12c, 0x1f12c, 2, 17, 1 },
    { 0x1f12d, 0x1f12d, 2, 2793, 2 },
    { 0x1f12e, 0x1f12e, 2, 4941, 2 },
    { 0x1f12f, 0x1f12f, 0, 0, 0 },
    { 0x1f130, 0x1f130, 2, 0, 1 },
    { 0x1f131, 0x1f131, 2, 1, 1 },
    { 0x1f132, 0x1f132, 2, 2, 1 },
    { 0x1f133, 0x1f133, 2, 3, 1 },
    { 0x1f134, 0x1f134, 2, 4, 1 },
    { 0x1f135, 0x1f135, 2, 5, 1 },
    { 0x1f136, 0x1f136, 2, 6, 1 },
    { 0x1f137, 0x1f137, 2, 7, 1 },
    { 0x1f138, 0x1f138, 2, 8, 1 },
    { 0x1f139, 0x1f139, 2, 9, 1 },
    { 0x1f13a, 0x1f13a, 2, 10, 1 },
    { 0x1f13b, 0x1f13b, 2, 11, 1 },
    { 0x1f13c, 0x1f13c, 2, 12, 1 },
    { 0x1f13d, 0x1f13d, 2, 13, 1 },
    { 0x1f13e, 0x1f13e, 2, 14, 1 },
    { 0x1f13f, 0x1f13f, 2, 15, 1 },
    { 0x1f140, 0x1f140, 2, 16, 1 },
    { 0x1f141, 0x1f141, 2, 17, 1 },
    { 0x1f142, 0x1f142, 2, 18, 1 },
    { 0x1f143, 0x1f143, 2, 19, 1 },
    { 0x1f144, 0x1f144, 2, 20, 1 },
    { 0x1f145, 0x1f145, 2, 21, 1 },
    { 0x1f146, 0x1f146, 2, 22, 1 },
    { 0x1f147, 0x1f147, 2, 23, 1 },
    { 0x1f148, 0x1f148, 2, 24, 1 },
    { 0x1f149, 0x1f149, 2, 25, 1 },
    { 0x1f14a, 0x1f14a, 2, 4943, 2 },
    { 0x1f14b, 0x1f14b, 2, 2771, 2 },
    { 0x1f14c, 0x1f14c, 2, 4945, 2 },
    { 0x1f14d, 0x1f14d, 2, 4947, 2 },
    { 0x1f14e, 0x1f14e, 2, 4949, 3 },
    { 0x1f14f, 0x1f14f, 2, 4952, 2 },
    { 0x1f150, 0x1f169, 0, 0, 0 },
    { 0x1f16a, 0x1f16a, 2, 4954, 2 },
    { 0x1f16b, 0x1f16b, 2, 4956, 2 },
    { 0x1f16c, 0x1f16c, 2, 4958, 2 },
    { 0x1f16d, 0x1f18f, 0, 0, 0 },
    { 0x1f190, 0x1f190, 2, 4960, 2 },
    { 0x1f191, 0x1f1ad, 0, 0, 0 },
    { 0x1f1ae, 0x1f1e5, 3, 0, 0 },
    { 0x1f1e6, 0x1f1ff, 0, 0, 0 },
    { 0x1f200, 0x1f200, 2, 4962, 2 },
    { 0x1f201, 0x1f201, 2, 4964, 2 },
    { 0x1f202, 0x1f202, 2, 2194, 1 },
    { 0x1f203, 0x1f20f, 3, 0, 0 },
    { 0x1f210, 0x1f210, 2, 1561, 1 },
    { 0x1f211, 0x1f211, 2, 4966, 1 },
    { 0x1f212, 0x1f212, 2, 4967, 1 },
    { 0x1f213, 0x1f213, 2, 4968, 1 },
    { 0x1f214, 0x1f214, 2, 1504, 1 },
    { 0x1f215, 0x1f215, 2, 4969, 1 },
    { 0x1f216, 0x1f216, 2, 4970, 1 },
    { 0x1f217, 0x1f217, 2, 1825, 1 },
    { 0x1f218, 0x1f218, 2, 4971, 1 },
    { 0x1f219, 0x1f219, 2, 4972, 1 },
    { 0x1f21a, 0x1f21a, 2, 4973, 1 },
    { 0x1f21b, 0x1f21b, 2, 3317, 1 },
    { 0x1f21c, 0x1f21c, 2, 4974, 1 },
    { 0x1f21d, 0x1f21d, 2, 4975, 1 },
    { 0x1f21e, 0x1f21e, 2, 4976, 1 },
    { 0x1f21f, 0x1f21f, 2, 4977, 1 },
    { 0x1f220, 0x1f220, 2, 4978, 1 },
    { 0x1f221, 0x1f221, 2, 4979, 1 },
    { 0x1f222, 0x1f222, 2, 1597, 1 },
    { 0x1f223, 0x1f223, 2, 4980, 1 },
    { 0x1f224, 0x1f224, 2, 4981, 1 },
    { 0x1f225, 0x1f225, 2, 4982, 1 },
    { 0x1f226, 0x1f226, 2, 4983, 1 },
    { 0x1f227, 0x1f227, 2, 4984, 1 },
    { 0x1f228, 0x1f228, 2, 4985, 1 },
    { 0x1f229, 0x1f229, 2, 1498, 1 },
    { 0x1f22a, 0x1f22a, 2, 1817, 1 },
    { 0x1f22b, 0x1f22b, 2, 4986, 1 },
    { 0x1f22c, 0x1f22c, 2, 2107, 1 },
    { 0x1f22d, 0x1f22d, 2, 1820, 1 },
    { 0x1f22e, 0x1f22e, 2, 2108, 1 },
    { 0x1f22f, 0x1f22f, 2, 4987, 1 },
    { 0x1f230, 0x1f230, 2, 1653, 1 },
    { 0x1f231, 0x1f231, 2, 4988, 1 },
    { 0x1f232, 0x1f232, 2, 4989, 1 },
    { 0x1f233, 0x1f233, 2, 4990, 1 },
    { 0x1f234, 0x1f234, 2, 4991, 1 },
    { 0x1f235, 0x1f235, 2, 4992, 1 },
    { 0x1f236, 0x1f236, 2, 2090, 1 },
    { 0x1f237, 0x1f237, 2, 1571, 1 },
    { 0x1f238, 0x1f238, 2, 4993, 1 },
    { 0x1f239, 0x1f239, 2, 4994, 1 },
    { 0x1f23a, 0x1f23a, 2, 4995, 1 },
    { 0x1f23b, 0x1f23b, 2, 4996, 1 },
    { 0x1f23c, 0x1f23f, 3, 0, 0 },
    { 0x1f240, 0x1f240, 2, 4997, 3 },
    { 0x1f241, 0x1f241, 2, 5000, 3 },
    { 0x1f242, 0x1f242, 2, 5003, 3 },
    { 0x1f243, 0x1f243, 2, 5006, 3 },
    { 0x1f244, 0x1f244, 2, 5009, 3 },
    { 0x1f245, 0x1f245, 2, 5012, 3 },
    { 0x1f246, 0x1f246, 2, 5015, 3 },
    { 0x1f247, 0x1f247, 2, 5018, 3 },
    { 0x1f248, 0x1f248, 2, 5021, 3 },
    { 0x1f249, 0x1f24f, 3, 0, 0 },
    { 0x1f250, 0x1f250, 2, 5024, 1 },
    { 0x1f251, 0x1f251, 2, 5025, 1 },
    { 0x1f252, 0x1f25f, 3, 0, 0 },
    { 0x1f260, 0x1f265, 0, 0, 0 },
    { 0x1f266, 0x1f2ff, 3, 0, 0 },
    { 0x1f300, 0x1f6d8, 0, 0, 0 },
    { 0x1f6d9, 0x1f6db, 3, 0, 0 },
    { 0x1f6dc, 0x1f6ec, 0, 0, 0 },
    { 0x1f6ed, 0x1f6ef, 3, 0, 0 },
    { 0x1f6f0, 0x1f6fc, 0, 0, 0 },
    { 0x1f6fd, 0x1f6ff, 3, 0, 0 },
    { 0x1f700, 0x1f7d9, 0, 0, 0 },
    { 0x1f7da, 0x1f7df, 3, 0, 0 },
    { 0x1f7e0, 0x1f7eb, 0, 0, 0 },
    { 0x1f7ec, 0x1f7ef, 3, 0, 0 },
    { 0x1f7f0, 0x1f7f0, 0, 0, 0 },
    { 0x1f7f1, 0x1f7ff, 3, 0, 0 },
    { 0x1f800, 0x1f80b, 0, 0, 0 },
    { 0x1f80c, 0x1f80f, 3, 0, 0 },
    { 0x1f810, 0x1f847, 0, 0, 0 },
    { 0x1f848, 0x1f84f, 3, 0, 0 },
    { 0x1f850, 0x1f859, 0, 0, 0 },
    { 0x1f85a, 0x1f85f, 3, 0, 0 },
    { 0x1f860, 0x1f887, 0, 0, 0 },
    { 0x1f888, 0x1f88f, 3, 0, 0 },
    { 0x1f890, 0x1f8ad, 0, 0, 0 },
    { 0x1f8ae, 0x1f8af, 3, 0, 0 },
    { 0x1f8b0, 0x1f8bb, 0, 0, 0 },
    { 0x1f8bc, 0x1f8bf, 3, 0, 0 },
    { 0x1f8c0, 0x1f8c1, 0, 0, 0 },
    { 0x1f8c2, 0x1f8cf, 3, 0, 0 },
    { 0x1f8d0, 0x1f8d8, 0, 0, 0 },
    { 0x1f8d9, 0x1f8ff, 3, 0, 0 },
    { 0x1f900, 0x1fa57, 0, 0, 0 },
    { 0x1fa58, 0x1fa5f, 3, 0, 0 },
    { 0x1fa60, 0x1fa6d, 0, 0, 0 },
    { 0x1fa6e, 0x1fa6f, 3, 0, 0 },
    { 0x1fa70, 0x1fa7c, 0, 0, 0 },
    { 0x1fa7d, 0x1fa7f, 3, 0, 0 },
    { 0x1fa80, 0x1fa8a, 0, 0, 0 },
    { 0x1fa8b, 0x1fa8d, 3, 0, 0 },
    { 0x1fa8e, 0x1fac6, 0, 0, 0 },
    { 0x1fac7, 0x1fac7, 3, 0, 0 },
    { 0x1fac8, 0x1fac8, 0, 0, 0 },
    { 0x1fac9, 0x1facc, 3, 0, 0 },
    { 0x1facd, 0x1fadc, 0, 0, 0 },
    { 0x1fadd, 0x1fade, 3, 0, 0 },
    { 0x1fadf, 0x1faea, 0, 0, 0 },
    { 0x1faeb, 0x1faee, 3, 0, 0 },
    { 0x1faef, 0x1faf8, 0, 0, 0 },
    { 0x1faf9, 0x1faff, 3, 0, 0 },
    { 0x1fb00, 0x1fb92, 0, 0, 0 },
    { 0x1fb93, 0x1fb93, 3, 0, 0 },
    { 0x1fb94, 0x1fbef, 0, 0, 0 },
    { 0x1fbf0, 0x1fbf0, 2, 1063, 1 },
    { 0x1fbf1, 0x1fbf1, 2, 38, 1 },
    { 0x1fbf2, 0x1fbf2, 2, 31, 1 },
    { 0x1fbf3, 0x1fbf3, 2, 32, 1 },
    { 0x1fbf4, 0x1fbf4, 2, 1064, 1 },
    { 0x1fbf5, 0x1fbf5, 2, 1065, 1 },
    { 0x1fbf6, 0x1fbf6, 2, 1066, 1 },
    { 0x1fbf7, 0x1fbf7, 2, 1067, 1 },
    { 0x1fbf8, 0x1fbf8, 2, 1068, 1 },
    { 0x1fbf9, 0x1fbf9, 2, 1069, 1 },
    { 0x1fbfa, 0x1fbfa, 0, 0, 0 },
    { 0x1fbfb, 0x1ffff, 3, 0, 0 },
    { 0x20000, 0x2a6df, 0, 0, 0 },
    { 0x2a6e0, 0x2a6ff, 3, 0, 0 },
    { 0x2a700, 0x2b81d, 0, 0, 0 },
    { 0x2b81e, 0x2b81f, 3, 0, 0 },
    { 0x2b820, 0x2cead, 0, 0, 0 },
    { 0x2ceae, 0x2ceaf, 3, 0, 0 },
    { 0x2ceb0, 0x2ebe0, 0, 0, 0 },
    { 0x2ebe1, 0x2ebef, 3, 0, 0 },
    { 0x2ebf0, 0x2ee5d, 0, 0, 0 },
    { 0x2ee5e, 0x2f7ff, 3, 0, 0 },
    { 0x2f800, 0x2f800, 2, 5026, 1 },
    { 0x2f801, 0x2f801, 2, 5027, 1 },
    { 0x2f802, 0x2f802, 2, 5028, 1 },
    { 0x2f803, 0x2f803, 2, 5029, 1 },
    { 0x2f804, 0x2f804, 2, 5030, 1 },
    { 0x2f805, 0x2f805, 2, 3410, 1 },
    { 0x2f806, 0x2f806, 2, 5031, 1 },
    { 0x2f807, 0x2f807, 2, 5032, 1 },
    { 0x2f808, 0x2f808, 2, 5033, 1 },
    { 0x2f809, 0x2f809, 2, 5034, 1 },
    { 0x2f80a, 0x2f80a, 2, 3411, 1 },
    { 0x2f80b, 0x2f80b, 2, 5035, 1 },
    { 0x2f80c, 0x2f80c, 2, 5036, 1 },
    { 0x2f80d, 0x2f80d, 2, 5037, 1 },
    { 0x2f80e, 0x2f80e, 2, 3412, 1 },
    { 0x2f80f, 0x2f80f, 2, 5038, 1 },
    { 0x2f810, 0x2f810, 2, 5039, 1 },
    { 0x2f811, 0x2f811, 2, 5040, 1 },
    { 0x2f812, 0x2f812, 2, 5041, 1 },
    { 0x2f813, 0x2f813, 2, 5042, 1 },
    { 0x2f814, 0x2f814, 2, 5043, 1 },
    { 0x2f815, 0x2f815, 2, 4976, 1 },
    { 0x2f816, 0x2f816, 2, 5044, 1 },
    { 0x2f817, 0x2f817, 2, 5045, 1 },
    { 0x2f818, 0x2f818, 2, 5046, 1 },
    { 0x2f819, 0x2f819, 2, 5047, 1 },
    { 0x2f81a, 0x2f81a, 2, 5048, 1 },
    { 0x2f81b, 0x2f81b, 2, 3467, 1 },
    { 0x2f81c, 0x2f81c, 2, 5049, 1 },
    { 0x2f81d, 0x2f81d, 2, 1514, 1 },
    { 0x2f81e, 0x2f81e, 2, 5050, 1 },
    { 0x2f81f, 0x2f81f, 2, 5051, 1 },
    { 0x2f820, 0x2f820, 2, 5052, 1 },
    { 0x2f821, 0x2f821, 2, 5053, 1 },
    { 0x2f822, 0x2f822, 2, 4994, 1 },
    { 0x2f823, 0x2f823, 2, 5054, 1 },
    { 0x2f824, 0x2f824, 2, 5055, 1 },
    { 0x2f825, 0x2f825, 2, 3472, 1 },
    { 0x2f826, 0x2f826, 2, 3413, 1 },
    { 0x2f827, 0x2f827, 2, 3414, 1 },
    { 0x2f828, 0x2f828, 2, 3473, 1 },
    { 0x2f829, 0x2f829, 2, 5056, 1 },
    { 0x2f82a, 0x2f82a, 2, 5057, 1 },
    { 0x2f82b, 0x2f82b, 2, 3231, 1 },
    { 0x2f82c, 0x2f82c, 2, 5058, 1 },
    { 0x2f82d, 0x2f82d, 2, 3415, 1 },
    { 0x2f82e, 0x2f82e, 2, 5059, 1 },
    { 0x2f82f, 0x2f82f, 2, 5060, 1 },
    { 0x2f830, 0x2f830, 2, 5061, 1 },
    { 0x2f831, 0x2f833, 2, 5062, 1 },
    { 0x2f834, 0x2f834, 2, 5063, 1 },
    { 0x2f835, 0x2f835, 2, 5064, 1 },
    { 0x2f836, 0x2f836, 2, 5065, 1 },
    { 0x2f837, 0x2f837, 2, 5066, 1 },
    { 0x2f838, 0x2f838, 2, 5067, 1 },
    { 0x2f839, 0x2f839, 2, 5068, 1 },
    { 0x2f83a, 0x2f83a, 2, 5069, 1 },
    { 0x2f83b, 0x2f83b, 2, 5070, 1 },
    { 0x2f83c, 0x2f83c, 2, 5071, 1 },
    { 0x2f83d, 0x2f83d, 2, 5072, 1 },
    { 0x2f83e, 0x2f83e, 2, 5073, 1 },
    { 0x2f83f, 0x2f83f, 2, 5074, 1 },
    { 0x2f840, 0x2f840, 2, 5075, 1 },
    { 0x2f841, 0x2f841, 2, 5076, 1 },
    { 0x2f842, 0x2f842, 2, 5077, 1 },
    { 0x2f843, 0x2f843, 2, 5078, 1 },
    { 0x2f844, 0x2f844, 2, 5079, 1 },
    { 0x2f845, 0x2f846, 2, 5080, 1 },
    { 0x2f847, 0x2f847, 2, 3475, 1 },
    { 0x2f848, 0x2f848, 2, 5081, 1 },
    { 0x2f849, 0x2f849, 2, 5082, 1 },
    { 0x2f84a, 0x2f84a, 2, 5083, 1 },
    { 0x2f84b, 0x2f84b, 2, 5084, 1 },
    { 0x2f84c, 0x2f84c, 2, 3417, 1 },
    { 0x2f84d, 0x2f84d, 2, 5085, 1 },
    { 0x2f84e, 0x2f84e, 2, 5086, 1 },
    { 0x2f84f, 0x2f84f, 2, 5087, 1 },
    { 0x2f850, 0x2f850, 2, 3377, 1 },
    { 0x2f851, 0x2f851, 2, 5088, 1 },
    { 0x2f852, 0x2f852, 2, 5089, 1 },
    { 0x2f853, 0x2f853, 2, 5090, 1 },
    { 0x2f854, 0x2f854, 2, 5091, 1 },
    { 0x2f855, 0x2f855, 2, 5092, 1 },
    { 0x2f856, 0x2f856, 2, 5093, 1 },
    { 0x2f857, 0x2f857, 2, 5094, 1 },
    { 0x2f858, 0x2f858, 2, 5095, 1 },
    { 0x2f859, 0x2f859, 2, 5096, 1 },
    { 0x2f85a, 0x2f85a, 2, 5097, 1 },
    { 0x2f85b, 0x2f85b, 2, 5098, 1 },
    { 0x2f85c, 0x2f85c, 2, 5099, 1 },
    { 0x2f85d, 0x2f85d, 2, 4969, 1 },
    { 0x2f85e, 0x2f85e, 2, 5100, 1 },
    { 0x2f85f, 0x2f85f, 2, 5101, 1 },
    { 0x2f860, 0x2f860, 2, 5102, 1 },
    { 0x2f861, 0x2f861, 2, 5103, 1 },
    { 0x2f862, 0x2f862, 2, 5104, 1 },
    { 0x2f863, 0x2f863, 2, 5105, 1 },
    { 0x2f864, 0x2f864, 2, 5106, 1 },
    { 0x2f865, 0x2f865, 2, 5107, 1 },
    { 0x2f866, 0x2f866, 2, 5108, 1 },
    { 0x2f867, 0x2f867, 2, 5109, 1 },
    { 0x2f868, 0x2f868, 2, 5110, 1 },
    { 0x2f869, 0x2f869, 2, 5111, 1 },
    { 0x2f86a, 0x2f86b, 2, 5112, 1 },
    { 0x2f86c, 0x2f86c, 2, 5113, 1 },
    { 0x2f86d, 0x2f86d, 2, 5114, 1 },
    { 0x2f86e, 0x2f86e, 2, 5115, 1 },
    { 0x2f86f, 0x2f86f, 2, 3227, 1 },
    { 0x2f870, 0x2f870, 2, 5116, 1 },
    { 0x2f871, 0x2f871, 2, 5117, 1 },
    { 0x2f872, 0x2f872, 2, 5118, 1 },
    { 0x2f873, 0x2f873, 2, 5119, 1 },
    { 0x2f874, 0x2f874, 2, 5120, 1 },
    { 0x2f875, 0x2f875, 2, 1540, 1 },
    { 0x2f876, 0x2f876, 2, 5121, 1 },
    { 0x2f877, 0x2f877, 2, 5122, 1 },
    { 0x2f878, 0x2f878, 2, 1542, 1 },
    { 0x2f879, 0x2f879, 2, 5123, 1 },
    { 0x2f87a, 0x2f87a, 2, 5124, 1 },
    { 0x2f87b, 0x2f87b, 2, 5125, 1 },
    { 0x2f87c, 0x2f87c, 2, 5126, 1 },
    { 0x2f87d, 0x2f87d, 2, 5127, 1 },
    { 0x2f87e, 0x2f87e, 2, 5128, 1 },
    { 0x2f87f, 0x2f87f, 2, 5129, 1 },
    { 0x2f880, 0x2f880, 2, 5130, 1 },
    { 0x2f881, 0x2f881, 2, 5131, 1 },
    { 0x2f882, 0x2f882, 2, 5132, 1 },
    { 0x2f883, 0x2f883, 2, 5133, 1 },
    { 0x2f884, 0x2f884, 2, 5134, 1 },
    { 0x2f885, 0x2f885, 2, 5135, 1 },
    { 0x2f886, 0x2f886, 2, 5136, 1 },
    { 0x2f887, 0x2f887, 2, 5137, 1 },
    { 0x2f888, 0x2f888, 2, 5138, 1 },
    { 0x2f889, 0x2f889, 2, 5139, 1 },
    { 0x2f88a, 0x2f88a, 2, 5140, 1 },
    { 0x2f88b, 0x2f88b, 2, 5141, 1 },
    { 0x2f88c, 0x2f88c, 2, 5142, 1 },
    { 0x2f88d, 0x2f88d, 2, 5143, 1 },
    { 0x2f88e, 0x2f88e, 2, 3175, 1 },
    { 0x2f88f, 0x2f88f, 2, 5144, 1 },
    { 0x2f890, 0x2f890, 2, 1552, 1 },
    { 0x2f891, 0x2f892, 2, 5145, 1 },
    { 0x2f893, 0x2f893, 2, 5146, 1 },
    { 0x2f894, 0x2f895, 2, 5147, 1 },
    { 0x2f896, 0x2f896, 2, 5148, 1 },
    { 0x2f897, 0x2f897, 2, 5149, 1 },
    { 0x2f898, 0x2f898, 2, 5150, 1 },
    { 0x2f899, 0x2f899, 2, 5151, 1 },
    { 0x2f89a, 0x2f89a, 2, 5152, 1 },
    { 0x2f89b, 0x2f89b, 2, 5153, 1 },
    { 0x2f89c, 0x2f89c, 2, 5154, 1 },
    { 0x2f89d, 0x2f89d, 2, 5155, 1 },
    { 0x2f89e, 0x2f89e, 2, 5156, 1 },
    { 0x2f89f, 0x2f89f, 2, 5157, 1 },
    { 0x2f8a0, 0x2f8a0, 2, 5158, 1 },
    { 0x2f8a1, 0x2f8a1, 2, 5159, 1 },
    { 0x2f8a2, 0x2f8a2, 2, 5160, 1 },
    { 0x2f8a3, 0x2f8a3, 2, 3422, 1 },
    { 0x2f8a4, 0x2f8a4, 2, 5161, 1 },
    { 0x2f8a5, 0x2f8a5, 2, 5162, 1 },
    { 0x2f8a6, 0x2f8a6, 2, 5163, 1 },
    { 0x2f8a7, 0x2f8a7, 2, 5164, 1 },
    { 0x2f8a8, 0x2f8a8, 2, 3487, 1 },
    { 0x2f8a9, 0x2f8a9, 2, 5164, 1 },
    { 0x2f8aa, 0x2f8aa, 2, 5165, 1 },
    { 0x2f8ab, 0x2f8ab, 2, 3424, 1 },
    { 0x2f8ac, 0x2f8ac, 2, 5166, 1 },
    { 0x2f8ad, 0x2f8ad, 2, 5167, 1 },
    { 0x2f8ae, 0x2f8ae, 2, 5168, 1 },
    { 0x2f8af, 0x2f8af, 2, 5169, 1 },
    { 0x2f8b0, 0x2f8b0, 2, 3425, 1 },
    { 0x2f8b1, 0x2f8b1, 2, 3148, 1 },
    { 0x2f8b2, 0x2f8b2, 2, 5170, 1 },
    { 0x2f8b3, 0x2f8b3, 2, 5171, 1 },
    { 0x2f8b4, 0x2f8b4, 2, 5172, 1 },
    { 0x2f8b5, 0x2f8b5, 2, 5173, 1 },
    { 0x2f8b6, 0x2f8b6, 2, 5174, 1 },
    { 0x2f8b7, 0x2f8b7, 2, 5175, 1 },
    { 0x2f8b8, 0x2f8b8, 2, 5176, 1 },
    { 0x2f8b9, 0x2f8b9, 2, 5177, 1 },
    { 0x2f8ba, 0x2f8ba, 2, 5178, 1 },
    { 0x2f8bb, 0x2f8bb, 2, 5179, 1 },
    { 0x2f8bc, 0x2f8bc, 2, 5180, 1 },
    { 0x2f8bd, 0x2f8bd, 2, 5181, 1 },
    { 0x2f8be, 0x2f8be, 2, 5182, 1 },
    { 0x2f8bf, 0x2f8bf, 2, 5183, 1 },
    { 0x2f8c0, 0x2f8c0, 2, 5184, 1 },
    { 0x2f8c1, 0x2f8c1, 2, 5185, 1 },
    { 0x2f8c2, 0x2f8c2, 2, 5186, 1 },
    { 0x2f8c3, 0x2f8c3, 2, 5187, 1 },
    { 0x2f8c4, 0x2f8c4, 2, 5188, 1 },
    { 0x2f8c5, 0x2f8c5, 2, 5189, 1 },
    { 0x2f8c6, 0x2f8c6, 2, 5190, 1 },
    { 0x2f8c7, 0x2f8c7, 2, 5191, 1 },
    { 0x2f8c8, 0x2f8c8, 2, 3426, 1 },
    { 0x2f8c9, 0x2f8c9, 2, 5192, 1 },
    { 0x2f8ca, 0x2f8ca, 2, 5193, 1 },
    { 0x2f8cb, 0x2f8cb, 2, 5194, 1 },
    { 0x2f8cc, 0x2f8cc, 2, 5195, 1 },
    { 0x2f8cd, 0x2f8cd, 2, 5196, 1 },
    { 0x2f8ce, 0x2f8ce, 2, 5197, 1 },
    { 0x2f8cf, 0x2f8cf, 2, 3428, 1 },
    { 0x2f8d0, 0x2f8d0, 2, 5198, 1 },
    { 0x2f8d1, 0x2f8d1, 2, 5199, 1 },
    { 0x2f8d2, 0x2f8d2, 2, 5200, 1 },
    { 0x2f8d3, 0x2f8d3, 2, 5201, 1 },
    { 0x2f8d4, 0x2f8d4, 2, 5202, 1 },
    { 0x2f8d5, 0x2f8d5, 2, 5203, 1 },
    { 0x2f8d6, 0x2f8d6, 2, 5204, 1 },
    { 0x2f8d7, 0x2f8d7, 2, 5205, 1 },
    { 0x2f8d8, 0x2f8d8, 2, 3176, 1 },
    { 0x2f8d9, 0x2f8d9, 2, 3495, 1 },
    { 0x2f8da, 0x2f8da, 2, 5206, 1 },
    { 0x2f8db, 0x2f8db, 2, 5207, 1 },
    { 0x2f8dc, 0x2f8dc, 2, 5208, 1 },
    { 0x2f8dd, 0x2f8dd, 2, 5209, 1 },
    { 0x2f8de, 0x2f8de, 2, 5210, 1 },
    { 0x2f8df, 0x2f8df, 2, 5211, 1 },
    { 0x2f8e0, 0x2f8e0, 2, 5212, 1 },
    { 0x2f8e1, 0x2f8e1, 2, 5213, 1 },
    { 0x2f8e2, 0x2f8e2, 2, 3429, 1 },
    { 0x2f8e3, 0x2f8e3, 2, 5214, 1 },
    { 0x2f8e4, 0x2f8e4, 2, 5215, 1 },
    { 0x2f8e5, 0x2f8e5, 2, 5216, 1 },
    { 0x2f8e6, 0x2f8e6, 2, 5217, 1 },
    { 0x2f8e7, 0x2f8e7, 2, 3537, 1 },
    { 0x2f8e8, 0x2f8e8, 2, 5218, 1 },
    { 0x2f8e9, 0x2f8e9, 2, 5219, 1 },
    { 0x2f8ea, 0x2f8ea, 2, 5220, 1 },
    { 0x2f8eb, 0x2f8eb, 2, 5221, 1 },
    { 0x2f8ec, 0x2f8ec, 2, 5222, 1 },
    { 0x2f8ed, 0x2f8ed, 2, 5223, 1 },
    { 0x2f8ee, 0x2f8ee, 2, 5224, 1 },
    { 0x2f8ef, 0x2f8ef, 2, 5225, 1 },
    { 0x2f8f0, 0x2f8f0, 2, 5226, 1 },
    { 0x2f8f1, 0x2f8f1, 2, 5227, 1 },
    { 0x2f8f2, 0x2f8f2, 2, 5228, 1 },
    { 0x2f8f3, 0x2f8f3, 2, 5229, 1 },
    { 0x2f8f4, 0x2f8f4, 2, 5230, 1 },
    { 0x2f8f5, 0x2f8f5, 2, 3244, 1 },
    { 0x2f8f6, 0x2f8f6, 2, 5231, 1 },
    { 0x2f8f7, 0x2f8f7, 2, 5232, 1 },
    { 0x2f8f8, 0x2f8f8, 2, 5233, 1 },
    { 0x2f8f9, 0x2f8f9, 2, 5234, 1 },
    { 0x2f8fa, 0x2f8fa, 2, 5235, 1 },
    { 0x2f8fb, 0x2f8fb, 2, 5236, 1 },
    { 0x2f8fc, 0x2f8fc, 2, 5237, 1 },
    { 0x2f8fd, 0x2f8fd, 2, 5238, 1 },
    { 0x2f8fe, 0x2f8fe, 2, 5239, 1 },
    { 0x2f8ff, 0x2f8ff, 2, 5240, 1 },
    { 0x2f900, 0x2f900, 2, 5241, 1 },
    { 0x2f901, 0x2f901, 2, 3430, 1 },
    { 0x2f902, 0x2f902, 2, 3327, 1 },
    { 0x2f903, 0x2f903, 2, 5242, 1 },
    { 0x2f904, 0x2f904, 2, 5243, 1 },
    { 0x2f905, 0x2f905, 2, 5244, 1 },
    { 0x2f906, 0x2f906, 2, 5245, 1 },
    { 0x2f907, 0x2f907, 2, 5246, 1 },
    { 0x2f908, 0x2f908, 2, 5247, 1 },
    { 0x2f909, 0x2f909, 2, 5248, 1 },
    { 0x2f90a, 0x2f90a, 2, 5249, 1 },
    { 0x2f90b, 0x2f90b, 2, 3498, 1 },
    { 0x2f90c, 0x2f90c, 2, 5250, 1 },
    { 0x2f90d, 0x2f90d, 2, 5251, 1 },
    { 0x2f90e, 0x2f90e, 2, 5252, 1 },
    { 0x2f90f, 0x2f90f, 2, 5253, 1 },
    { 0x2f910, 0x2f910, 2, 5254, 1 },
    { 0x2f911, 0x2f911, 2, 5255, 1 },
    { 0x2f912, 0x2f912, 2, 5256, 1 },
    { 0x2f913, 0x2f913, 2, 5257, 1 },
    { 0x2f914, 0x2f914, 2, 3499, 1 },
    { 0x2f915, 0x2f915, 2, 5258, 1 },
    { 0x2f916, 0x2f916, 2, 5259, 1 },
    { 0x2f917, 0x2f917, 2, 5260, 1 },
    { 0x2f918, 0x2f918, 2, 5261, 1 },
    { 0x2f919, 0x2f919, 2, 5262, 1 },
    { 0x2f91a, 0x2f91a, 2, 5263, 1 },
    { 0x2f91b, 0x2f91b, 2, 5264, 1 },
    { 0x2f91c, 0x2f91c, 2, 5265, 1 },
    { 0x2f91d, 0x2f91d, 2, 5266, 1 },
    { 0x2f91e, 0x2f91e, 2, 5267, 1 },
    { 0x2f91f, 0x2f91f, 2, 5268, 1 },
    { 0x2f920, 0x2f920, 2, 5269, 1 },
    { 0x2f921, 0x2f921, 2, 3501, 1 },
    { 0x2f922, 0x2f922, 2, 5270, 1 },
    { 0x2f923, 0x2f923, 2, 5271, 1 },
    { 0x2f924, 0x2f924, 2, 5272, 1 },
    { 0x2f925, 0x2f925, 2, 5273, 1 },
    { 0x2f926, 0x2f926, 2, 5274, 1 },
    { 0x2f927, 0x2f927, 2, 5275, 1 },
    { 0x2f928, 0x2f928, 2, 5276, 1 },
    { 0x2f929, 0x2f929, 2, 5277, 1 },
    { 0x2f92a, 0x2f92a, 2, 5278, 1 },
    { 0x2f92b, 0x2f92b, 2, 5279, 1 },
    { 0x2f92c, 0x2f92d, 2, 5280, 1 },
    { 0x2f92e, 0x2f92e, 2, 5281, 1 },
    { 0x2f92f, 0x2f92f, 2, 5282, 1 },
    { 0x2f930, 0x2f930, 2, 3503, 1 },
    { 0x2f931, 0x2f931, 2, 5283, 1 },
    { 0x2f932, 0x2f932, 2, 5284, 1 },
    { 0x2f933, 0x2f933, 2, 5285, 1 },
    { 0x2f934, 0x2f934, 2, 5286, 1 },
    { 0x2f935, 0x2f935, 2, 5287, 1 },
    { 0x2f936, 0x2f936, 2, 5288, 1 },
    { 0x2f937, 0x2f937, 2, 5289, 1 },
    { 0x2f938, 0x2f938, 2, 3230, 1 },
    { 0x2f939, 0x2f939, 2, 5290, 1 },
    { 0x2f93a, 0x2f93a, 2, 5291, 1 },
    { 0x2f93b, 0x2f93b, 2, 5292, 1 },
    { 0x2f93c, 0x2f93c, 2, 5293, 1 },
    { 0x2f93d, 0x2f93d, 2, 5294, 1 },
    { 0x2f93e, 0x2f93e, 2, 5295, 1 },
    { 0x2f93f, 0x2f93f, 2, 5296, 1 },
    { 0x2f940, 0x2f940, 2, 3509, 1 },
    { 0x2f941, 0x2f941, 2, 5297, 1 },
    { 0x2f942, 0x2f942, 2, 5298, 1 },
    { 0x2f943, 0x2f943, 2, 5299, 1 },
    { 0x2f944, 0x2f944, 2, 5300, 1 },
    { 0x2f945, 0x2f945, 2, 5301, 1 },
    { 0x2f946, 0x2f947, 2, 5302, 1 },
    { 0x2f948, 0x2f948, 2, 3510, 1 },
    { 0x2f949, 0x2f949, 2, 3539, 1 },
    { 0x2f94a, 0x2f94a, 2, 5303, 1 },
    { 0x2f94b, 0x2f94b, 2, 5304, 1 },
    { 0x2f94c, 0x2f94c, 2, 5305, 1 },
    { 0x2f94d, 0x2f94d, 2, 5306, 1 },
    { 0x2f94e, 0x2f94e, 2, 5307, 1 },
    { 0x2f94f, 0x2f94f, 2, 3193, 1 },
    { 0x2f950, 0x2f950, 2, 3512, 1 },
    { 0x2f951, 0x2f951, 2, 5308, 1 },
    { 0x2f952, 0x2f952, 2, 5309, 1 },
    { 0x2f953, 0x2f953, 2, 3440, 1 },
    { 0x2f954, 0x2f954, 2, 5310, 1 },
    { 0x2f955, 0x2f955, 2, 5311, 1 },
    { 0x2f956, 0x2f956, 2, 3397, 1 },
    { 0x2f957, 0x2f957, 2, 5312, 1 },
    { 0x2f958, 0x2f958, 2, 5313, 1 },
    { 0x2f959, 0x2f959, 2, 3443, 1 },
    { 0x2f95a, 0x2f95a, 2, 5314, 1 },
    { 0x2f95b, 0x2f95b, 2, 5315, 1 },
    { 0x2f95c, 0x2f95c, 2, 5316, 1 },
    { 0x2f95d, 0x2f95e, 2, 5317, 1 },
    { 0x2f95f, 0x2f95f, 2, 5318, 1 },
    { 0x2f960, 0x2f960, 2, 5319, 1 },
    { 0x2f961, 0x2f961, 2, 5320, 1 },
    { 0x2f962, 0x2f962, 2, 5321, 1 },
    { 0x2f963, 0x2f963, 2, 5322, 1 },
    { 0x2f964, 0x2f964, 2, 5323, 1 },
    { 0x2f965, 0x2f965, 2, 5324, 1 },
    { 0x2f966, 0x2f966, 2, 5325, 1 },
    { 0x2f967, 0x2f967, 2, 5326, 1 },
    { 0x2f968, 0x2f968, 2, 5327, 1 },
    { 0x2f969, 0x2f969, 2, 5328, 1 },
    { 0x2f96a, 0x2f96a, 2, 5329, 1 },
    { 0x2f96b, 0x2f96b, 2, 5330, 1 },
    { 0x2f96c, 0x2f96c, 2, 5331, 1 },
    { 0x2f96d, 0x2f96d, 2, 5332, 1 },
    { 0x2f96e, 0x2f96e, 2, 5333, 1 },
    { 0x2f96f, 0x2f96f, 2, 5334, 1 },
    { 0x2f970, 0x2f970, 2, 5335, 1 },
    { 0x2f971, 0x2f971, 2, 5336, 1 },
    { 0x2f972, 0x2f972, 2, 5337, 1 },
    { 0x2f973, 0x2f973, 2, 5338, 1 },
    { 0x2f974, 0x2f974, 2, 5339, 1 },
    { 0x2f975, 0x2f975, 2, 5340, 1 },
    { 0x2f976, 0x2f976, 2, 5341, 1 },
    { 0x2f977, 0x2f977, 2, 5342, 1 },
    { 0x2f978, 0x2f978, 2, 5343, 1 },
    { 0x2f979, 0x2f979, 2, 5344, 1 },
    { 0x2f97a, 0x2f97a, 2, 3449, 1 },
    { 0x2f97b, 0x2f97b, 2, 5345, 1 },
    { 0x2f97c, 0x2f97c, 2, 5346, 1 },
    { 0x2f97d, 0x2f97d, 2, 5347, 1 },
    { 0x2f97e, 0x2f97e, 2, 5348, 1 },
    { 0x2f97f, 0x2f97f, 2, 5349, 1 },
    { 0x2f980, 0x2f980, 2, 5350, 1 },
    { 0x2f981, 0x2f981, 2, 5351, 1 },
    { 0x2f982, 0x2f982, 2, 5352, 1 },
    { 0x2f983, 0x2f983, 2, 5353, 1 },
    { 0x2f984, 0x2f984, 2, 5354, 1 },
    { 0x2f985, 0x2f985, 2, 5355, 1 },
    { 0x2f986, 0x2f986, 2, 5356, 1 },
    { 0x2f987, 0x2f987, 2, 5357, 1 },
    { 0x2f988, 0x2f988, 2, 5358, 1 },
    { 0x2f989, 0x2f989, 2, 5359, 1 },
    { 0x2f98a, 0x2f98a, 2, 5360, 1 },
    { 0x2f98b, 0x2f98b, 2, 5146, 1 },
    { 0x2f98c, 0x2f98c, 2, 5361, 1 },
    { 0x2f98d, 0x2f98d, 2, 5362, 1 },
    { 0x2f98e, 0x2f98e, 2, 5363, 1 },
    { 0x2f98f, 0x2f98f, 2, 5364, 1 },
    { 0x2f990, 0x2f990, 2, 5365, 1 },
    { 0x2f991, 0x2f991, 2, 5366, 1 },
    { 0x2f992, 0x2f992, 2, 5367, 1 },
    { 0x2f993, 0x2f993, 2, 5368, 1 },
    { 0x2f994, 0x2f994, 2, 5369, 1 },
    { 0x2f995, 0x2f995, 2, 5370, 1 },
    { 0x2f996, 0x2f996, 2, 5371, 1 },
    { 0x2f997, 0x2f997, 2, 5372, 1 },
    { 0x2f998, 0x2f998, 2, 3247, 1 },
    { 0x2f999, 0x2f999, 2, 5373, 1 },
    { 0x2f99a, 0x2f99a, 2, 5374, 1 },
    { 0x2f99b, 0x2f99b, 2, 5375, 1 },
    { 0x2f99c, 0x2f99c, 2, 5376, 1 },
    { 0x2f99d, 0x2f99d, 2, 5377, 1 },
    { 0x2f99e, 0x2f99e, 2, 5378, 1 },
    { 0x2f99f, 0x2f99f, 2, 3452, 1 },
    { 0x2f9a0, 0x2f9a0, 2, 5379, 1 },
    { 0x2f9a1, 0x2f9a1, 2, 5380, 1 },
    { 0x2f9a2, 0x2f9a2, 2, 5381, 1 },
    { 0x2f9a3, 0x2f9a3, 2, 5382, 1 },
    { 0x2f9a4, 0x2f9a4, 2, 5383, 1 },
    { 0x2f9a5, 0x2f9a5, 2, 5384, 1 },
    { 0x2f9a6, 0x2f9a6, 2, 5385, 1 },
    { 0x2f9a7, 0x2f9a7, 2, 5386, 1 },
    { 0x2f9a8, 0x2f9a8, 2, 5387, 1 },
    { 0x2f9a9, 0x2f9a9, 2, 5388, 1 },
    { 0x2f9aa, 0x2f9aa, 2, 5389, 1 },
    { 0x2f9ab, 0x2f9ab, 2, 5390, 1 },
    { 0x2f9ac, 0x2f9ac, 2, 5391, 1 },
    { 0x2f9ad, 0x2f9ad, 2, 5392, 1 },
    { 0x2f9ae, 0x2f9ae, 2, 5393, 1 },
    { 0x2f9af, 0x2f9af, 2, 5394, 1 },
    { 0x2f9b0, 0x2f9b0, 2, 5395, 1 },
    { 0x2f9b1, 0x2f9b1, 2, 5396, 1 },
    { 0x2f9b2, 0x2f9b2, 2, 5397, 1 },
    { 0x2f9b3, 0x2f9b3, 2, 5398, 1 },
    { 0x2f9b4, 0x2f9b4, 2, 3188, 1 },
    { 0x2f9b5, 0x2f9b5, 2, 5399, 1 },
    { 0x2f9b6, 0x2f9b6, 2, 5400, 1 },
    { 0x2f9b7, 0x2f9b7, 2, 5401, 1 },
    { 0x2f9b8, 0x2f9b8, 2, 5402, 1 },
    { 0x2f9b9, 0x2f9b9, 2, 5403, 1 },
    { 0x2f9ba, 0x2f9ba, 2, 5404, 1 },
    { 0x2f9bb, 0x2f9bb, 2, 3519, 1 },
    { 0x2f9bc, 0x2f9bc, 2, 5405, 1 },
    { 0x2f9bd, 0x2f9bd, 2, 5406, 1 },
    { 0x2f9be, 0x2f9be, 2, 5407, 1 },
    { 0x2f9bf, 0x2f9bf, 2, 5408, 1 },
    { 0x2f9c0, 0x2f9c0, 2, 5409, 1 },
    { 0x2f9c1, 0x2f9c1, 2, 5410, 1 },
    { 0x2f9c2, 0x2f9c2, 2, 5411, 1 },
    { 0x2f9c3, 0x2f9c3, 2, 5412, 1 },
    { 0x2f9c4, 0x2f9c4, 2, 1642, 1 },
    { 0x2f9c5, 0x2f9c5, 2, 5413, 1 },
    { 0x2f9c6, 0x2f9c6, 2, 5414, 1 },
    { 0x2f9c7, 0x2f9c7, 2, 5415, 1 },
    { 0x2f9c8, 0x2f9c8, 2, 5416, 1 },
    { 0x2f9c9, 0x2f9c9, 2, 5417, 1 },
    { 0x2f9ca, 0x2f9ca, 2, 5418, 1 },
    { 0x2f9cb, 0x2f9cb, 2, 5419, 1 },
    { 0x2f9cc, 0x2f9cc, 2, 5420, 1 },
    { 0x2f9cd, 0x2f9cd, 2, 5421, 1 },
    { 0x2f9ce, 0x2f9ce, 2, 5422, 1 },
    { 0x2f9cf, 0x2f9cf, 2, 5423, 1 },
    { 0x2f9d0, 0x2f9d0, 2, 3524, 1 },
    { 0x2f9d1, 0x2f9d1, 2, 3525, 1 },
    { 0x2f9d2, 0x2f9d2, 2, 1649, 1 },
    { 0x2f9d3, 0x2f9d3, 2, 5424, 1 },
    { 0x2f9d4, 0x2f9d4, 2, 5425, 1 },
    { 0x2f9d5, 0x2f9d5, 2, 5426, 1 },
    { 0x2f9d6, 0x2f9d6, 2, 5427, 1 },
    { 0x2f9d7, 0x2f9d7, 2, 5428, 1 },
    { 0x2f9d8, 0x2f9d8, 2, 5429, 1 },
    { 0x2f9d9, 0x2f9d9, 2, 5430, 1 },
    { 0x2f9da, 0x2f9da, 2, 5431, 1 },
    { 0x2f9db, 0x2f9db, 2, 5432, 1 },
    { 0x2f9dc, 0x2f9dc, 2, 5433, 1 },
    { 0x2f9dd, 0x2f9dd, 2, 5434, 1 },
    { 0x2f9de, 0x2f9de, 2, 5435, 1 },
    { 0x2f9df, 0x2f9df, 2, 3526, 1 },
    { 0x2f9e0, 0x2f9e0, 2, 5436, 1 },
    { 0x2f9e1, 0x2f9e1, 2, 5437, 1 },
    { 0x2f9e2, 0x2f9e2, 2, 5438, 1 },
    { 0x2f9e3, 0x2f9e3, 2, 5439, 1 },
    { 0x2f9e4, 0x2f9e4, 2, 5440, 1 },
    { 0x2f9e5, 0x2f9e5, 2, 5441, 1 },
    { 0x2f9e6, 0x2f9e6, 2, 5442, 1 },
    { 0x2f9e7, 0x2f9e7, 2, 5443, 1 },
    { 0x2f9e8, 0x2f9e8, 2, 5444, 1 },
    { 0x2f9e9, 0x2f9e9, 2, 5445, 1 },
    { 0x2f9ea, 0x2f9ea, 2, 5446, 1 },
    { 0x2f9eb, 0x2f9eb, 2, 5447, 1 },
    { 0x2f9ec, 0x2f9ec, 2, 5448, 1 },
    { 0x2f9ed, 0x2f9ed, 2, 5449, 1 },
    { 0x2f9ee, 0x2f9ee, 2, 5450, 1 },
    { 0x2f9ef, 0x2f9ef, 2, 5451, 1 },
    { 0x2f9f0, 0x2f9f0, 2, 5452, 1 },
    { 0x2f9f1, 0x2f9f1, 2, 5453, 1 },
    { 0x2f9f2, 0x2f9f2, 2, 5454, 1 },
    { 0x2f9f3, 0x2f9f3, 2, 5455, 1 },
    { 0x2f9f4, 0x2f9f4, 2, 5456, 1 },
    { 0x2f9f5, 0x2f9f5, 2, 5457, 1 },
    { 0x2f9f6, 0x2f9f6, 2, 5458, 1 },
    { 0x2f9f7, 0x2f9f7, 2, 5459, 1 },
    { 0x2f9f8, 0x2f9f8, 2, 5460, 1 },
    { 0x2f9f9, 0x2f9f9, 2, 5461, 1 },
    { 0x2f9fa, 0x2f9fa, 2, 5462, 1 },
    { 0x2f9fb, 0x2f9fb, 2, 5463, 1 },
    { 0x2f9fc, 0x2f9fc, 2, 5464, 1 },
    { 0x2f9fd, 0x2f9fd, 2, 5465, 1 },
    { 0x2f9fe, 0x2f9ff, 2, 3532, 1 },
    { 0x2fa00, 0x2fa00, 2, 5466, 1 },
    { 0x2fa01, 0x2fa01, 2, 5467, 1 },
    { 0x2fa02, 0x2fa02, 2, 5468, 1 },
    { 0x2fa03, 0x2fa03, 2, 5469, 1 },
    { 0x2fa04, 0x2fa04, 2, 5470, 1 },
    { 0x2fa05, 0x2fa05, 2, 5471, 1 },
    { 0x2fa06, 0x2fa06, 2, 5472, 1 },
    { 0x2fa07, 0x2fa07, 2, 5473, 1 },
    { 0x2fa08, 0x2fa08, 2, 5474, 1 },
    { 0x2fa09, 0x2fa09, 2, 5475, 1 },
    { 0x2fa0a, 0x2fa0a, 2, 3533, 1 },
    { 0x2fa0b, 0x2fa0b, 2, 5476, 1 },
    { 0x2fa0c, 0x2fa0c, 2, 5477, 1 },
    { 0x2fa0d, 0x2fa0d, 2, 5478, 1 },
    { 0x2fa0e, 0x2fa0e, 2, 5479, 1 },
    { 0x2fa0f, 0x2fa0f, 2, 5480, 1 },
    { 0x2fa10, 0x2fa10, 2, 5481, 1 },
    { 0x2fa11, 0x2fa11, 2, 5482, 1 },
    { 0x2fa12, 0x2fa12, 2, 5483, 1 },
    { 0x2fa13, 0x2fa13, 2, 5484, 1 },
    { 0x2fa14, 0x2fa14, 2, 5485, 1 },
    { 0x2fa15, 0x2fa15, 2, 1697, 1 },
    { 0x2fa16, 0x2fa16, 2, 5486, 1 },
    { 0x2fa17, 0x2fa17, 2, 1701, 1 },
    { 0x2fa18, 0x2fa18, 2, 5487, 1 },
    { 0x2fa19, 0x2fa19, 2, 5488, 1 },
    { 0x2fa1a, 0x2fa1a, 2, 5489, 1 },
    { 0x2fa1b, 0x2fa1b, 2, 5490, 1 },
    { 0x2fa1c, 0x2fa1c, 2, 1706, 1 },
    { 0x2fa1d, 0x2fa1d, 2, 5491, 1 },
    { 0x2fa1e, 0x2ffff, 3, 0, 0 },
    { 0x30000, 0x3134a, 0, 0, 0 },
    { 0x3134b, 0x3134f, 3, 0, 0 },
    { 0x31350, 0x33479, 0, 0, 0 },
    { 0x3347a, 0xe00ff, 3, 0, 0 },
    { 0xe0100, 0xe01ef, 1, 0, 0 },
    { 0xe01f0, 0x10ffff, 3, 0, 0 },
};

/* RFC 5892 A.1/A.2's data: Canonical_Combining_Class=Virama, and Joining_Type as the three sets
   A.1's regex distinguishes. */
static const uint32_t IDNA_VIRAMA[][2] = {
    { 0x94d, 0x94d },
    { 0x9cd, 0x9cd },
    { 0xa4d, 0xa4d },
    { 0xacd, 0xacd },
    { 0xb4d, 0xb4d },
    { 0xbcd, 0xbcd },
    { 0xc4d, 0xc4d },
    { 0xccd, 0xccd },
    { 0xd3b, 0xd3c },
    { 0xd4d, 0xd4d },
    { 0xdca, 0xdca },
    { 0xe3a, 0xe3a },
    { 0xeba, 0xeba },
    { 0xf84, 0xf84 },
    { 0x1039, 0x103a },
    { 0x1714, 0x1715 },
    { 0x1734, 0x1734 },
    { 0x17d2, 0x17d2 },
    { 0x1a60, 0x1a60 },
    { 0x1b44, 0x1b44 },
    { 0x1baa, 0x1bab },
    { 0x1bf2, 0x1bf3 },
    { 0x2d7f, 0x2d7f },
    { 0xa806, 0xa806 },
    { 0xa82c, 0xa82c },
    { 0xa8c4, 0xa8c4 },
    { 0xa953, 0xa953 },
    { 0xa9c0, 0xa9c0 },
    { 0xaaf6, 0xaaf6 },
    { 0xabed, 0xabed },
    { 0x10a3f, 0x10a3f },
    { 0x11046, 0x11046 },
    { 0x11070, 0x11070 },
    { 0x1107f, 0x1107f },
    { 0x110b9, 0x110b9 },
    { 0x11133, 0x11134 },
    { 0x111c0, 0x111c0 },
    { 0x11235, 0x11235 },
    { 0x112ea, 0x112ea },
    { 0x1134d, 0x1134d },
    { 0x113ce, 0x113d0 },
    { 0x11442, 0x11442 },
    { 0x114c2, 0x114c2 },
    { 0x115bf, 0x115bf },
    { 0x1163f, 0x1163f },
    { 0x116b6, 0x116b6 },
    { 0x1172b, 0x1172b },
    { 0x11839, 0x11839 },
    { 0x1193d, 0x1193e },
    { 0x119e0, 0x119e0 },
    { 0x11a34, 0x11a34 },
    { 0x11a47, 0x11a47 },
    { 0x11a99, 0x11a99 },
    { 0x11c3f, 0x11c3f },
    { 0x11d44, 0x11d45 },
    { 0x11d97, 0x11d97 },
    { 0x11f41, 0x11f42 },
    { 0x1612f, 0x1612f },
};

static const uint32_t IDNA_JT_LD[][2] = {
    { 0x620, 0x620 },
    { 0x626, 0x626 },
    { 0x628, 0x628 },
    { 0x62a, 0x62e },
    { 0x633, 0x63f },
    { 0x641, 0x647 },
    { 0x649, 0x64a },
    { 0x66e, 0x66f },
    { 0x678, 0x687 },
    { 0x69a, 0x6bf },
    { 0x6c1, 0x6c2 },
    { 0x6cc, 0x6cc },
    { 0x6ce, 0x6ce },
    { 0x6d0, 0x6d1 },
    { 0x6fa, 0x6fc },
    { 0x6ff, 0x6ff },
    { 0x712, 0x714 },
    { 0x71a, 0x71d },
    { 0x71f, 0x727 },
    { 0x729, 0x729 },
    { 0x72b, 0x72b },
    { 0x72d, 0x72e },
    { 0x74e, 0x758 },
    { 0x75c, 0x76a },
    { 0x76d, 0x770 },
    { 0x772, 0x772 },
    { 0x775, 0x777 },
    { 0x77a, 0x77f },
    { 0x7ca, 0x7ea },
    { 0x841, 0x845 },
    { 0x848, 0x848 },
    { 0x84a, 0x853 },
    { 0x855, 0x855 },
    { 0x860, 0x860 },
    { 0x862, 0x865 },
    { 0x868, 0x868 },
    { 0x886, 0x886 },
    { 0x889, 0x88d },
    { 0x88f, 0x88f },
    { 0x8a0, 0x8a9 },
    { 0x8af, 0x8b0 },
    { 0x8b3, 0x8b8 },
    { 0x8ba, 0x8c8 },
    { 0x1807, 0x1807 },
    { 0x1820, 0x1878 },
    { 0x1887, 0x18a8 },
    { 0x18aa, 0x18aa },
    { 0xa840, 0xa872 },
    { 0x10ac0, 0x10ac4 },
    { 0x10acd, 0x10acd },
    { 0x10ad3, 0x10adc },
    { 0x10ade, 0x10ae0 },
    { 0x10aeb, 0x10aee },
    { 0x10b80, 0x10b80 },
    { 0x10b82, 0x10b82 },
    { 0x10b86, 0x10b88 },
    { 0x10b8a, 0x10b8b },
    { 0x10b8d, 0x10b8d },
    { 0x10b90, 0x10b90 },
    { 0x10bad, 0x10bae },
    { 0x10d00, 0x10d21 },
    { 0x10d23, 0x10d23 },
    { 0x10ec3, 0x10ec4 },
    { 0x10ec6, 0x10ec7 },
    { 0x10f30, 0x10f32 },
    { 0x10f34, 0x10f44 },
    { 0x10f51, 0x10f53 },
    { 0x10f70, 0x10f73 },
    { 0x10f76, 0x10f81 },
    { 0x10fb0, 0x10fb0 },
    { 0x10fb2, 0x10fb3 },
    { 0x10fb8, 0x10fb8 },
    { 0x10fbb, 0x10fbc },
    { 0x10fbe, 0x10fbf },
    { 0x10fc1, 0x10fc1 },
    { 0x10fc4, 0x10fc4 },
    { 0x10fca, 0x10fcb },
    { 0x1e900, 0x1e943 },
};

static const uint32_t IDNA_JT_T[][2] = {
    { 0xad, 0xad },
    { 0x300, 0x36f },
    { 0x483, 0x489 },
    { 0x591, 0x5bd },
    { 0x5bf, 0x5bf },
    { 0x5c1, 0x5c2 },
    { 0x5c4, 0x5c5 },
    { 0x5c7, 0x5c7 },
    { 0x610, 0x61a },
    { 0x61c, 0x61c },
    { 0x64b, 0x65f },
    { 0x670, 0x670 },
    { 0x6d6, 0x6dc },
    { 0x6df, 0x6e4 },
    { 0x6e7, 0x6e8 },
    { 0x6ea, 0x6ed },
    { 0x70f, 0x70f },
    { 0x711, 0x711 },
    { 0x730, 0x74a },
    { 0x7a6, 0x7b0 },
    { 0x7eb, 0x7f3 },
    { 0x7fd, 0x7fd },
    { 0x816, 0x819 },
    { 0x81b, 0x823 },
    { 0x825, 0x827 },
    { 0x829, 0x82d },
    { 0x859, 0x85b },
    { 0x897, 0x89f },
    { 0x8ca, 0x8e1 },
    { 0x8e3, 0x902 },
    { 0x93a, 0x93a },
    { 0x93c, 0x93c },
    { 0x941, 0x948 },
    { 0x94d, 0x94d },
    { 0x951, 0x957 },
    { 0x962, 0x963 },
    { 0x981, 0x981 },
    { 0x9bc, 0x9bc },
    { 0x9c1, 0x9c4 },
    { 0x9cd, 0x9cd },
    { 0x9e2, 0x9e3 },
    { 0x9fe, 0x9fe },
    { 0xa01, 0xa02 },
    { 0xa3c, 0xa3c },
    { 0xa41, 0xa42 },
    { 0xa47, 0xa48 },
    { 0xa4b, 0xa4d },
    { 0xa51, 0xa51 },
    { 0xa70, 0xa71 },
    { 0xa75, 0xa75 },
    { 0xa81, 0xa82 },
    { 0xabc, 0xabc },
    { 0xac1, 0xac5 },
    { 0xac7, 0xac8 },
    { 0xacd, 0xacd },
    { 0xae2, 0xae3 },
    { 0xafa, 0xaff },
    { 0xb01, 0xb01 },
    { 0xb3c, 0xb3c },
    { 0xb3f, 0xb3f },
    { 0xb41, 0xb44 },
    { 0xb4d, 0xb4d },
    { 0xb55, 0xb56 },
    { 0xb62, 0xb63 },
    { 0xb82, 0xb82 },
    { 0xbc0, 0xbc0 },
    { 0xbcd, 0xbcd },
    { 0xc00, 0xc00 },
    { 0xc04, 0xc04 },
    { 0xc3c, 0xc3c },
    { 0xc3e, 0xc40 },
    { 0xc46, 0xc48 },
    { 0xc4a, 0xc4d },
    { 0xc55, 0xc56 },
    { 0xc62, 0xc63 },
    { 0xc81, 0xc81 },
    { 0xcbc, 0xcbc },
    { 0xcbf, 0xcbf },
    { 0xcc6, 0xcc6 },
    { 0xccc, 0xccd },
    { 0xce2, 0xce3 },
    { 0xd00, 0xd01 },
    { 0xd3b, 0xd3c },
    { 0xd41, 0xd44 },
    { 0xd4d, 0xd4d },
    { 0xd62, 0xd63 },
    { 0xd81, 0xd81 },
    { 0xdca, 0xdca },
    { 0xdd2, 0xdd4 },
    { 0xdd6, 0xdd6 },
    { 0xe31, 0xe31 },
    { 0xe34, 0xe3a },
    { 0xe47, 0xe4e },
    { 0xeb1, 0xeb1 },
    { 0xeb4, 0xebc },
    { 0xec8, 0xece },
    { 0xf18, 0xf19 },
    { 0xf35, 0xf35 },
    { 0xf37, 0xf37 },
    { 0xf39, 0xf39 },
    { 0xf71, 0xf7e },
    { 0xf80, 0xf84 },
    { 0xf86, 0xf87 },
    { 0xf8d, 0xf97 },
    { 0xf99, 0xfbc },
    { 0xfc6, 0xfc6 },
    { 0x102d, 0x1030 },
    { 0x1032, 0x1037 },
    { 0x1039, 0x103a },
    { 0x103d, 0x103e },
    { 0x1058, 0x1059 },
    { 0x105e, 0x1060 },
    { 0x1071, 0x1074 },
    { 0x1082, 0x1082 },
    { 0x1085, 0x1086 },
    { 0x108d, 0x108d },
    { 0x109d, 0x109d },
    { 0x135d, 0x135f },
    { 0x1712, 0x1714 },
    { 0x1732, 0x1733 },
    { 0x1752, 0x1753 },
    { 0x1772, 0x1773 },
    { 0x17b4, 0x17b5 },
    { 0x17b7, 0x17bd },
    { 0x17c6, 0x17c6 },
    { 0x17c9, 0x17d3 },
    { 0x17dd, 0x17dd },
    { 0x180b, 0x180d },
    { 0x180f, 0x180f },
    { 0x1885, 0x1886 },
    { 0x18a9, 0x18a9 },
    { 0x1920, 0x1922 },
    { 0x1927, 0x1928 },
    { 0x1932, 0x1932 },
    { 0x1939, 0x193b },
    { 0x1a17, 0x1a18 },
    { 0x1a1b, 0x1a1b },
    { 0x1a56, 0x1a56 },
    { 0x1a58, 0x1a5e },
    { 0x1a60, 0x1a60 },
    { 0x1a62, 0x1a62 },
    { 0x1a65, 0x1a6c },
    { 0x1a73, 0x1a7c },
    { 0x1a7f, 0x1a7f },
    { 0x1ab0, 0x1add },
    { 0x1ae0, 0x1aeb },
    { 0x1b00, 0x1b03 },
    { 0x1b34, 0x1b34 },
    { 0x1b36, 0x1b3a },
    { 0x1b3c, 0x1b3c },
    { 0x1b42, 0x1b42 },
    { 0x1b6b, 0x1b73 },
    { 0x1b80, 0x1b81 },
    { 0x1ba2, 0x1ba5 },
    { 0x1ba8, 0x1ba9 },
    { 0x1bab, 0x1bad },
    { 0x1be6, 0x1be6 },
    { 0x1be8, 0x1be9 },
    { 0x1bed, 0x1bed },
    { 0x1bef, 0x1bf1 },
    { 0x1c2c, 0x1c33 },
    { 0x1c36, 0x1c37 },
    { 0x1cd0, 0x1cd2 },
    { 0x1cd4, 0x1ce0 },
    { 0x1ce2, 0x1ce8 },
    { 0x1ced, 0x1ced },
    { 0x1cf4, 0x1cf4 },
    { 0x1cf8, 0x1cf9 },
    { 0x1dc0, 0x1dff },
    { 0x200b, 0x200b },
    { 0x200e, 0x200f },
    { 0x202a, 0x202e },
    { 0x2060, 0x2064 },
    { 0x206a, 0x206f },
    { 0x20d0, 0x20f0 },
    { 0x2cef, 0x2cf1 },
    { 0x2d7f, 0x2d7f },
    { 0x2de0, 0x2dff },
    { 0x302a, 0x302d },
    { 0x3099, 0x309a },
    { 0xa66f, 0xa672 },
    { 0xa674, 0xa67d },
    { 0xa69e, 0xa69f },
    { 0xa6f0, 0xa6f1 },
    { 0xa802, 0xa802 },
    { 0xa806, 0xa806 },
    { 0xa80b, 0xa80b },
    { 0xa825, 0xa826 },
    { 0xa82c, 0xa82c },
    { 0xa8c4, 0xa8c5 },
    { 0xa8e0, 0xa8f1 },
    { 0xa8ff, 0xa8ff },
    { 0xa926, 0xa92d },
    { 0xa947, 0xa951 },
    { 0xa980, 0xa982 },
    { 0xa9b3, 0xa9b3 },
    { 0xa9b6, 0xa9b9 },
    { 0xa9bc, 0xa9bd },
    { 0xa9e5, 0xa9e5 },
    { 0xaa29, 0xaa2e },
    { 0xaa31, 0xaa32 },
    { 0xaa35, 0xaa36 },
    { 0xaa43, 0xaa43 },
    { 0xaa4c, 0xaa4c },
    { 0xaa7c, 0xaa7c },
    { 0xaab0, 0xaab0 },
    { 0xaab2, 0xaab4 },
    { 0xaab7, 0xaab8 },
    { 0xaabe, 0xaabf },
    { 0xaac1, 0xaac1 },
    { 0xaaec, 0xaaed },
    { 0xaaf6, 0xaaf6 },
    { 0xabe5, 0xabe5 },
    { 0xabe8, 0xabe8 },
    { 0xabed, 0xabed },
    { 0xfb1e, 0xfb1e },
    { 0xfe00, 0xfe0f },
    { 0xfe20, 0xfe2f },
    { 0xfeff, 0xfeff },
    { 0xfff9, 0xfffb },
    { 0x101fd, 0x101fd },
    { 0x102e0, 0x102e0 },
    { 0x10376, 0x1037a },
    { 0x10a01, 0x10a03 },
    { 0x10a05, 0x10a06 },
    { 0x10a0c, 0x10a0f },
    { 0x10a38, 0x10a3a },
    { 0x10a3f, 0x10a3f },
    { 0x10ae5, 0x10ae6 },
    { 0x10d24, 0x10d27 },
    { 0x10d69, 0x10d6d },
    { 0x10eab, 0x10eac },
    { 0x10efa, 0x10eff },
    { 0x10f46, 0x10f50 },
    { 0x10f82, 0x10f85 },
    { 0x11001, 0x11001 },
    { 0x11038, 0x11046 },
    { 0x11070, 0x11070 },
    { 0x11073, 0x11074 },
    { 0x1107f, 0x11081 },
    { 0x110b3, 0x110b6 },
    { 0x110b9, 0x110ba },
    { 0x110c2, 0x110c2 },
    { 0x11100, 0x11102 },
    { 0x11127, 0x1112b },
    { 0x1112d, 0x11134 },
    { 0x11173, 0x11173 },
    { 0x11180, 0x11181 },
    { 0x111b6, 0x111be },
    { 0x111c9, 0x111cc },
    { 0x111cf, 0x111cf },
    { 0x1122f, 0x11231 },
    { 0x11234, 0x11234 },
    { 0x11236, 0x11237 },
    { 0x1123e, 0x1123e },
    { 0x11241, 0x11241 },
    { 0x112df, 0x112df },
    { 0x112e3, 0x112ea },
    { 0x11300, 0x11301 },
    { 0x1133b, 0x1133c },
    { 0x11340, 0x11340 },
    { 0x11366, 0x1136c },
    { 0x11370, 0x11374 },
    { 0x113bb, 0x113c0 },
    { 0x113ce, 0x113ce },
    { 0x113d0, 0x113d0 },
    { 0x113d2, 0x113d2 },
    { 0x113e1, 0x113e2 },
    { 0x11438, 0x1143f },
    { 0x11442, 0x11444 },
    { 0x11446, 0x11446 },
    { 0x1145e, 0x1145e },
    { 0x114b3, 0x114b8 },
    { 0x114ba, 0x114ba },
    { 0x114bf, 0x114c0 },
    { 0x114c2, 0x114c3 },
    { 0x115b2, 0x115b5 },
    { 0x115bc, 0x115bd },
    { 0x115bf, 0x115c0 },
    { 0x115dc, 0x115dd },
    { 0x11633, 0x1163a },
    { 0x1163d, 0x1163d },
    { 0x1163f, 0x11640 },
    { 0x116ab, 0x116ab },
    { 0x116ad, 0x116ad },
    { 0x116b0, 0x116b5 },
    { 0x116b7, 0x116b7 },
    { 0x1171d, 0x1171d },
    { 0x1171f, 0x1171f },
    { 0x11722, 0x11725 },
    { 0x11727, 0x1172b },
    { 0x1182f, 0x11837 },
    { 0x11839, 0x1183a },
    { 0x1193b, 0x1193c },
    { 0x1193e, 0x1193e },
    { 0x11943, 0x11943 },
    { 0x119d4, 0x119d7 },
    { 0x119da, 0x119db },
    { 0x119e0, 0x119e0 },
    { 0x11a01, 0x11a0a },
    { 0x11a33, 0x11a38 },
    { 0x11a3b, 0x11a3e },
    { 0x11a47, 0x11a47 },
    { 0x11a51, 0x11a56 },
    { 0x11a59, 0x11a5b },
    { 0x11a8a, 0x11a96 },
    { 0x11a98, 0x11a99 },
    { 0x11b60, 0x11b60 },
    { 0x11b62, 0x11b64 },
    { 0x11b66, 0x11b66 },
    { 0x11c30, 0x11c36 },
    { 0x11c38, 0x11c3d },
    { 0x11c3f, 0x11c3f },
    { 0x11c92, 0x11ca7 },
    { 0x11caa, 0x11cb0 },
    { 0x11cb2, 0x11cb3 },
    { 0x11cb5, 0x11cb6 },
    { 0x11d31, 0x11d36 },
    { 0x11d3a, 0x11d3a },
    { 0x11d3c, 0x11d3d },
    { 0x11d3f, 0x11d45 },
    { 0x11d47, 0x11d47 },
    { 0x11d90, 0x11d91 },
    { 0x11d95, 0x11d95 },
    { 0x11d97, 0x11d97 },
    { 0x11ef3, 0x11ef4 },
    { 0x11f00, 0x11f01 },
    { 0x11f36, 0x11f3a },
    { 0x11f40, 0x11f40 },
    { 0x11f42, 0x11f42 },
    { 0x11f5a, 0x11f5a },
    { 0x13430, 0x13440 },
    { 0x13447, 0x13455 },
    { 0x1611e, 0x16129 },
    { 0x1612d, 0x1612f },
    { 0x16af0, 0x16af4 },
    { 0x16b30, 0x16b36 },
    { 0x16f4f, 0x16f4f },
    { 0x16f8f, 0x16f92 },
    { 0x16fe4, 0x16fe4 },
    { 0x1bc9d, 0x1bc9e },
    { 0x1bca0, 0x1bca3 },
    { 0x1cf00, 0x1cf2d },
    { 0x1cf30, 0x1cf46 },
    { 0x1d167, 0x1d169 },
    { 0x1d173, 0x1d182 },
    { 0x1d185, 0x1d18b },
    { 0x1d1aa, 0x1d1ad },
    { 0x1d242, 0x1d244 },
    { 0x1da00, 0x1da36 },
    { 0x1da3b, 0x1da6c },
    { 0x1da75, 0x1da75 },
    { 0x1da84, 0x1da84 },
    { 0x1da9b, 0x1da9f },
    { 0x1daa1, 0x1daaf },
    { 0x1e000, 0x1e006 },
    { 0x1e008, 0x1e018 },
    { 0x1e01b, 0x1e021 },
    { 0x1e023, 0x1e024 },
    { 0x1e026, 0x1e02a },
    { 0x1e08f, 0x1e08f },
    { 0x1e130, 0x1e136 },
    { 0x1e2ae, 0x1e2ae },
    { 0x1e2ec, 0x1e2ef },
    { 0x1e4ec, 0x1e4ef },
    { 0x1e5ee, 0x1e5ef },
    { 0x1e6e3, 0x1e6e3 },
    { 0x1e6e6, 0x1e6e6 },
    { 0x1e6ee, 0x1e6ef },
    { 0x1e6f5, 0x1e6f5 },
    { 0x1e8d0, 0x1e8d6 },
    { 0x1e944, 0x1e94b },
    { 0xe0001, 0xe0001 },
    { 0xe0020, 0xe007f },
    { 0xe0100, 0xe01ef },
};

static const uint32_t IDNA_JT_RD[][2] = {
    { 0x620, 0x620 },
    { 0x622, 0x63f },
    { 0x641, 0x64a },
    { 0x66e, 0x66f },
    { 0x671, 0x673 },
    { 0x675, 0x6d3 },
    { 0x6d5, 0x6d5 },
    { 0x6ee, 0x6ef },
    { 0x6fa, 0x6fc },
    { 0x6ff, 0x6ff },
    { 0x710, 0x710 },
    { 0x712, 0x72f },
    { 0x74d, 0x77f },
    { 0x7ca, 0x7ea },
    { 0x840, 0x858 },
    { 0x860, 0x860 },
    { 0x862, 0x865 },
    { 0x867, 0x86a },
    { 0x870, 0x882 },
    { 0x886, 0x886 },
    { 0x889, 0x88f },
    { 0x8a0, 0x8ac },
    { 0x8ae, 0x8c8 },
    { 0x1807, 0x1807 },
    { 0x1820, 0x1878 },
    { 0x1887, 0x18a8 },
    { 0x18aa, 0x18aa },
    { 0xa840, 0xa871 },
    { 0x10ac0, 0x10ac5 },
    { 0x10ac7, 0x10ac7 },
    { 0x10ac9, 0x10aca },
    { 0x10ace, 0x10ad6 },
    { 0x10ad8, 0x10ae1 },
    { 0x10ae4, 0x10ae4 },
    { 0x10aeb, 0x10aef },
    { 0x10b80, 0x10b91 },
    { 0x10ba9, 0x10bae },
    { 0x10d01, 0x10d23 },
    { 0x10ec2, 0x10ec4 },
    { 0x10ec6, 0x10ec7 },
    { 0x10f30, 0x10f44 },
    { 0x10f51, 0x10f54 },
    { 0x10f70, 0x10f81 },
    { 0x10fb0, 0x10fb0 },
    { 0x10fb2, 0x10fb6 },
    { 0x10fb8, 0x10fbf },
    { 0x10fc1, 0x10fc4 },
    { 0x10fc9, 0x10fca },
    { 0x1e900, 0x1e943 },
};

#endif
