/* GENERATED BY engine/fontsubset.mjs — DO NOT EDIT. Re-run the generator instead; that file's header
   carries the curl+unzip that obtains the input, the licence, and why each dropped table is sound to drop.

   THE FIRST AVAILABLE FONT (css-fonts-4 §5.2 "Matching font styles") of every document this engine presents,
   as a metrics-only sfnt: 'cmap', 'head', 'hhea', 'hmtx', 'maxp', copied byte for byte out of
   DejaVu Sans 2.37 (dejavu-fonts-ttf-2.37/ttf/DejaVuSans.ttf)
     https://sourceforge.net/projects/dejavu/files/dejavu/2.37/dejavu-fonts-ttf-2.37.zip/download
     sha256 7da195a74c55bef988d0d48f9508bd5d849425c1770dba5d7bfc6ce9ed848954
   Dropped: 'FFTM', 'GDEF', 'GPOS', 'GSUB', 'MATH', 'OS/2', 'cvt ', 'fpgm', 'gasp', 'glyf', 'kern', 'loca', 'name', 'post', 'prep'.

   WHAT IT ANSWERS, so a reader can check the parser without the font in front of them:
     'head' — Font Header Table    unitsPerEm       2048
     'maxp' — Maximum Profile      numGlyphs        6253
     'hhea' — Horizontal Header    numberOfHMetrics 6238
   numberOfHMetrics is BELOW numGlyphs, so this 'hmtx' is in the short form OpenType 'hmtx' — Horizontal
   Metrics Table's "the advance width value of the last record applies to all remaining glyph IDs" is about:
   glyph IDs 6238..6252 take the last record's advance. NO 'cmap' ENTRY IN THIS FACE REACHES THEM
   (the highest mapped glyph is 5920), so the repeat arithmetic is exercised by a synthetic face and not by a
   page — engine/fontsubset.mjs's header says why a face that WOULD reach it is disqualified.
   There is no 'vmtx' — the face carries no vertical advances, and css-writing-modes-4 §5.1.1
   "Vertical Typesetting and Font Features" makes synthesizing them a named capability rather than a
   substitution: core/fonts/open_type_metrics.c crashes there instead of handing back the horizontal number.

   THE LICENCE travels with the bytes, which is a condition of it: core/fonts/LICENSE.dejavu is the release's
   own LICENSE file, verbatim. Copyright (c) 2003 by Bitstream, Inc. All Rights Reserved. Bitstream Vera is a
   trademark of Bitstream, Inc. DejaVu changes are in public domain. Glyphs imported from Arev fonts are
   (c) Tavmjong Bah. The 'name' table is one of the dropped ones, so these bytes carry no font name at all. */
#include "core/fonts/default_font_data.h"

const unsigned char DEFAULT_FONT_SFNT[31116] = {
    0x00, 0x01, 0x00, 0x00, 0x00, 0x05, 0x00, 0x40, 0x00, 0x02, 0x00, 0x10, 0x63, 0x6d, 0x61, 0x70,
    0xc0, 0x49, 0x26, 0x00, 0x00, 0x00, 0x00, 0x5c, 0x00, 0x00, 0x17, 0x1a, 0x68, 0x65, 0x61, 0x64,
    0x0c, 0xe6, 0x01, 0xd6, 0x00, 0x00, 0x17, 0x78, 0x00, 0x00, 0x00, 0x36, 0x68, 0x68, 0x65, 0x61,
    0x0d, 0x9f, 0x1f, 0xcb, 0x00, 0x00, 0x17, 0xb0, 0x00, 0x00, 0x00, 0x24, 0x68, 0x6d, 0x74, 0x78,
    0x25, 0xa1, 0xdf, 0xad, 0x00, 0x00, 0x17, 0xd4, 0x00, 0x00, 0x61, 0x96, 0x6d, 0x61, 0x78, 0x70,
    0x1c, 0xda, 0x06, 0x71, 0x00, 0x00, 0x79, 0x6c, 0x00, 0x00, 0x00, 0x20, 0x00, 0x00, 0x00, 0x05,
    0x00, 0x00, 0x00, 0x03, 0x00, 0x00, 0x00, 0x2c, 0x00, 0x00, 0x00, 0x0a, 0x00, 0x00, 0x07, 0xd4,
    0x00, 0x01, 0x00, 0x00, 0x00, 0x00, 0x15, 0x10, 0x00, 0x03, 0x00, 0x01, 0x00, 0x00, 0x00, 0x2c,
    0x00, 0x03, 0x00, 0x0a, 0x00, 0x00, 0x07, 0xd4, 0x00, 0x04, 0x07, 0xa8, 0x00, 0x00, 0x01, 0xe6,
    0x01, 0x00, 0x00, 0x07, 0x00, 0xe6, 0x00, 0x00, 0x00, 0x7e, 0x02, 0xe9, 0x02, 0xee, 0x02, 0xf3,
    0x02, 0xf7, 0x03, 0x4f, 0x03, 0x53, 0x03, 0x58, 0x03, 0x5a, 0x03, 0x62, 0x03, 0x77, 0x03, 0x7f,
    0x03, 0x8a, 0x03, 0x8c, 0x03, 0xa1, 0x05, 0x25, 0x05, 0x56, 0x05, 0x5f, 0x05, 0x87, 0x05, 0x8a,
    0x05, 0xc3, 0x05, 0xc7, 0x05, 0xea, 0x05, 0xf4, 0x06, 0x07, 0x06, 0x0a, 0x06, 0x0c, 0x06, 0x15,
    0x06, 0x1b, 0x06, 0x1f, 0x06, 0x3a, 0x06, 0x55, 0x06, 0x57, 0x06, 0x5a, 0x06, 0x70, 0x06, 0x74,
    0x06, 0xbf, 0x06, 0xc8, 0x06, 0xcc, 0x06, 0xce, 0x06, 0xd0, 0x06, 0xd5, 0x06, 0xf9, 0x07, 0xe7,
    0x07, 0xf5, 0x07, 0xfa, 0x0e, 0x3f, 0x0e, 0x82, 0x0e, 0x84, 0x0e, 0x88, 0x0e, 0x8a, 0x0e, 0x8d,
    0x0e, 0x97, 0x0e, 0x9f, 0x0e, 0xa3, 0x0e, 0xa5, 0x0e, 0xa7, 0x0e, 0xab, 0x0e, 0xb9, 0x0e, 0xbd,
    0x0e, 0xc4, 0x0e, 0xc6, 0x0e, 0xcd, 0x0e, 0xd9, 0x0e, 0xdd, 0x10, 0xc5, 0x10, 0xfc, 0x14, 0x07,
    0x14, 0x1b, 0x14, 0x35, 0x14, 0x4a, 0x14, 0x52, 0x14, 0xbd, 0x14, 0xea, 0x15, 0x07, 0x15, 0x3e,
    0x15, 0x50, 0x15, 0x6a, 0x15, 0x85, 0x15, 0x96, 0x15, 0xaf, 0x15, 0xde, 0x15, 0xe1, 0x16, 0x47,
    0x16, 0x76, 0x16, 0x9c, 0x1d, 0x14, 0x1d, 0x23, 0x1d, 0x2e, 0x1d, 0x5b, 0x1d, 0x6a, 0x1d, 0x78,
    0x1d, 0x7b, 0x1d, 0x7d, 0x1d, 0x85, 0x1d, 0xbf, 0x1d, 0xc9, 0x1e, 0xfb, 0x1f, 0x15, 0x1f, 0x1d,
    0x1f, 0x45, 0x1f, 0x4d, 0x1f, 0x57, 0x1f, 0x59, 0x1f, 0x5b, 0x1f, 0x5d, 0x1f, 0x7d, 0x1f, 0xb4,
    0x1f, 0xc4, 0x1f, 0xd3, 0x1f, 0xdb, 0x1f, 0xef, 0x1f, 0xf4, 0x1f, 0xfe, 0x20, 0x64, 0x20, 0x71,
    0x20, 0x8e, 0x20, 0x9c, 0x20, 0xb5, 0x20, 0xba, 0x20, 0xbd, 0x20, 0xd1, 0x20, 0xd7, 0x20, 0xdc,
    0x20, 0xe1, 0x21, 0x09, 0x21, 0x49, 0x21, 0x4b, 0x21, 0x4e, 0x21, 0x85, 0x21, 0x89, 0x23, 0x11,
    0x23, 0x19, 0x23, 0x21, 0x23, 0x28, 0x23, 0x2c, 0x23, 0x75, 0x23, 0x7a, 0x23, 0x7d, 0x23, 0x87,
    0x23, 0x94, 0x23, 0xae, 0x23, 0xcf, 0x23, 0xe3, 0x23, 0xe5, 0x23, 0xe8, 0x24, 0x23, 0x24, 0x69,
    0x26, 0x9c, 0x26, 0xb8, 0x26, 0xc3, 0x26, 0xe2, 0x27, 0x04, 0x27, 0x09, 0x27, 0x27, 0x27, 0x4b,
    0x27, 0x4d, 0x27, 0x52, 0x27, 0x56, 0x27, 0x5e, 0x27, 0x94, 0x27, 0xaf, 0x27, 0xbe, 0x27, 0xc6,
    0x27, 0xe0, 0x27, 0xeb, 0x28, 0xff, 0x29, 0x07, 0x29, 0x0b, 0x29, 0x41, 0x29, 0x84, 0x29, 0xd5,
    0x29, 0xeb, 0x29, 0xfb, 0x2a, 0x02, 0x2a, 0x1c, 0x2a, 0x2f, 0x2a, 0x6b, 0x2a, 0xa0, 0x2a, 0xba,
    0x2a, 0xfa, 0x2b, 0x1a, 0x2b, 0x24, 0x2b, 0x54, 0x2c, 0x77, 0x2c, 0x7f, 0x2d, 0x25, 0x2d, 0x65,
    0x2d, 0x6f, 0x2e, 0x18, 0x2e, 0x1f, 0x2e, 0x25, 0x2e, 0x2e, 0x4d, 0xff, 0xa4, 0xff, 0xa6, 0x47,
    0xa6, 0x4d, 0xa6, 0x51, 0xa6, 0x57, 0xa6, 0x6e, 0xa6, 0x8d, 0xa6, 0x95, 0xa6, 0x99, 0xa7, 0x16,
    0xa7, 0x1f, 0xa7, 0x2b, 0xa7, 0x41, 0xa7, 0x4b, 0xa7, 0x53, 0xa7, 0x57, 0xa7, 0x67, 0xa7, 0x83,
    0xa7, 0x8e, 0xa7, 0x91, 0xa7, 0xaa, 0xa7, 0xff, 0xef, 0x19, 0xf0, 0x03, 0xf4, 0x26, 0xf4, 0x41,
    0xf6, 0xc5, 0xfb, 0x06, 0xfb, 0x17, 0xfb, 0x36, 0xfb, 0x3c, 0xfb, 0x3e, 0xfb, 0x41, 0xfb, 0x44,
    0xfb, 0x4f, 0xfb, 0xa3, 0xfb, 0xad, 0xfb, 0xdc, 0xfb, 0xdf, 0xfb, 0xe9, 0xfb, 0xff, 0xfe, 0x0f,
    0xfe, 0x23, 0xfe, 0x74, 0xfe, 0xfc, 0xfe, 0xff, 0xff, 0xfd, 0xff, 0xff, 0x00, 0x00, 0x00, 0x00,
    0x00, 0x20, 0x00, 0xa0, 0x02, 0xec, 0x02, 0xf3, 0x02, 0xf7, 0x03, 0x00, 0x03, 0x51, 0x03, 0x57,
    0x03, 0x5a, 0x03, 0x5c, 0x03, 0x70, 0x03, 0x7a, 0x03, 0x84, 0x03, 0x8c, 0x03, 0x8e, 0x03, 0xa3,
    0x05, 0x31, 0x05, 0x59, 0x05, 0x61, 0x05, 0x89, 0x05, 0xb0, 0x05, 0xc6, 0x05, 0xd0, 0x05, 0xf0,
    0x06, 0x06, 0x06, 0x09, 0x06, 0x0c, 0x06, 0x15, 0x06, 0x1b, 0x06, 0x1f, 0x06, 0x21, 0x06, 0x40,
    0x06, 0x57, 0x06, 0x5a, 0x06, 0x60, 0x06, 0x74, 0x06, 0x79, 0x06, 0xc6, 0x06, 0xcb, 0x06, 0xce,
    0x06, 0xd0, 0x06, 0xd5, 0x06, 0xf0, 0x07, 0xc0, 0x07, 0xeb, 0x07, 0xf8, 0x0e, 0x3f, 0x0e, 0x81,
    0x0e, 0x84, 0x0e, 0x87, 0x0e, 0x8a, 0x0e, 0x8d, 0x0e, 0x94, 0x0e, 0x99, 0x0e, 0xa1, 0x0e, 0xa5,
    0x0e, 0xa7, 0x0e, 0xaa, 0x0e, 0xad, 0x0e, 0xbb, 0x0e, 0xc0, 0x0e, 0xc6, 0x0e, 0xc8, 0x0e, 0xd0,
    0x0e, 0xdc, 0x10, 0xa0, 0x10, 0xd0, 0x14, 0x01, 0x14, 0x09, 0x14, 0x1d, 0x14, 0x37, 0x14, 0x4c,
    0x14, 0x54, 0x14, 0xc0, 0x14, 0xec, 0x15, 0x10, 0x15, 0x40, 0x15, 0x52, 0x15, 0x74, 0x15, 0x8a,
    0x15, 0xa0, 0x15, 0xde, 0x15, 0xe1, 0x16, 0x46, 0x16, 0x6e, 0x16, 0x80, 0x1d, 0x00, 0x1d, 0x16,
    0x1d, 0x26, 0x1d, 0x30, 0x1d, 0x5d, 0x1d, 0x77, 0x1d, 0x7b, 0x1d, 0x7d, 0x1d, 0x85, 0x1d, 0x9b,
    0x1d, 0xc4, 0x1e, 0x00, 0x1f, 0x00, 0x1f, 0x18, 0x1f, 0x20, 0x1f, 0x48, 0x1f, 0x50, 0x1f, 0x59,
    0x1f, 0x5b, 0x1f, 0x5d, 0x1f, 0x5f, 0x1f, 0x80, 0x1f, 0xb6, 0x1f, 0xc6, 0x1f, 0xd6, 0x1f, 0xdd,
    0x1f, 0xf2, 0x1f, 0xf6, 0x20, 0x00, 0x20, 0x6a, 0x20, 0x74, 0x20, 0x90, 0x20, 0xa0, 0x20, 0xb8,
    0x20, 0xbd, 0x20, 0xd0, 0x20, 0xd6, 0x20, 0xdb, 0x20, 0xe1, 0x21, 0x00, 0x21, 0x0b, 0x21, 0x4b,
    0x21, 0x4e, 0x21, 0x50, 0x21, 0x89, 0x21, 0x90, 0x23, 0x18, 0x23, 0x1c, 0x23, 0x24, 0x23, 0x2b,
    0x23, 0x73, 0x23, 0x7a, 0x23, 0x7d, 0x23, 0x87, 0x23, 0x94, 0x23, 0x9b, 0x23, 0xce, 0x23, 0xe3,
    0x23, 0xe5, 0x23, 0xe8, 0x24, 0x22, 0x24, 0x60, 0x25, 0x00, 0x26, 0x9e, 0x26, 0xc0, 0x26, 0xe2,
    0x27, 0x01, 0x27, 0x06, 0x27, 0x0c, 0x27, 0x29, 0x27, 0x4d, 0x27, 0x4f, 0x27, 0x56, 0x27, 0x58,
    0x27, 0x61, 0x27, 0x98, 0x27, 0xb1, 0x27, 0xc5, 0x27, 0xe0, 0x27, 0xe6, 0x27, 0xf0, 0x29, 0x06,
    0x29, 0x0a, 0x29, 0x40, 0x29, 0x83, 0x29, 0xce, 0x29, 0xeb, 0x29, 0xfa, 0x2a, 0x00, 0x2a, 0x0c,
    0x2a, 0x2f, 0x2a, 0x6a, 0x2a, 0x7d, 0x2a, 0xae, 0x2a, 0xf9, 0x2b, 0x00, 0x2b, 0x1f, 0x2b, 0x53,
    0x2c, 0x60, 0x2c, 0x79, 0x2d, 0x00, 0x2d, 0x30, 0x2d, 0x6f, 0x2e, 0x18, 0x2e, 0x1f, 0x2e, 0x22,
    0x2e, 0x2e, 0x4d, 0xc0, 0xa4, 0xd0, 0xa6, 0x44, 0xa6, 0x4c, 0xa6, 0x50, 0xa6, 0x54, 0xa6, 0x62,
    0xa6, 0x8a, 0xa6, 0x94, 0xa6, 0x98, 0xa7, 0x08, 0xa7, 0x1b, 0xa7, 0x22, 0xa7, 0x30, 0xa7, 0x46,
    0xa7, 0x4e, 0xa7, 0x56, 0xa7, 0x64, 0xa7, 0x80, 0xa7, 0x89, 0xa7, 0x90, 0xa7, 0xa0, 0xa7, 0xf8,
    0xef, 0x00, 0xf0, 0x00, 0xf4, 0x00, 0xf4, 0x28, 0xf6, 0xc5, 0xfb, 0x00, 0xfb, 0x13, 0xfb, 0x1d,
    0xfb, 0x38, 0xfb, 0x3e, 0xfb, 0x40, 0xfb, 0x43, 0xfb, 0x46, 0xfb, 0x52, 0xfb, 0xaa, 0xfb, 0xd3,
    0xfb, 0xde, 0xfb, 0xe4, 0xfb, 0xfc, 0xfe, 0x00, 0xfe, 0x20, 0xfe, 0x70, 0xfe, 0x76, 0xfe, 0xff,
    0xff, 0xf9, 0xff, 0xff, 0x00, 0x00, 0xff, 0xe3, 0xff, 0xc2, 0xff, 0xc0, 0xff, 0xbc, 0xff, 0xb9,
    0xff, 0xb1, 0xff, 0xb0, 0xff, 0xad, 0xff, 0xac, 0xff, 0xab, 0xff, 0x9e, 0xff, 0x9c, 0xff, 0x98,
    0xff, 0x97, 0xff, 0x96, 0xff, 0x95, 0xff, 0x8a, 0xff, 0x88, 0xff, 0x87, 0xff, 0x86, 0xff, 0x61,
    0xff, 0x5f, 0xff, 0x57, 0xff, 0x52, 0xff, 0x41, 0xff, 0x40, 0xff, 0x3f, 0xff, 0x37, 0xff, 0x32,
    0xff, 0x2f, 0xff, 0x2e, 0xff, 0x29, 0xff, 0x28, 0xff, 0x26, 0xff, 0x21, 0xff, 0x1e, 0xff, 0x1a,
    0xff, 0x14, 0xff, 0x12, 0xff, 0x11, 0xff, 0x10, 0xff, 0x0c, 0xfe, 0xf2, 0xfe, 0x2c, 0xfe, 0x29,
    0xfe, 0x27, 0xf7, 0xe3, 0xf7, 0xa2, 0xf7, 0xa1, 0xf7, 0x9f, 0xf7, 0x9e, 0xf7, 0x9c, 0xf7, 0x96,
    0xf7, 0x95, 0xf7, 0x94, 0xf7, 0x93, 0xf7, 0x92, 0xf7, 0x90, 0xf7, 0x8f, 0xf7, 0x8e, 0xf7, 0x8c,
    0xf7, 0x8b, 0xf7, 0x8a, 0xf7, 0x88, 0xf7, 0x86, 0xf5, 0xc4, 0xf5, 0xba, 0xf2, 0xb6, 0xf2, 0xb5,
    0xf2, 0xb4, 0xf2, 0xb3, 0xf2, 0xb2, 0xf2, 0xb1, 0xf2, 0xaf, 0xf2, 0xae, 0xf2, 0xa6, 0xf2, 0xa5,
    0xf2, 0xa4, 0xf2, 0x9b, 0xf2, 0x97, 0xf2, 0x8e, 0xf2, 0x60, 0xf2, 0x5e, 0xf1, 0xfa, 0xf1, 0xd4,
    0xf1, 0xcb, 0xeb, 0x68, 0xeb, 0x67, 0xeb, 0x65, 0xeb, 0x64, 0xeb, 0x63, 0xeb, 0x57, 0xeb, 0x55,
    0xeb, 0x54, 0xeb, 0x4d, 0xeb, 0x38, 0xeb, 0x34, 0xea, 0xfe, 0xea, 0xfa, 0xea, 0xf8, 0xea, 0xf6,
    0xea, 0xf4, 0xea, 0xf2, 0xea, 0xf1, 0xea, 0xf0, 0xea, 0xef, 0xea, 0xee, 0xea, 0xec, 0xea, 0xeb,
    0xea, 0xea, 0xea, 0xe8, 0xea, 0xe7, 0xea, 0xe5, 0xea, 0xe4, 0xea, 0xe3, 0xea, 0xde, 0xea, 0xdc,
    0xea, 0xdb, 0xea, 0xd8, 0xea, 0xd6, 0xea, 0xd4, 0xea, 0xc2, 0xea, 0xbe, 0xea, 0xbb, 0xea, 0xb7,
    0xea, 0x99, 0xea, 0x98, 0xea, 0x97, 0xea, 0x95, 0xea, 0x94, 0xea, 0x91, 0xea, 0x8b, 0xea, 0x85,
    0xea, 0x83, 0xea, 0x81, 0xea, 0x7f, 0xea, 0x39, 0xea, 0x35, 0xea, 0x33, 0xea, 0x2a, 0xea, 0x1e,
    0xea, 0x18, 0xe9, 0xf9, 0xe9, 0xe6, 0xe9, 0xe5, 0xe9, 0xe3, 0xe9, 0xaa, 0xe9, 0x6e, 0xe8, 0xd8,
    0xe8, 0xd7, 0xe8, 0xd0, 0xe8, 0xb2, 0xe8, 0x94, 0xe8, 0x93, 0xe8, 0x91, 0xe8, 0x90, 0xe8, 0x8f,
    0xe8, 0x8e, 0xe8, 0x8b, 0xe8, 0x8a, 0xe8, 0x88, 0xe8, 0x85, 0xe8, 0x84, 0xe8, 0x7e, 0xe8, 0x65,
    0xe8, 0x60, 0xe8, 0x5c, 0xe8, 0x56, 0xe8, 0x54, 0xe8, 0x20, 0xe7, 0xdf, 0xe7, 0x96, 0xe7, 0x81,
    0xe7, 0x73, 0xe7, 0x6f, 0xe7, 0x66, 0xe7, 0x54, 0xe7, 0x1a, 0xe7, 0x09, 0xe6, 0xfc, 0xe6, 0xbe,
    0xe6, 0xb9, 0xe6, 0xb5, 0xe6, 0x87, 0xe5, 0x7c, 0xe5, 0x7b, 0xe4, 0xfb, 0xe4, 0xf1, 0xe4, 0xe8,
    0xe4, 0x40, 0xe4, 0x3a, 0xe4, 0x38, 0xe4, 0x30, 0xc4, 0x9f, 0x6d, 0xcf, 0x6c, 0x8b, 0x6c, 0x87,
    0x6c, 0x85, 0x6c, 0x83, 0x6c, 0x79, 0x6c, 0x5e, 0x6c, 0x58, 0x6c, 0x56, 0x6b, 0xe8, 0x6b, 0xe4,
    0x6b, 0xe2, 0x6b, 0xde, 0x6b, 0xda, 0x6b, 0xd8, 0x6b, 0xd6, 0x6b, 0xca, 0x6b, 0xb2, 0x6b, 0xad,
    0x6b, 0xac, 0x6b, 0x9e, 0x6b, 0x51, 0x24, 0x51, 0x23, 0x6b, 0x1f, 0x6f, 0x1f, 0x6e, 0x1c, 0xeb,
    0x18, 0xb1, 0x18, 0xa5, 0x18, 0xa0, 0x18, 0x9f, 0x18, 0x9e, 0x18, 0x9d, 0x18, 0x9c, 0x18, 0x9b,
    0x18, 0x99, 0x18, 0x93, 0x18, 0x6e, 0x18, 0x6d, 0x18, 0x69, 0x18, 0x57, 0x16, 0x57, 0x16, 0x47,
    0x15, 0xfb, 0x15, 0xfa, 0x15, 0xf8, 0x14, 0xff, 0x00, 0x01, 0x00, 0x00, 0x00, 0x00, 0x00, 0x00,
    0x00, 0x00, 0x00, 0x00, 0x00, 0x00, 0x00, 0x00, 0x00, 0x00, 0x00, 0x00, 0x00, 0x00, 0x00, 0x00,
    0x00, 0x00, 0x00, 0x00, 0x00, 0x00, 0x00, 0x00, 0x00, 0x00, 0x00, 0x00, 0x00, 0x00, 0x00, 0x00,
    0x00, 0x00, 0x00, 0x00, 0x00, 0x00, 0x00, 0x00, 0x00, 0x00, 0x00, 0x00, 0x00, 0x00, 0x00, 0x00,
    0x00, 0x00, 0x00, 0x00, 0x00, 0x00, 0x00, 0x00, 0x00, 0x00, 0x00, 0x00, 0x00, 0x00, 0x00, 0x00,
    0x00, 0x00, 0x00, 0x00, 0x00, 0x00, 0x00, 0x00, 0x00, 0x00, 0x00, 0x00, 0x00, 0x00, 0x00, 0x00,
    0x00, 0x00, 0x00, 0x00, 0x00, 0x00, 0x00, 0x00, 0x00, 0x00, 0x00, 0x00, 0x00, 0x00, 0x00, 0x00,
    0x00, 0x00, 0x00, 0x00, 0x00, 0x00, 0x00, 0x00, 0x00, 0x00, 0x00, 0x00, 0x00, 0x00, 0x00, 0x00,
    0x00, 0x00, 0x00, 0x00, 0x00, 0x00, 0x00, 0x00, 0x00, 0x00, 0x00, 0x00, 0x00, 0x00, 0x00, 0x00,
    0x00, 0x00, 0x00, 0x00, 0x00, 0x00, 0x00, 0x00, 0x00, 0x00, 0x00, 0x00, 0x00, 0x00, 0x00, 0x00,
    0x00, 0x00, 0x00, 0x00, 0x00, 0x00, 0x00, 0x00, 0x00, 0x00, 0x00, 0x00, 0x00, 0x00, 0x00, 0x00,
    0x00, 0x00, 0x00, 0x00, 0x00, 0x00, 0x00, 0x00, 0x00, 0x00, 0x00, 0x00, 0x00, 0x00, 0x00, 0x00,
    0x00, 0x00, 0x00, 0x00, 0x00, 0x00, 0x00, 0x00, 0x00, 0x00, 0x00, 0x00, 0x00, 0x00, 0x00, 0x00,
    0x00, 0x00, 0x00, 0x00, 0x00, 0x00, 0x00, 0x00, 0x00, 0x00, 0x00, 0x00, 0x00, 0x00, 0x00, 0x00,
    0x00, 0x00, 0x00, 0x00, 0x00, 0x00, 0x00, 0x00, 0x00, 0x00, 0x00, 0x00, 0x00, 0x00, 0x00, 0x00,
    0x00, 0x00, 0x00, 0x00, 0x00, 0x00, 0x00, 0x00, 0x00, 0x00, 0x00, 0x00, 0x00, 0x00, 0x00, 0x00,
    0x00, 0x00, 0x00, 0x00, 0x00, 0x00, 0x00, 0x00, 0x00, 0x00, 0x00, 0x00, 0x00, 0x00, 0x00, 0x00,
    0x00, 0x00, 0x00, 0x00, 0x00, 0x00, 0x00, 0x00, 0x00, 0x00, 0x00, 0x00, 0x00, 0x00, 0x00, 0x00,
    0x00, 0x00, 0x00, 0x00, 0x00, 0x00, 0x00, 0x00, 0x00, 0x00, 0x00, 0x00, 0x00, 0x00, 0x00, 0x00,
    0x00, 0x00, 0x00, 0x00, 0x00, 0x00, 0x00, 0x00, 0x00, 0x00, 0x00, 0x00, 0x00, 0x00, 0x00, 0x00,
    0x00, 0x00, 0x00, 0x00, 0x00, 0x00, 0x00, 0x00, 0x00, 0x00, 0x00, 0x00, 0x00, 0x00, 0x00, 0x00,
    0x00, 0x00, 0x00, 0x00, 0x00, 0x00, 0x00, 0x00, 0x00, 0x00, 0x00, 0x00, 0x00, 0x00, 0x00, 0x00,
    0x00, 0x00, 0x00, 0x00, 0x00, 0x00, 0x00, 0x00, 0x00, 0x00, 0x00, 0x00, 0x00, 0x00, 0x00, 0x00,
    0x00, 0x00, 0x00, 0x00, 0x00, 0x00, 0x00, 0x00, 0x00, 0x00, 0x00, 0x00, 0x00, 0x00, 0x00, 0x00,
    0x00, 0x00, 0x00, 0x00, 0x00, 0x00, 0x00, 0x00, 0x00, 0x00, 0x00, 0x00, 0x00, 0x00, 0x00, 0x00,
    0x00, 0x00, 0x00, 0x00, 0x00, 0x00, 0x00, 0x00, 0x00, 0x00, 0x00, 0x00, 0x00, 0x00, 0x00, 0x00,
    0x00, 0x00, 0x00, 0x00, 0x00, 0x00, 0x00, 0x00, 0x00, 0x00, 0x00, 0x00, 0x00, 0x00, 0x00, 0x00,
    0x00, 0x00, 0x00, 0x00, 0x00, 0x00, 0x00, 0x00, 0x00, 0x00, 0x00, 0x00, 0x00, 0x00, 0x00, 0x00,
    0x00, 0x00, 0x00, 0x00, 0x00, 0x00, 0x00, 0x00, 0x00, 0x00, 0x00, 0x00, 0x00, 0x00, 0x00, 0x00,
    0x00, 0x00, 0x00, 0x00, 0x00, 0x00, 0x00, 0x00, 0x00, 0x00, 0x00, 0x00, 0x00, 0x00, 0x00, 0x00,
    0x00, 0x00, 0x00, 0x00, 0x00, 0x00, 0x00, 0x00, 0x00, 0x00, 0x00, 0x00, 0x00, 0x00, 0x00, 0x00,
    0x00, 0x0c, 0x00, 0x00, 0x00, 0x00, 0x0d, 0x3c, 0x00, 0x00, 0x00, 0x00, 0x00, 0x00, 0x01, 0x19,
    0x00, 0x00, 0x00, 0x20, 0x00, 0x00, 0x00, 0x7e, 0x00, 0x00, 0x00, 0x03, 0x00, 0x00, 0x00, 0xa0,
    0x00, 0x00, 0x02, 0xe9, 0x00, 0x00, 0x00, 0x62, 0x00, 0x00, 0x02, 0xec, 0x00, 0x00, 0x02, 0xee,
    0x00, 0x00, 0x02, 0xac, 0x00, 0x00, 0x02, 0xf3, 0x00, 0x00, 0x02, 0xf3, 0x00, 0x00, 0x02, 0xaf,
    0x00, 0x00, 0x02, 0xf7, 0x00, 0x00, 0x02, 0xf7, 0x00, 0x00, 0x02, 0xb0, 0x00, 0x00, 0x03, 0x00,
    0x00, 0x00, 0x03, 0x4f, 0x00, 0x00, 0x02, 0xb1, 0x00, 0x00, 0x03, 0x51, 0x00, 0x00, 0x03, 0x53,
    0x00, 0x00, 0x03, 0x01, 0x00, 0x00, 0x03, 0x57, 0x00, 0x00, 0x03, 0x58, 0x00, 0x00, 0x03, 0x04,
    0x00, 0x00, 0x03, 0x5a, 0x00, 0x00, 0x03, 0x5a, 0x00, 0x00, 0x03, 0x06, 0x00, 0x00, 0x03, 0x5c,
    0x00, 0x00, 0x03, 0x62, 0x00, 0x00, 0x03, 0x07, 0x00, 0x00, 0x03, 0x70, 0x00, 0x00, 0x03, 0x77,
    0x00, 0x00, 0x03, 0x0e, 0x00, 0x00, 0x03, 0x7a, 0x00, 0x00, 0x03, 0x7f, 0x00, 0x00, 0x03, 0x16,
    0x00, 0x00, 0x03, 0x84, 0x00, 0x00, 0x03, 0x8a, 0x00, 0x00, 0x03, 0x1c, 0x00, 0x00, 0x03, 0x8c,
    0x00, 0x00, 0x03, 0x8c, 0x00, 0x00, 0x03, 0x23, 0x00, 0x00, 0x03, 0x8e, 0x00, 0x00, 0x03, 0xa1,
    0x00, 0x00, 0x03, 0x24, 0x00, 0x00, 0x03, 0xa3, 0x00, 0x00, 0x05, 0x25, 0x00, 0x00, 0x03, 0x38,
    0x00, 0x00, 0x05, 0x31, 0x00, 0x00, 0x05, 0x56, 0x00, 0x00, 0x04, 0xbb, 0x00, 0x00, 0x05, 0x59,
    0x00, 0x00, 0x05, 0x5f, 0x00, 0x00, 0x04, 0xe1, 0x00, 0x00, 0x05, 0x61, 0x00, 0x00, 0x05, 0x87,
    0x00, 0x00, 0x04, 0xe8, 0x00, 0x00, 0x05, 0x89, 0x00, 0x00, 0x05, 0x8a, 0x00, 0x00, 0x05, 0x0f,
    0x00, 0x00, 0x05, 0xb0, 0x00, 0x00, 0x05, 0xc3, 0x00, 0x00, 0x05, 0x11, 0x00, 0x00, 0x05, 0xc6,
    0x00, 0x00, 0x05, 0xc7, 0x00, 0x00, 0x05, 0x25, 0x00, 0x00, 0x05, 0xd0, 0x00, 0x00, 0x05, 0xea,
    0x00, 0x00, 0x05, 0x27, 0x00, 0x00, 0x05, 0xf0, 0x00, 0x00, 0x05, 0xf4, 0x00, 0x00, 0x05, 0x42,
    0x00, 0x00, 0x06, 0x06, 0x00, 0x00, 0x06, 0x07, 0x00, 0x00, 0x05, 0x47, 0x00, 0x00, 0x06, 0x09,
    0x00, 0x00, 0x06, 0x0a, 0x00, 0x00, 0x05, 0x49, 0x00, 0x00, 0x06, 0x0c, 0x00, 0x00, 0x06, 0x0c,
    0x00, 0x00, 0x05, 0x4b, 0x00, 0x00, 0x06, 0x15, 0x00, 0x00, 0x06, 0x15, 0x00, 0x00, 0x05, 0x4c,
    0x00, 0x00, 0x06, 0x1b, 0x00, 0x00, 0x06, 0x1b, 0x00, 0x00, 0x05, 0x4d, 0x00, 0x00, 0x06, 0x1f,
    0x00, 0x00, 0x06, 0x1f, 0x00, 0x00, 0x05, 0x4e, 0x00, 0x00, 0x06, 0x21, 0x00, 0x00, 0x06, 0x3a,
    0x00, 0x00, 0x05, 0x4f, 0x00, 0x00, 0x06, 0x40, 0x00, 0x00, 0x06, 0x55, 0x00, 0x00, 0x05, 0x69,
    0x00, 0x00, 0x06, 0x57, 0x00, 0x00, 0x06, 0x57, 0x00, 0x00, 0x05, 0x7f, 0x00, 0x00, 0x06, 0x5a,
    0x00, 0x00, 0x06, 0x5a, 0x00, 0x00, 0x05, 0x80, 0x00, 0x00, 0x06, 0x60, 0x00, 0x00, 0x06, 0x70,
    0x00, 0x00, 0x05, 0x81, 0x00, 0x00, 0x06, 0x74, 0x00, 0x00, 0x06, 0x74, 0x00, 0x00, 0x05, 0x92,
    0x00, 0x00, 0x06, 0x79, 0x00, 0x00, 0x06, 0xbf, 0x00, 0x00, 0x05, 0x93, 0x00, 0x00, 0x06, 0xc6,
    0x00, 0x00, 0x06, 0xc8, 0x00, 0x00, 0x05, 0xda, 0x00, 0x00, 0x06, 0xcb, 0x00, 0x00, 0x06, 0xcc,
    0x00, 0x00, 0x05, 0xdd, 0x00, 0x00, 0x06, 0xce, 0x00, 0x00, 0x06, 0xce, 0x00, 0x00, 0x05, 0xdf,
    0x00, 0x00, 0x06, 0xd0, 0x00, 0x00, 0x06, 0xd0, 0x00, 0x00, 0x05, 0xe0, 0x00, 0x00, 0x06, 0xd5,
    0x00, 0x00, 0x06, 0xd5, 0x00, 0x00, 0x05, 0xe1, 0x00, 0x00, 0x06, 0xf0, 0x00, 0x00, 0x06, 0xf9,
    0x00, 0x00, 0x05, 0xe2, 0x00, 0x00, 0x07, 0xc0, 0x00, 0x00, 0x07, 0xe7, 0x00, 0x00, 0x05, 0xec,
    0x00, 0x00, 0x07, 0xeb, 0x00, 0x00, 0x07, 0xf5, 0x00, 0x00, 0x06, 0x14, 0x00, 0x00, 0x07, 0xf8,
    0x00, 0x00, 0x07, 0xfa, 0x00, 0x00, 0x06, 0x1f, 0x00, 0x00, 0x0e, 0x3f, 0x00, 0x00, 0x0e, 0x3f,
    0x00, 0x00, 0x06, 0x22, 0x00, 0x00, 0x0e, 0x81, 0x00, 0x00, 0x0e, 0x82, 0x00, 0x00, 0x06, 0x23,
    0x00, 0x00, 0x0e, 0x84, 0x00, 0x00, 0x0e, 0x84, 0x00, 0x00, 0x06, 0x25, 0x00, 0x00, 0x0e, 0x87,
    0x00, 0x00, 0x0e, 0x88, 0x00, 0x00, 0x06, 0x26, 0x00, 0x00, 0x0e, 0x8a, 0x00, 0x00, 0x0e, 0x8a,
    0x00, 0x00, 0x06, 0x28, 0x00, 0x00, 0x0e, 0x8d, 0x00, 0x00, 0x0e, 0x8d, 0x00, 0x00, 0x06, 0x29,
    0x00, 0x00, 0x0e, 0x94, 0x00, 0x00, 0x0e, 0x97, 0x00, 0x00, 0x06, 0x2a, 0x00, 0x00, 0x0e, 0x99,
    0x00, 0x00, 0x0e, 0x9f, 0x00, 0x00, 0x06, 0x2e, 0x00, 0x00, 0x0e, 0xa1, 0x00, 0x00, 0x0e, 0xa3,
    0x00, 0x00, 0x06, 0x35, 0x00, 0x00, 0x0e, 0xa5, 0x00, 0x00, 0x0e, 0xa5, 0x00, 0x00, 0x06, 0x38,
    0x00, 0x00, 0x0e, 0xa7, 0x00, 0x00, 0x0e, 0xa7, 0x00, 0x00, 0x06, 0x39, 0x00, 0x00, 0x0e, 0xaa,
    0x00, 0x00, 0x0e, 0xab, 0x00, 0x00, 0x06, 0x3a, 0x00, 0x00, 0x0e, 0xad, 0x00, 0x00, 0x0e, 0xb9,
    0x00, 0x00, 0x06, 0x3c, 0x00, 0x00, 0x0e, 0xbb, 0x00, 0x00, 0x0e, 0xbd, 0x00, 0x00, 0x06, 0x49,
    0x00, 0x00, 0x0e, 0xc0, 0x00, 0x00, 0x0e, 0xc4, 0x00, 0x00, 0x06, 0x4c, 0x00, 0x00, 0x0e, 0xc6,
    0x00, 0x00, 0x0e, 0xc6, 0x00, 0x00, 0x06, 0x51, 0x00, 0x00, 0x0e, 0xc8, 0x00, 0x00, 0x0e, 0xcd,
    0x00, 0x00, 0x06, 0x52, 0x00, 0x00, 0x0e, 0xd0, 0x00, 0x00, 0x0e, 0xd9, 0x00, 0x00, 0x06, 0x58,
    0x00, 0x00, 0x0e, 0xdc, 0x00, 0x00, 0x0e, 0xdd, 0x00, 0x00, 0x06, 0x62, 0x00, 0x00, 0x10, 0xa0,
    0x00, 0x00, 0x10, 0xc5, 0x00, 0x00, 0x06, 0x64, 0x00, 0x00, 0x10, 0xd0, 0x00, 0x00, 0x10, 0xfc,
    0x00, 0x00, 0x06, 0x8a, 0x00, 0x00, 0x14, 0x01, 0x00, 0x00, 0x14, 0x07, 0x00, 0x00, 0x06, 0xb7,
    0x00, 0x00, 0x14, 0x09, 0x00, 0x00, 0x14, 0x1b, 0x00, 0x00, 0x06, 0xbe, 0x00, 0x00, 0x14, 0x1d,
    0x00, 0x00, 0x14, 0x35, 0x00, 0x00, 0x06, 0xd1, 0x00, 0x00, 0x14, 0x37, 0x00, 0x00, 0x14, 0x4a,
    0x00, 0x00, 0x06, 0xea, 0x00, 0x00, 0x14, 0x4c, 0x00, 0x00, 0x14, 0x52, 0x00, 0x00, 0x06, 0xfe,
    0x00, 0x00, 0x14, 0x54, 0x00, 0x00, 0x14, 0xbd, 0x00, 0x00, 0x07, 0x05, 0x00, 0x00, 0x14, 0xc0,
    0x00, 0x00, 0x14, 0xea, 0x00, 0x00, 0x07, 0x6f, 0x00, 0x00, 0x14, 0xec, 0x00, 0x00, 0x15, 0x07,
    0x00, 0x00, 0x07, 0x9a, 0x00, 0x00, 0x15, 0x10, 0x00, 0x00, 0x15, 0x3e, 0x00, 0x00, 0x07, 0xb6,
    0x00, 0x00, 0x15, 0x40, 0x00, 0x00, 0x15, 0x50, 0x00, 0x00, 0x07, 0xe5, 0x00, 0x00, 0x15, 0x52,
    0x00, 0x00, 0x15, 0x6a, 0x00, 0x00, 0x07, 0xf6, 0x00, 0x00, 0x15, 0x74, 0x00, 0x00, 0x15, 0x85,
    0x00, 0x00, 0x08, 0x0f, 0x00, 0x00, 0x15, 0x8a, 0x00, 0x00, 0x15, 0x96, 0x00, 0x00, 0x08, 0x21,
    0x00, 0x00, 0x15, 0xa0, 0x00, 0x00, 0x15, 0xaf, 0x00, 0x00, 0x08, 0x2e, 0x00, 0x00, 0x15, 0xde,
    0x00, 0x00, 0x15, 0xde, 0x00, 0x00, 0x08, 0x3e, 0x00, 0x00, 0x15, 0xe1, 0x00, 0x00, 0x15, 0xe1,
    0x00, 0x00, 0x08, 0x3f, 0x00, 0x00, 0x16, 0x46, 0x00, 0x00, 0x16, 0x47, 0x00, 0x00, 0x08, 0x40,
    0x00, 0x00, 0x16, 0x6e, 0x00, 0x00, 0x16, 0x76, 0x00, 0x00, 0x08, 0x42, 0x00, 0x00, 0x16, 0x80,
    0x00, 0x00, 0x16, 0x9c, 0x00, 0x00, 0x08, 0x4b, 0x00, 0x00, 0x1d, 0x00, 0x00, 0x00, 0x1d, 0x14,
    0x00, 0x00, 0x08, 0x68, 0x00, 0x00, 0x1d, 0x16, 0x00, 0x00, 0x1d, 0x23, 0x00, 0x00, 0x08, 0x7d,
    0x00, 0x00, 0x1d, 0x26, 0x00, 0x00, 0x1d, 0x2e, 0x00, 0x00, 0x08, 0x8b, 0x00, 0x00, 0x1d, 0x30,
    0x00, 0x00, 0x1d, 0x5b, 0x00, 0x00, 0x08, 0x94, 0x00, 0x00, 0x1d, 0x5d, 0x00, 0x00, 0x1d, 0x6a,
    0x00, 0x00, 0x08, 0xc0, 0x00, 0x00, 0x1d, 0x77, 0x00, 0x00, 0x1d, 0x78, 0x00, 0x00, 0x08, 0xce,
    0x00, 0x00, 0x1d, 0x7b, 0x00, 0x00, 0x1d, 0x7b, 0x00, 0x00, 0x08, 0xd0, 0x00, 0x00, 0x1d, 0x7d,
    0x00, 0x00, 0x1d, 0x7d, 0x00, 0x00, 0x08, 0xd1, 0x00, 0x00, 0x1d, 0x85, 0x00, 0x00, 0x1d, 0x85,
    0x00, 0x00, 0x08, 0xd2, 0x00, 0x00, 0x1d, 0x9b, 0x00, 0x00, 0x1d, 0xbf, 0x00, 0x00, 0x08, 0xd3,
    0x00, 0x00, 0x1d, 0xc4, 0x00, 0x00, 0x1d, 0xc9, 0x00, 0x00, 0x08, 0xf8, 0x00, 0x00, 0x1e, 0x00,
    0x00, 0x00, 0x1e, 0xfb, 0x00, 0x00, 0x08, 0xfe, 0x00, 0x00, 0x1f, 0x00, 0x00, 0x00, 0x1f, 0x15,
    0x00, 0x00, 0x09, 0xfa, 0x00, 0x00, 0x1f, 0x18, 0x00, 0x00, 0x1f, 0x1d, 0x00, 0x00, 0x0a, 0x10,
    0x00, 0x00, 0x1f, 0x20, 0x00, 0x00, 0x1f, 0x45, 0x00, 0x00, 0x0a, 0x16, 0x00, 0x00, 0x1f, 0x48,
    0x00, 0x00, 0x1f, 0x4d, 0x00, 0x00, 0x0a, 0x3c, 0x00, 0x00, 0x1f, 0x50, 0x00, 0x00, 0x1f, 0x57,
    0x00, 0x00, 0x0a, 0x42, 0x00, 0x00, 0x1f, 0x59, 0x00, 0x00, 0x1f, 0x59, 0x00, 0x00, 0x0a, 0x4a,
    0x00, 0x00, 0x1f, 0x5b, 0x00, 0x00, 0x1f, 0x5b, 0x00, 0x00, 0x0a, 0x4b, 0x00, 0x00, 0x1f, 0x5d,
    0x00, 0x00, 0x1f, 0x5d, 0x00, 0x00, 0x0a, 0x4c, 0x00, 0x00, 0x1f, 0x5f, 0x00, 0x00, 0x1f, 0x7d,
    0x00, 0x00, 0x0a, 0x4d, 0x00, 0x00, 0x1f, 0x80, 0x00, 0x00, 0x1f, 0xb4, 0x00, 0x00, 0x0a, 0x6c,
    0x00, 0x00, 0x1f, 0xb6, 0x00, 0x00, 0x1f, 0xc4, 0x00, 0x00, 0x0a, 0xa1, 0x00, 0x00, 0x1f, 0xc6,
    0x00, 0x00, 0x1f, 0xd3, 0x00, 0x00, 0x0a, 0xb0, 0x00, 0x00, 0x1f, 0xd6, 0x00, 0x00, 0x1f, 0xdb,
    0x00, 0x00, 0x0a, 0xbe, 0x00, 0x00, 0x1f, 0xdd, 0x00, 0x00, 0x1f, 0xef, 0x00, 0x00, 0x0a, 0xc4,
    0x00, 0x00, 0x1f, 0xf2, 0x00, 0x00, 0x1f, 0xf4, 0x00, 0x00, 0x0a, 0xd7, 0x00, 0x00, 0x1f, 0xf6,
    0x00, 0x00, 0x1f, 0xfe, 0x00, 0x00, 0x0a, 0xda, 0x00, 0x00, 0x20, 0x00, 0x00, 0x00, 0x20, 0x64,
    0x00, 0x00, 0x0a, 0xe3, 0x00, 0x00, 0x20, 0x6a, 0x00, 0x00, 0x20, 0x71, 0x00, 0x00, 0x0b, 0x48,
    0x00, 0x00, 0x20, 0x74, 0x00, 0x00, 0x20, 0x8e, 0x00, 0x00, 0x0b, 0x50, 0x00, 0x00, 0x20, 0x90,
    0x00, 0x00, 0x20, 0x9c, 0x00, 0x00, 0x0b, 0x6b, 0x00, 0x00, 0x20, 0xa0, 0x00, 0x00, 0x20, 0xb5,
    0x00, 0x00, 0x0b, 0x78, 0x00, 0x00, 0x20, 0xb8, 0x00, 0x00, 0x20, 0xba, 0x00, 0x00, 0x0b, 0x8e,
    0x00, 0x00, 0x20, 0xbd, 0x00, 0x00, 0x20, 0xbd, 0x00, 0x00, 0x0b, 0x91, 0x00, 0x00, 0x20, 0xd0,
    0x00, 0x00, 0x20, 0xd1, 0x00, 0x00, 0x0b, 0x92, 0x00, 0x00, 0x20, 0xd6, 0x00, 0x00, 0x20, 0xd7,
    0x00, 0x00, 0x0b, 0x94, 0x00, 0x00, 0x20, 0xdb, 0x00, 0x00, 0x20, 0xdc, 0x00, 0x00, 0x0b, 0x96,
    0x00, 0x00, 0x20, 0xe1, 0x00, 0x00, 0x20, 0xe1, 0x00, 0x00, 0x0b, 0x98, 0x00, 0x00, 0x21, 0x00,
    0x00, 0x00, 0x21, 0x09, 0x00, 0x00, 0x0b, 0x99, 0x00, 0x00, 0x21, 0x0b, 0x00, 0x00, 0x21, 0x49,
    0x00, 0x00, 0x0b, 0xa3, 0x00, 0x00, 0x21, 0x4b, 0x00, 0x00, 0x21, 0x4b, 0x00, 0x00, 0x0b, 0xe2,
    0x00, 0x00, 0x21, 0x4e, 0x00, 0x00, 0x21, 0x4e, 0x00, 0x00, 0x0b, 0xe3, 0x00, 0x00, 0x21, 0x50,
    0x00, 0x00, 0x21, 0x85, 0x00, 0x00, 0x0b, 0xe4, 0x00, 0x00, 0x21, 0x89, 0x00, 0x00, 0x21, 0x89,
    0x00, 0x00, 0x0c, 0x1a, 0x00, 0x00, 0x21, 0x90, 0x00, 0x00, 0x23, 0x11, 0x00, 0x00, 0x0c, 0x1b,
    0x00, 0x00, 0x23, 0x18, 0x00, 0x00, 0x23, 0x19, 0x00, 0x00, 0x0d, 0x9d, 0x00, 0x00, 0x23, 0x1c,
    0x00, 0x00, 0x23, 0x21, 0x00, 0x00, 0x0d, 0x9f, 0x00, 0x00, 0x23, 0x24, 0x00, 0x00, 0x23, 0x28,
    0x00, 0x00, 0x0d, 0xa5, 0x00, 0x00, 0x23, 0x2b, 0x00, 0x00, 0x23, 0x2c, 0x00, 0x00, 0x0d, 0xaa,
    0x00, 0x00, 0x23, 0x73, 0x00, 0x00, 0x23, 0x75, 0x00, 0x00, 0x0d, 0xac, 0x00, 0x00, 0x23, 0x7a,
    0x00, 0x00, 0x23, 0x7a, 0x00, 0x00, 0x0d, 0xaf, 0x00, 0x00, 0x23, 0x7d, 0x00, 0x00, 0x23, 0x7d,
    0x00, 0x00, 0x0d, 0xb0, 0x00, 0x00, 0x23, 0x87, 0x00, 0x00, 0x23, 0x87, 0x00, 0x00, 0x0d, 0xb1,
    0x00, 0x00, 0x23, 0x94, 0x00, 0x00, 0x23, 0x94, 0x00, 0x00, 0x0d, 0xb2, 0x00, 0x00, 0x23, 0x9b,
    0x00, 0x00, 0x23, 0xae, 0x00, 0x00, 0x0d, 0xb3, 0x00, 0x00, 0x23, 0xce, 0x00, 0x00, 0x23, 0xcf,
    0x00, 0x00, 0x0d, 0xc7, 0x00, 0x00, 0x23, 0xe3, 0x00, 0x00, 0x23, 0xe3, 0x00, 0x00, 0x0d, 0xc9,
    0x00, 0x00, 0x23, 0xe5, 0x00, 0x00, 0x23, 0xe5, 0x00, 0x00, 0x0d, 0xca, 0x00, 0x00, 0x23, 0xe8,
    0x00, 0x00, 0x23, 0xe8, 0x00, 0x00, 0x0d, 0xcb, 0x00, 0x00, 0x24, 0x22, 0x00, 0x00, 0x24, 0x23,
    0x00, 0x00, 0x0d, 0xcc, 0x00, 0x00, 0x24, 0x60, 0x00, 0x00, 0x24, 0x69, 0x00, 0x00, 0x0d, 0xce,
    0x00, 0x00, 0x25, 0x00, 0x00, 0x00, 0x26, 0x9c, 0x00, 0x00, 0x0d, 0xd8, 0x00, 0x00, 0x26, 0x9e,
    0x00, 0x00, 0x26, 0xb8, 0x00, 0x00, 0x0f, 0x75, 0x00, 0x00, 0x26, 0xc0, 0x00, 0x00, 0x26, 0xc3,
    0x00, 0x00, 0x0f, 0x90, 0x00, 0x00, 0x26, 0xe2, 0x00, 0x00, 0x26, 0xe2, 0x00, 0x00, 0x0f, 0x94,
    0x00, 0x00, 0x27, 0x01, 0x00, 0x00, 0x27, 0x04, 0x00, 0x00, 0x0f, 0x95, 0x00, 0x00, 0x27, 0x06,
    0x00, 0x00, 0x27, 0x09, 0x00, 0x00, 0x0f, 0x99, 0x00, 0x00, 0x27, 0x0c, 0x00, 0x00, 0x27, 0x27,
    0x00, 0x00, 0x0f, 0x9d, 0x00, 0x00, 0x27, 0x29, 0x00, 0x00, 0x27, 0x4b, 0x00, 0x00, 0x0f, 0xb9,
    0x00, 0x00, 0x27, 0x4d, 0x00, 0x00, 0x27, 0x4d, 0x00, 0x00, 0x0f, 0xdc, 0x00, 0x00, 0x27, 0x4f,
    0x00, 0x00, 0x27, 0x52, 0x00, 0x00, 0x0f, 0xdd, 0x00, 0x00, 0x27, 0x56, 0x00, 0x00, 0x27, 0x56,
    0x00, 0x00, 0x0f, 0xe1, 0x00, 0x00, 0x27, 0x58, 0x00, 0x00, 0x27, 0x5e, 0x00, 0x00, 0x0f, 0xe2,
    0x00, 0x00, 0x27, 0x61, 0x00, 0x00, 0x27, 0x94, 0x00, 0x00, 0x0f, 0xe9, 0x00, 0x00, 0x27, 0x98,
    0x00, 0x00, 0x27, 0xaf, 0x00, 0x00, 0x10, 0x1d, 0x00, 0x00, 0x27, 0xb1, 0x00, 0x00, 0x27, 0xbe,
    0x00, 0x00, 0x10, 0x35, 0x00, 0x00, 0x27, 0xc5, 0x00, 0x00, 0x27, 0xc6, 0x00, 0x00, 0x10, 0x43,
    0x00, 0x00, 0x27, 0xe0, 0x00, 0x00, 0x27, 0xe0, 0x00, 0x00, 0x10, 0x45, 0x00, 0x00, 0x27, 0xe6,
    0x00, 0x00, 0x27, 0xeb, 0x00, 0x00, 0x10, 0x46, 0x00, 0x00, 0x27, 0xf0, 0x00, 0x00, 0x28, 0xff,
    0x00, 0x00, 0x10, 0x4c, 0x00, 0x00, 0x29, 0x06, 0x00, 0x00, 0x29, 0x07, 0x00, 0x00, 0x11, 0x5c,
    0x00, 0x00, 0x29, 0x0a, 0x00, 0x00, 0x29, 0x0b, 0x00, 0x00, 0x11, 0x5e, 0x00, 0x00, 0x29, 0x40,
    0x00, 0x00, 0x29, 0x41, 0x00, 0x00, 0x11, 0x60, 0x00, 0x00, 0x29, 0x83, 0x00, 0x00, 0x29, 0x84,
    0x00, 0x00, 0x11, 0x62, 0x00, 0x00, 0x29, 0xce, 0x00, 0x00, 0x29, 0xd5, 0x00, 0x00, 0x11, 0x64,
    0x00, 0x00, 0x29, 0xeb, 0x00, 0x00, 0x29, 0xeb, 0x00, 0x00, 0x11, 0x6c, 0x00, 0x00, 0x29, 0xfa,
    0x00, 0x00, 0x29, 0xfb, 0x00, 0x00, 0x11, 0x6d, 0x00, 0x00, 0x2a, 0x00, 0x00, 0x00, 0x2a, 0x02,
    0x00, 0x00, 0x11, 0x6f, 0x00, 0x00, 0x2a, 0x0c, 0x00, 0x00, 0x2a, 0x1c, 0x00, 0x00, 0x11, 0x72,
    0x00, 0x00, 0x2a, 0x2f, 0x00, 0x00, 0x2a, 0x2f, 0x00, 0x00, 0x11, 0x83, 0x00, 0x00, 0x2a, 0x6a,
    0x00, 0x00, 0x2a, 0x6b, 0x00, 0x00, 0x11, 0x84, 0x00, 0x00, 0x2a, 0x7d, 0x00, 0x00, 0x2a, 0xa0,
    0x00, 0x00, 0x11, 0x86, 0x00, 0x00, 0x2a, 0xae, 0x00, 0x00, 0x2a, 0xba, 0x00, 0x00, 0x11, 0xaa,
    0x00, 0x00, 0x2a, 0xf9, 0x00, 0x00, 0x2a, 0xfa, 0x00, 0x00, 0x11, 0xb7, 0x00, 0x00, 0x2b, 0x00,
    0x00, 0x00, 0x2b, 0x1a, 0x00, 0x00, 0x11, 0xb9, 0x00, 0x00, 0x2b, 0x1f, 0x00, 0x00, 0x2b, 0x24,
    0x00, 0x00, 0x11, 0xd4, 0x00, 0x00, 0x2b, 0x53, 0x00, 0x00, 0x2b, 0x54, 0x00, 0x00, 0x11, 0xda,
    0x00, 0x00, 0x2c, 0x60, 0x00, 0x00, 0x2c, 0x77, 0x00, 0x00, 0x11, 0xdc, 0x00, 0x00, 0x2c, 0x79,
    0x00, 0x00, 0x2c, 0x7f, 0x00, 0x00, 0x11, 0xf4, 0x00, 0x00, 0x2d, 0x00, 0x00, 0x00, 0x2d, 0x25,
    0x00, 0x00, 0x11, 0xfb, 0x00, 0x00, 0x2d, 0x30, 0x00, 0x00, 0x2d, 0x65, 0x00, 0x00, 0x12, 0x21,
    0x00, 0x00, 0x2d, 0x6f, 0x00, 0x00, 0x2d, 0x6f, 0x00, 0x00, 0x12, 0x57, 0x00, 0x00, 0x2e, 0x18,
    0x00, 0x00, 0x2e, 0x18, 0x00, 0x00, 0x12, 0x58, 0x00, 0x00, 0x2e, 0x1f, 0x00, 0x00, 0x2e, 0x1f,
    0x00, 0x00, 0x12, 0x59, 0x00, 0x00, 0x2e, 0x22, 0x00, 0x00, 0x2e, 0x25, 0x00, 0x00, 0x12, 0x5a,
    0x00, 0x00, 0x2e, 0x2e, 0x00, 0x00, 0x2e, 0x2e, 0x00, 0x00, 0x12, 0x5e, 0x00, 0x00, 0x4d, 0xc0,
    0x00, 0x00, 0x4d, 0xff, 0x00, 0x00, 0x12, 0x5f, 0x00, 0x00, 0xa4, 0xd0, 0x00, 0x00, 0xa4, 0xff,
    0x00, 0x00, 0x12, 0x9f, 0x00, 0x00, 0xa6, 0x44, 0x00, 0x00, 0xa6, 0x47, 0x00, 0x00, 0x12, 0xcf,
    0x00, 0x00, 0xa6, 0x4c, 0x00, 0x00, 0xa6, 0x4d, 0x00, 0x00, 0x12, 0xd3, 0x00, 0x00, 0xa6, 0x50,
    0x00, 0x00, 0xa6, 0x51, 0x00, 0x00, 0x12, 0xd5, 0x00, 0x00, 0xa6, 0x54, 0x00, 0x00, 0xa6, 0x57,
    0x00, 0x00, 0x12, 0xd7, 0x00, 0x00, 0xa6, 0x62, 0x00, 0x00, 0xa6, 0x6e, 0x00, 0x00, 0x12, 0xdb,
    0x00, 0x00, 0xa6, 0x8a, 0x00, 0x00, 0xa6, 0x8d, 0x00, 0x00, 0x12, 0xe8, 0x00, 0x00, 0xa6, 0x94,
    0x00, 0x00, 0xa6, 0x95, 0x00, 0x00, 0x12, 0xec, 0x00, 0x00, 0xa6, 0x98, 0x00, 0x00, 0xa6, 0x99,
    0x00, 0x00, 0x12, 0xee, 0x00, 0x00, 0xa7, 0x08, 0x00, 0x00, 0xa7, 0x16, 0x00, 0x00, 0x12, 0xf0,
    0x00, 0x00, 0xa7, 0x1b, 0x00, 0x00, 0xa7, 0x1f, 0x00, 0x00, 0x12, 0xff, 0x00, 0x00, 0xa7, 0x22,
    0x00, 0x00, 0xa7, 0x2b, 0x00, 0x00, 0x13, 0x04, 0x00, 0x00, 0xa7, 0x30, 0x00, 0x00, 0xa7, 0x41,
    0x00, 0x00, 0x13, 0x0e, 0x00, 0x00, 0xa7, 0x46, 0x00, 0x00, 0xa7, 0x4b, 0x00, 0x00, 0x13, 0x20,
    0x00, 0x00, 0xa7, 0x4e, 0x00, 0x00, 0xa7, 0x53, 0x00, 0x00, 0x13, 0x26, 0x00, 0x00, 0xa7, 0x56,
    0x00, 0x00, 0xa7, 0x57, 0x00, 0x00, 0x13, 0x2c, 0x00, 0x00, 0xa7, 0x64, 0x00, 0x00, 0xa7, 0x67,
    0x00, 0x00, 0x13, 0x2e, 0x00, 0x00, 0xa7, 0x80, 0x00, 0x00, 0xa7, 0x83, 0x00, 0x00, 0x13, 0x32,
    0x00, 0x00, 0xa7, 0x89, 0x00, 0x00, 0xa7, 0x8e, 0x00, 0x00, 0x13, 0x36, 0x00, 0x00, 0xa7, 0x90,
    0x00, 0x00, 0xa7, 0x91, 0x00, 0x00, 0x13, 0x3c, 0x00, 0x00, 0xa7, 0xa0, 0x00, 0x00, 0xa7, 0xaa,
    0x00, 0x00, 0x13, 0x3e, 0x00, 0x00, 0xa7, 0xf8, 0x00, 0x00, 0xa7, 0xff, 0x00, 0x00, 0x13, 0x49,
    0x00, 0x00, 0xef, 0x00, 0x00, 0x00, 0xef, 0x19, 0x00, 0x00, 0x13, 0x51, 0x00, 0x00, 0xf0, 0x00,
    0x00, 0x00, 0xf0, 0x03, 0x00, 0x00, 0x13, 0x6b, 0x00, 0x00, 0xf4, 0x00, 0x00, 0x00, 0xf4, 0x26,
    0x00, 0x00, 0x13, 0x6f, 0x00, 0x00, 0xf4, 0x28, 0x00, 0x00, 0xf4, 0x41, 0x00, 0x00, 0x13, 0x96,
    0x00, 0x00, 0xf6, 0xc5, 0x00, 0x00, 0xf6, 0xc5, 0x00, 0x00, 0x13, 0xb0, 0x00, 0x00, 0xfb, 0x00,
    0x00, 0x00, 0xfb, 0x06, 0x00, 0x00, 0x13, 0xb1, 0x00, 0x00, 0xfb, 0x13, 0x00, 0x00, 0xfb, 0x17,
    0x00, 0x00, 0x13, 0xb8, 0x00, 0x00, 0xfb, 0x1d, 0x00, 0x00, 0xfb, 0x36, 0x00, 0x00, 0x13, 0xbd,
    0x00, 0x00, 0xfb, 0x38, 0x00, 0x00, 0xfb, 0x3c, 0x00, 0x00, 0x13, 0xd7, 0x00, 0x00, 0xfb, 0x3e,
    0x00, 0x00, 0xfb, 0x3e, 0x00, 0x00, 0x13, 0xdc, 0x00, 0x00, 0xfb, 0x40, 0x00, 0x00, 0xfb, 0x41,
    0x00, 0x00, 0x13, 0xdd, 0x00, 0x00, 0xfb, 0x43, 0x00, 0x00, 0xfb, 0x44, 0x00, 0x00, 0x13, 0xdf,
    0x00, 0x00, 0xfb, 0x46, 0x00, 0x00, 0xfb, 0x4f, 0x00, 0x00, 0x13, 0xe1, 0x00, 0x00, 0xfb, 0x52,
    0x00, 0x00, 0xfb, 0xa3, 0x00, 0x00, 0x13, 0xeb, 0x00, 0x00, 0xfb, 0xaa, 0x00, 0x00, 0xfb, 0xad,
    0x00, 0x00, 0x14, 0x3d, 0x00, 0x00, 0xfb, 0xd3, 0x00, 0x00, 0xfb, 0xdc, 0x00, 0x00, 0x14, 0x41,
    0x00, 0x00, 0xfb, 0xde, 0x00, 0x00, 0xfb, 0xdf, 0x00, 0x00, 0x14, 0x4b, 0x00, 0x00, 0xfb, 0xe4,
    0x00, 0x00, 0xfb, 0xe9, 0x00, 0x00, 0x14, 0x4d, 0x00, 0x00, 0xfb, 0xfc, 0x00, 0x00, 0xfb, 0xff,
    0x00, 0x00, 0x14, 0x53, 0x00, 0x00, 0xfe, 0x00, 0x00, 0x00, 0xfe, 0x0f, 0x00, 0x00, 0x14, 0x57,
    0x00, 0x00, 0xfe, 0x20, 0x00, 0x00, 0xfe, 0x23, 0x00, 0x00, 0x14, 0x67, 0x00, 0x00, 0xfe, 0x70,
    0x00, 0x00, 0xfe, 0x74, 0x00, 0x00, 0x14, 0x6b, 0x00, 0x00, 0xfe, 0x76, 0x00, 0x00, 0xfe, 0xfc,
    0x00, 0x00, 0x14, 0x70, 0x00, 0x00, 0xfe, 0xff, 0x00, 0x00, 0xfe, 0xff, 0x00, 0x00, 0x14, 0xf7,
    0x00, 0x00, 0xff, 0xf9, 0x00, 0x00, 0xff, 0xfd, 0x00, 0x00, 0x14, 0xf8, 0x00, 0x01, 0x03, 0x00,
    0x00, 0x01, 0x03, 0x1e, 0x00, 0x00, 0x14, 0xfd, 0x00, 0x01, 0x03, 0x20, 0x00, 0x01, 0x03, 0x23,
    0x00, 0x00, 0x15, 0x1c, 0x00, 0x01, 0xd3, 0x00, 0x00, 0x01, 0xd3, 0x56, 0x00, 0x00, 0x15, 0x20,
    0x00, 0x01, 0xd5, 0x38, 0x00, 0x01, 0xd5, 0x39, 0x00, 0x00, 0x15, 0x77, 0x00, 0x01, 0xd5, 0x3b,
    0x00, 0x01, 0xd5, 0x3e, 0x00, 0x00, 0x15, 0x79, 0x00, 0x01, 0xd5, 0x40, 0x00, 0x01, 0xd5, 0x44,
    0x00, 0x00, 0x15, 0x7d, 0x00, 0x01, 0xd5, 0x46, 0x00, 0x01, 0xd5, 0x46, 0x00, 0x00, 0x15, 0x82,
    0x00, 0x01, 0xd5, 0x4a, 0x00, 0x01, 0xd5, 0x50, 0x00, 0x00, 0x15, 0x83, 0x00, 0x01, 0xd5, 0x52,
    0x00, 0x01, 0xd5, 0x6b, 0x00, 0x00, 0x15, 0x8a, 0x00, 0x01, 0xd5, 0xa0, 0x00, 0x01, 0xd5, 0xd3,
    0x00, 0x00, 0x15, 0xa4, 0x00, 0x01, 0xd7, 0xd8, 0x00, 0x01, 0xd7, 0xeb, 0x00, 0x00, 0x15, 0xd8,
    0x00, 0x01, 0xee, 0x00, 0x00, 0x01, 0xee, 0x03, 0x00, 0x00, 0x15, 0xec, 0x00, 0x01, 0xee, 0x05,
    0x00, 0x01, 0xee, 0x1f, 0x00, 0x00, 0x15, 0xf0, 0x00, 0x01, 0xee, 0x21, 0x00, 0x01, 0xee, 0x22,
    0x00, 0x00, 0x16, 0x0b, 0x00, 0x01, 0xee, 0x24, 0x00, 0x01, 0xee, 0x24, 0x00, 0x00, 0x16, 0x0d,
    0x00, 0x01, 0xee, 0x27, 0x00, 0x01, 0xee, 0x27, 0x00, 0x00, 0x16, 0x0e, 0x00, 0x01, 0xee, 0x29,
    0x00, 0x01, 0xee, 0x32, 0x00, 0x00, 0x16, 0x0f, 0x00, 0x01, 0xee, 0x34, 0x00, 0x01, 0xee, 0x37,
    0x00, 0x00, 0x16, 0x19, 0x00, 0x01, 0xee, 0x39, 0x00, 0x01, 0xee, 0x39, 0x00, 0x00, 0x16, 0x1d,
    0x00, 0x01, 0xee, 0x3b, 0x00, 0x01, 0xee, 0x3b, 0x00, 0x00, 0x16, 0x1e, 0x00, 0x01, 0xee, 0x61,
    0x00, 0x01, 0xee, 0x62, 0x00, 0x00, 0x16, 0x1f, 0x00, 0x01, 0xee, 0x64, 0x00, 0x01, 0xee, 0x64,
    0x00, 0x00, 0x16, 0x21, 0x00, 0x01, 0xee, 0x67, 0x00, 0x01, 0xee, 0x6a, 0x00, 0x00, 0x16, 0x22,
    0x00, 0x01, 0xee, 0x6c, 0x00, 0x01, 0xee, 0x72, 0x00, 0x00, 0x16, 0x26, 0x00, 0x01, 0xee, 0x74,
    0x00, 0x01, 0xee, 0x77, 0x00, 0x00, 0x16, 0x2d, 0x00, 0x01, 0xee, 0x79, 0x00, 0x01, 0xee, 0x7c,
    0x00, 0x00, 0x16, 0x31, 0x00, 0x01, 0xee, 0x7e, 0x00, 0x01, 0xee, 0x7e, 0x00, 0x00, 0x16, 0x35,
    0x00, 0x01, 0xf0, 0x30, 0x00, 0x01, 0xf0, 0x93, 0x00, 0x00, 0x16, 0x36, 0x00, 0x01, 0xf0, 0xa0,
    0x00, 0x01, 0xf0, 0xae, 0x00, 0x00, 0x16, 0x9a, 0x00, 0x01, 0xf0, 0xb1, 0x00, 0x01, 0xf0, 0xbe,
    0x00, 0x00, 0x16, 0xa9, 0x00, 0x01, 0xf0, 0xc1, 0x00, 0x01, 0xf0, 0xcf, 0x00, 0x00, 0x16, 0xb7,
    0x00, 0x01, 0xf0, 0xd1, 0x00, 0x01, 0xf0, 0xdf, 0x00, 0x00, 0x16, 0xc6, 0x00, 0x01, 0xf3, 0x11,
    0x00, 0x01, 0xf3, 0x18, 0x00, 0x00, 0x16, 0xd5, 0x00, 0x01, 0xf4, 0x2d, 0x00, 0x01, 0xf4, 0x2e,
    0x00, 0x00, 0x16, 0xdd, 0x00, 0x01, 0xf4, 0x31, 0x00, 0x01, 0xf4, 0x31, 0x00, 0x00, 0x16, 0xdf,
    0x00, 0x01, 0xf4, 0x35, 0x00, 0x01, 0xf4, 0x35, 0x00, 0x00, 0x16, 0xe0, 0x00, 0x01, 0xf6, 0x00,
    0x00, 0x01, 0xf6, 0x23, 0x00, 0x00, 0x16, 0xe1, 0x00, 0x01, 0xf6, 0x25, 0x00, 0x01, 0xf6, 0x2b,
    0x00, 0x00, 0x17, 0x05, 0x00, 0x01, 0xf6, 0x2d, 0x00, 0x01, 0xf6, 0x40, 0x00, 0x00, 0x17, 0x0c,
    0x00, 0x01, 0xf6, 0x43, 0x00, 0x01, 0xf6, 0x43, 0x00, 0x00, 0x17, 0x20, 0x00, 0x06, 0x02, 0x0a,
    0x00, 0x00, 0x00, 0x00, 0x01, 0x00, 0x00, 0x01, 0x00, 0x00, 0x00, 0x00, 0x00, 0x00, 0x00, 0x00,
    0x00, 0x00, 0x00, 0x00, 0x00, 0x00, 0x00, 0x01, 0x00, 0x02, 0x00, 0x00, 0x00, 0x00, 0x00, 0x00,
    0x00, 0x02, 0x00, 0x00, 0x00, 0x00, 0x00, 0x00, 0x00, 0x00, 0x00, 0x00, 0x00, 0x00, 0x00, 0x00,
    0x00, 0x00, 0x00, 0x00, 0x00, 0x00, 0x00, 0x00, 0x00, 0x00, 0x00, 0x00, 0x00, 0x00, 0x00, 0x00,
    0x00, 0x01, 0x00, 0x00, 0x00, 0x00, 0x00, 0x03, 0x00, 0x04, 0x00, 0x05, 0x00, 0x06, 0x00, 0x07,
    0x00, 0x08, 0x00, 0x09, 0x00, 0x0a, 0x00, 0x0b, 0x00, 0x0c, 0x00, 0x0d, 0x00, 0x0e, 0x00, 0x0f,
    0x00, 0x10, 0x00, 0x11, 0x00, 0x12, 0x00, 0x13, 0x00, 0x14, 0x00, 0x15, 0x00, 0x16, 0x00, 0x17,
    0x00, 0x18, 0x00, 0x19, 0x00, 0x1a, 0x00, 0x1b, 0x00, 0x1c, 0x00, 0x1d, 0x00, 0x1e, 0x00, 0x1f,
    0x00, 0x20, 0x00, 0x21, 0x00, 0x22, 0x00, 0x23, 0x00, 0x24, 0x00, 0x25, 0x00, 0x26, 0x00, 0x27,
    0x00, 0x28, 0x00, 0x29, 0x00, 0x2a, 0x00, 0x2b, 0x00, 0x2c, 0x00, 0x2d, 0x00, 0x2e, 0x00, 0x2f,
    0x00, 0x30, 0x00, 0x31, 0x00, 0x32, 0x00, 0x33, 0x00, 0x34, 0x00, 0x35, 0x00, 0x36, 0x00, 0x37,
    0x00, 0x38, 0x00, 0x39, 0x00, 0x3a, 0x00, 0x3b, 0x00, 0x3c, 0x00, 0x3d, 0x00, 0x3e, 0x00, 0x3f,
    0x00, 0x40, 0x00, 0x41, 0x00, 0x42, 0x00, 0x43, 0x00, 0x44, 0x00, 0x45, 0x00, 0x46, 0x00, 0x47,
    0x00, 0x48, 0x00, 0x49, 0x00, 0x4a, 0x00, 0x4b, 0x00, 0x4c, 0x00, 0x4d, 0x00, 0x4e, 0x00, 0x4f,
    0x00, 0x50, 0x00, 0x51, 0x00, 0x52, 0x00, 0x53, 0x00, 0x54, 0x00, 0x55, 0x00, 0x56, 0x00, 0x57,
    0x00, 0x58, 0x00, 0x59, 0x00, 0x5a, 0x00, 0x5b, 0x00, 0x5c, 0x00, 0x5d, 0x00, 0x5e, 0x00, 0x5f,
    0x00, 0x60, 0x00, 0x61, 0x00, 0x00, 0x00, 0x86, 0x00, 0x87, 0x00, 0x89, 0x00, 0x8b, 0x00, 0x93,
    0x00, 0x98, 0x00, 0x9e, 0x00, 0xa3, 0x00, 0xa2, 0x00, 0xa4, 0x00, 0xa6, 0x00, 0xa5, 0x00, 0xa7,
    0x00, 0xa9, 0x00, 0xab, 0x00, 0xaa, 0x00, 0xac, 0x00, 0xad, 0x00, 0xaf, 0x00, 0xae, 0x00, 0xb0,
    0x00, 0xb1, 0x00, 0xb3, 0x00, 0xb5, 0x00, 0xb4, 0x00, 0xb6, 0x00, 0xb8, 0x00, 0xb7, 0x00, 0xbc,
    0x00, 0xbb, 0x00, 0xbd, 0x00, 0xbe, 0x0b, 0x03, 0x00, 0x72, 0x00, 0x64, 0x00, 0x65, 0x00, 0x69,
    0x0b, 0x05, 0x00, 0x78, 0x00, 0xa1, 0x00, 0x70, 0x00, 0x6b, 0x0b, 0xba, 0x00, 0x76, 0x00, 0x6a,
    0x0c, 0xeb, 0x00, 0x88, 0x00, 0x9a, 0x0c, 0xa9, 0x00, 0x73, 0x0c, 0xef, 0x0c, 0xf0, 0x00, 0x67,
    0x00, 0x77, 0x0c, 0x8d, 0x0c, 0x9c, 0x0c, 0x9a, 0x03, 0x55, 0x0c, 0xb6, 0x00, 0x6c, 0x00, 0x7c,
    0x03, 0x3e, 0x00, 0xa8, 0x00, 0xba, 0x00, 0x81, 0x00, 0x63, 0x00, 0x6e, 0x0c, 0xa5, 0x01, 0x54,
    0x0c, 0xd3, 0x0c, 0x91, 0x00, 0x6d, 0x00, 0x7d, 0x0b, 0x09, 0x00, 0x62, 0x00, 0x82, 0x00, 0x85,
    0x00, 0x97, 0x01, 0x14, 0x01, 0x15, 0x0a, 0xf6, 0x0a, 0xf7, 0x0a, 0xff, 0x0b, 0x00, 0x0a, 0xfb,
    0x0a, 0xfc, 0x00, 0xb9, 0x0e, 0xa2, 0x00, 0xc1, 0x01, 0x3a, 0x0b, 0x27, 0x0b, 0x84, 0x0b, 0x1c,
    0x0b, 0x1d, 0x13, 0xb2, 0x13, 0xb3, 0x0b, 0x04, 0x00, 0x79, 0x0a, 0xfd, 0x0b, 0x01, 0x0b, 0x13,
    0x00, 0x84, 0x00, 0x8c, 0x00, 0x83, 0x00, 0x8d, 0x00, 0x8a, 0x00, 0x8f, 0x00, 0x90, 0x00, 0x91,
    0x00, 0x8e, 0x00, 0x95, 0x00, 0x96, 0x00, 0x00, 0x00, 0x94, 0x00, 0x9c, 0x00, 0x9d, 0x00, 0x9b,
    0x00, 0xf3, 0x02, 0x88, 0x02, 0x9e, 0x00, 0x71, 0x02, 0x9a, 0x02, 0x9b, 0x02, 0x9c, 0x00, 0x7a,
    0x02, 0x9f, 0x02, 0x9d, 0x02, 0x89, 0x00, 0x00, 0x00, 0x01, 0x00, 0x00, 0x00, 0x02, 0x5e, 0xb8,
    0x6d, 0x09, 0x04, 0xe1, 0x5f, 0x0f, 0x3c, 0xf5, 0x00, 0x1f, 0x08, 0x00, 0x00, 0x00, 0x00, 0x00,
    0xd3, 0xc2, 0x2b, 0xfc, 0x00, 0x00, 0x00, 0x00, 0xd3, 0xc2, 0x2b, 0xfc, 0xf7, 0xd6, 0xfc, 0x4c,
    0x0e, 0x59, 0x09, 0xdc, 0x00, 0x00, 0x00, 0x08, 0x00, 0x00, 0x00, 0x01, 0x00, 0x00, 0x00, 0x00,
    0x00, 0x01, 0x00, 0x00, 0x07, 0x6d, 0xfe, 0x1d, 0x00, 0x00, 0x0e, 0xfe, 0xf7, 0xd6, 0xfa, 0x51,
    0x0e, 0x59, 0x00, 0x01, 0x00, 0x00, 0x00, 0x00, 0x00, 0x00, 0x00, 0x00, 0x00, 0x00, 0x00, 0x00,
    0x00, 0x00, 0x18, 0x5e, 0x04, 0xcd, 0x00, 0x66, 0x00, 0x00, 0x00, 0x00, 0x02, 0xaa, 0x00, 0x00,
    0x02, 0x8b, 0x00, 0x00, 0x03, 0x35, 0x01, 0x35, 0x03, 0xae, 0x00, 0xc5, 0x06, 0xb4, 0x00, 0x9e,
    0x05, 0x17, 0x00, 0xaa, 0x07, 0x9a, 0x00, 0x71, 0x06, 0x3d, 0x00, 0x81, 0x02, 0x33, 0x00, 0xc5,
    0x03, 0x1f, 0x00, 0xb0, 0x03, 0x1f, 0x00, 0xa4, 0x04, 0x00, 0x00, 0x3d, 0x06, 0xb4, 0x00, 0xd9,
    0x02, 0x8b, 0x00, 0x9e, 0x02, 0xe3, 0x00, 0x64, 0x02, 0x8b, 0x00, 0xdb, 0x02, 0xb2, 0x00, 0x00,
    0x05, 0x17, 0x00, 0x87, 0x05, 0x17, 0x00, 0xe1, 0x05, 0x17, 0x00, 0x96, 0x05, 0x17, 0x00, 0x9c,
    0x05, 0x17, 0x00, 0x64, 0x05, 0x17, 0x00, 0x9e, 0x05, 0x17, 0x00, 0x8f, 0x05, 0x17, 0x00, 0xa8,
    0x05, 0x17, 0x00, 0x8b, 0x05, 0x17, 0x00, 0x81, 0x02, 0xb2, 0x00, 0xf0, 0x02, 0xb2, 0x00, 0x9e,
    0x06, 0xb4, 0x00, 0xd9, 0x06, 0xb4, 0x00, 0xd9, 0x06, 0xb4, 0x00, 0xd9, 0x04, 0x3f, 0x00, 0x93,
    0x08, 0x00, 0x00, 0x87, 0x05, 0x79, 0x00, 0x10, 0x05, 0x7d, 0x00, 0xc9, 0x05, 0x96, 0x00, 0x73,
    0x06, 0x29, 0x00, 0xc9, 0x05, 0x0e, 0x00, 0xc9, 0x04, 0x9a, 0x00, 0xc9, 0x06, 0x33, 0x00, 0x73,
    0x06, 0x04, 0x00, 0xc9, 0x02, 0x5c, 0x00, 0xc9, 0x02, 0x5c, 0xff, 0x96, 0x05, 0x3f, 0x00, 0xc9,
    0x04, 0x75, 0x00, 0xc9, 0x06, 0xe7, 0x00, 0xc9, 0x05, 0xfc, 0x00, 0xc9, 0x06, 0x4c, 0x00, 0x73,
    0x04, 0xd3, 0x00, 0xc9, 0x06, 0x4c, 0x00, 0x73, 0x05, 0x8f, 0x00, 0xc9, 0x05, 0x14, 0x00, 0x87,
    0x04, 0xe3, 0xff, 0xfa, 0x05, 0xdb, 0x00, 0xb2, 0x05, 0x79, 0x00, 0x10, 0x07, 0xe9, 0x00, 0x44,
    0x05, 0x7b, 0x00, 0x3d, 0x04, 0xe3, 0xff, 0xfc, 0x05, 0x7b, 0x00, 0x5c, 0x03, 0x1f, 0x00, 0xb0,
    0x02, 0xb2, 0x00, 0x00, 0x03, 0x1f, 0x00, 0xc7, 0x06, 0xb4, 0x00, 0xd9, 0x04, 0x00, 0xff, 0xec,
    0x04, 0x00, 0x00, 0xaa, 0x04, 0xe7, 0x00, 0x7b, 0x05, 0x14, 0x00, 0xba, 0x04, 0x66, 0x00, 0x71,
    0x05, 0x14, 0x00, 0x71, 0x04, 0xec, 0x00, 0x71, 0x02, 0xd1, 0x00, 0x2f, 0x05, 0x14, 0x00, 0x71,
    0x05, 0x12, 0x00, 0xba, 0x02, 0x39, 0x00, 0xc1, 0x02, 0x39, 0xff, 0xdb, 0x04, 0xa2, 0x00, 0xba,
    0x02, 0x39, 0x00, 0xc1, 0x07, 0xcb, 0x00, 0xba, 0x05, 0x12, 0x00, 0xba, 0x04, 0xe5, 0x00, 0x71,
    0x05, 0x14, 0x00, 0xba, 0x05, 0x14, 0x00, 0x71, 0x03, 0x4a, 0x00, 0xba, 0x04, 0x2b, 0x00, 0x6f,
    0x03, 0x23, 0x00, 0x37, 0x05, 0x12, 0x00, 0xae, 0x04, 0xbc, 0x00, 0x3d, 0x06, 0x8b, 0x00, 0x56,
    0x04, 0xbc, 0x00, 0x3b, 0x04, 0xbc, 0x00, 0x3d, 0x04, 0x33, 0x00, 0x58, 0x05, 0x17, 0x01, 0x00,
    0x02, 0xb2, 0x01, 0x04, 0x05, 0x17, 0x01, 0x00, 0x06, 0xb4, 0x00, 0xd9, 0x02, 0x8b, 0x00, 0x00,
    0x03, 0x35, 0x01, 0x35, 0x05, 0x17, 0x00, 0xac, 0x05, 0x17, 0x00, 0x81, 0x05, 0x17, 0x00, 0x5e,
    0x05, 0x17, 0x00, 0x52, 0x02, 0xb2, 0x01, 0x04, 0x04, 0x00, 0x00, 0x5c, 0x04, 0x00, 0x00, 0xd7,
    0x08, 0x00, 0x01, 0x1b, 0x03, 0xc5, 0x00, 0x73, 0x04, 0xe5, 0x00, 0x9e, 0x06, 0xb4, 0x00, 0xd9,
    0x02, 0xe3, 0x00, 0x64, 0x08, 0x00, 0x01, 0x1b, 0x04, 0x00, 0x00, 0xd5, 0x04, 0x00, 0x00, 0xc3,
    0x06, 0xb4, 0x00, 0xd9, 0x03, 0x35, 0x00, 0x5e, 0x03, 0x35, 0x00, 0x62, 0x04, 0x00, 0x01, 0x73,
    0x05, 0x17, 0x00, 0xae, 0x05, 0x17, 0x00, 0x9e, 0x02, 0x8b, 0x00, 0xdb, 0x04, 0x00, 0x01, 0x23,
    0x03, 0x35, 0x00, 0x89, 0x03, 0xc5, 0x00, 0x60, 0x04, 0xe5, 0x00, 0xc1, 0x07, 0xc1, 0x00, 0x89,
    0x07, 0xc1, 0x00, 0x89, 0x07, 0xc1, 0x00, 0x62, 0x04, 0x3f, 0x00, 0x8f, 0x05, 0x79, 0x00, 0x10,
    0x05, 0x79, 0x00, 0x10, 0x05, 0x79, 0x00, 0x10, 0x05, 0x79, 0x00, 0x10, 0x05, 0x79, 0x00, 0x10,
    0x05, 0x79, 0x00, 0x10, 0x07, 0xcb, 0x00, 0x08, 0x05, 0x96, 0x00, 0x73, 0x05, 0x0e, 0x00, 0xc9,
    0x05, 0x0e, 0x00, 0xc9, 0x05, 0x0e, 0x00, 0xc9, 0x05, 0x0e, 0x00, 0xc9, 0x02, 0x5c, 0x00, 0x3b,
    0x02, 0x5c, 0x00, 0xa2, 0x02, 0x5c, 0xff, 0xfe, 0x02, 0x5c, 0x00, 0x06, 0x06, 0x33, 0x00, 0x0a,
    0x05, 0xfc, 0x00, 0xc9, 0x06, 0x4c, 0x00, 0x73, 0x06, 0x4c, 0x00, 0x73, 0x06, 0x4c, 0x00, 0x73,
    0x06, 0x4c, 0x00, 0x73, 0x06, 0x4c, 0x00, 0x73, 0x06, 0xb4, 0x01, 0x19, 0x06, 0x4c, 0x00, 0x66,
    0x05, 0xdb, 0x00, 0xb2, 0x05, 0xdb, 0x00, 0xb2, 0x05, 0xdb, 0x00, 0xb2, 0x05, 0xdb, 0x00, 0xb2,
    0x04, 0xe3, 0xff, 0xfc, 0x04, 0xd7, 0x00, 0xc9, 0x05, 0x0a, 0x00, 0xba, 0x04, 0xe7, 0x00, 0x7b,
    0x04, 0xe7, 0x00, 0x7b, 0x04, 0xe7, 0x00, 0x7b, 0x04, 0xe7, 0x00, 0x7b, 0x04, 0xe7, 0x00, 0x7b,
    0x04, 0xe7, 0x00, 0x7b, 0x07, 0xdb, 0x00, 0x7b, 0x04, 0x66, 0x00, 0x71, 0x04, 0xec, 0x00, 0x71,
    0x04, 0xec, 0x00, 0x71, 0x04, 0xec, 0x00, 0x71, 0x04, 0xec, 0x00, 0x71, 0x02, 0x39, 0xff, 0xc7,
    0x02, 0x39, 0x00, 0x90, 0x02, 0x39, 0xff, 0xde, 0x02, 0x39, 0xff, 0xf4, 0x04, 0xe5, 0x00, 0x71,
    0x05, 0x12, 0x00, 0xba, 0x04, 0xe5, 0x00, 0x71, 0x04, 0xe5, 0x00, 0x71, 0x04, 0xe5, 0x00, 0x71,
    0x04, 0xe5, 0x00, 0x71, 0x04, 0xe5, 0x00, 0x71, 0x06, 0xb4, 0x00, 0xd9, 0x04, 0xe5, 0x00, 0x48,
    0x05, 0x12, 0x00, 0xae, 0x05, 0x12, 0x00, 0xae, 0x05, 0x12, 0x00, 0xae, 0x05, 0x12, 0x00, 0xae,
    0x04, 0xbc, 0x00, 0x3d, 0x05, 0x14, 0x00, 0xba, 0x04, 0xbc, 0x00, 0x3d, 0x05, 0x79, 0x00, 0x10,
    0x04, 0xe7, 0x00, 0x7b, 0x05, 0x79, 0x00, 0x10, 0x04, 0xe7, 0x00, 0x7b, 0x05, 0x79, 0x00, 0x10,
    0x04, 0xe7, 0x00, 0x7b, 0x05, 0x96, 0x00, 0x73, 0x04, 0x66, 0x00, 0x71, 0x05, 0x96, 0x00, 0x73,
    0x04, 0x66, 0x00, 0x71, 0x05, 0x96, 0x00, 0x73, 0x04, 0x66, 0x00, 0x71, 0x05, 0x96, 0x00, 0x73,
    0x04, 0x66, 0x00, 0x71, 0x06, 0x29, 0x00, 0xc9, 0x05, 0x14, 0x00, 0x71, 0x06, 0x33, 0x00, 0x0a,
    0x05, 0x14, 0x00, 0x71, 0x05, 0x0e, 0x00, 0xc9, 0x04, 0xec, 0x00, 0x71, 0x05, 0x0e, 0x00, 0xc9,
    0x04, 0xec, 0x00, 0x71, 0x05, 0x0e, 0x00, 0xc9, 0x04, 0xec, 0x00, 0x71, 0x05, 0x0e, 0x00, 0xc9,
    0x04, 0xec, 0x00, 0x71, 0x05, 0x0e, 0x00, 0xc9, 0x04, 0xec, 0x00, 0x71, 0x06, 0x33, 0x00, 0x73,
    0x05, 0x14, 0x00, 0x71, 0x06, 0x33, 0x00, 0x73, 0x05, 0x14, 0x00, 0x71, 0x06, 0x33, 0x00, 0x73,
    0x05, 0x14, 0x00, 0x71, 0x06, 0x33, 0x00, 0x73, 0x05, 0x14, 0x00, 0x71, 0x06, 0x04, 0x00, 0xc9,
    0x05, 0x12, 0xff, 0xe5, 0x07, 0x54, 0x00, 0xc9, 0x05, 0x8f, 0x00, 0x78, 0x02, 0x5c, 0xff, 0xe4,
    0x02, 0x39, 0xff, 0xd3, 0x02, 0x5c, 0x00, 0x03, 0x02, 0x39, 0xff, 0xf2, 0x02, 0x5c, 0xff, 0xf5,
    0x02, 0x39, 0xff, 0xe4, 0x02, 0x5c, 0x00, 0xb0, 0x02, 0x39, 0x00, 0x96, 0x02, 0x5c, 0x00, 0xc9,
    0x02, 0x39, 0x00, 0xc1, 0x04, 0xb8, 0x00, 0xc9, 0x04, 0x72, 0x00, 0xc1, 0x02, 0x5c, 0xff, 0x96,
    0x02, 0x39, 0xff, 0xdb, 0x05, 0x3f, 0x00, 0xc9, 0x04, 0xa2, 0x00, 0xba, 0x04, 0xa2, 0x00, 0xba,
    0x04, 0x75, 0x00, 0xc9, 0x02, 0x39, 0x00, 0xc1, 0x04, 0x75, 0x00, 0xc9, 0x02, 0x39, 0x00, 0x88,
    0x04, 0x75, 0x00, 0xc9, 0x03, 0x00, 0x00, 0xc1, 0x04, 0x75, 0x00, 0xc9, 0x02, 0xbc, 0x00, 0xc1,
    0x04, 0x7f, 0xff, 0xf2, 0x02, 0x46, 0x00, 0x02, 0x05, 0xfc, 0x00, 0xc9, 0x05, 0x12, 0x00, 0xba,
    0x05, 0xfc, 0x00, 0xc9, 0x05, 0x12, 0x00, 0xba, 0x05, 0xfc, 0x00, 0xc9, 0x05, 0x12, 0x00, 0xba,
    0x06, 0x82, 0x00, 0xcd, 0x05, 0xfc, 0x00, 0xc9, 0x05, 0x12, 0x00, 0xba, 0x06, 0x4c, 0x00, 0x73,
    0x04, 0xe5, 0x00, 0x71, 0x06, 0x4c, 0x00, 0x73, 0x04, 0xe5, 0x00, 0x71, 0x06, 0x4c, 0x00, 0x73,
    0x04, 0xe5, 0x00, 0x71, 0x08, 0x8f, 0x00, 0x73, 0x08, 0x2f, 0x00, 0x71, 0x05, 0x8f, 0x00, 0xc9,
    0x03, 0x4a, 0x00, 0xba, 0x05, 0x8f, 0x00, 0xc9, 0x03, 0x4a, 0x00, 0x82, 0x05, 0x8f, 0x00, 0xc9,
    0x03, 0x4a, 0x00, 0xba, 0x05, 0x14, 0x00, 0x87, 0x04, 0x2b, 0x00, 0x6f, 0x05, 0x14, 0x00, 0x87,
    0x04, 0x2b, 0x00, 0x6f, 0x05, 0x14, 0x00, 0x87, 0x04, 0x2b, 0x00, 0x6f, 0x05, 0x14, 0x00, 0x87,
    0x04, 0x2b, 0x00, 0x6f, 0x04, 0xe3, 0xff, 0xfa, 0x03, 0x23, 0x00, 0x37, 0x04, 0xe3, 0xff, 0xfa,
    0x03, 0x23, 0x00, 0x37, 0x04, 0xe3, 0xff, 0xfa, 0x03, 0x23, 0x00, 0x37, 0x05, 0xdb, 0x00, 0xb2,
    0x05, 0x12, 0x00, 0xae, 0x05, 0xdb, 0x00, 0xb2, 0x05, 0x12, 0x00, 0xae, 0x05, 0xdb, 0x00, 0xb2,
    0x05, 0x12, 0x00, 0xae, 0x05, 0xdb, 0x00, 0xb2, 0x05, 0x12, 0x00, 0xae, 0x05, 0xdb, 0x00, 0xb2,
    0x05, 0x12, 0x00, 0xae, 0x05, 0xdb, 0x00, 0xb2, 0x05, 0x12, 0x00, 0xae, 0x07, 0xe9, 0x00, 0x44,
    0x06, 0x8b, 0x00, 0x56, 0x04, 0xe3, 0xff, 0xfc, 0x04, 0xbc, 0x00, 0x3d, 0x04, 0xe3, 0xff, 0xfc,
    0x05, 0x7b, 0x00, 0x5c, 0x04, 0x33, 0x00, 0x58, 0x05, 0x7b, 0x00, 0x5c, 0x04, 0x33, 0x00, 0x58,
    0x05, 0x7b, 0x00, 0x5c, 0x04, 0x33, 0x00, 0x58, 0x02, 0xd1, 0x00, 0x2f, 0x05, 0x14, 0x00, 0x20,
    0x05, 0xe1, 0xff, 0x97, 0x05, 0x7d, 0x00, 0xc9, 0x05, 0x14, 0x00, 0xba, 0x05, 0x7d, 0x00, 0x00,
    0x05, 0x14, 0x00, 0x00, 0x05, 0xa0, 0x00, 0x73, 0x05, 0x96, 0x00, 0x73, 0x04, 0x66, 0x00, 0x71,
    0x06, 0x33, 0x00, 0x0a, 0x06, 0x8d, 0xff, 0x97, 0x05, 0x7d, 0x00, 0xc9, 0x05, 0x14, 0x00, 0x71,
    0x04, 0xe5, 0x00, 0x71, 0x05, 0x0e, 0x00, 0x83, 0x06, 0x4c, 0x00, 0x75, 0x04, 0xea, 0x00, 0xa4,
    0x04, 0x9a, 0xff, 0x96, 0x02, 0xd1, 0xff, 0x7f, 0x06, 0x33, 0x00, 0x73, 0x05, 0x7e, 0x00, 0x08,
    0x07, 0xdf, 0x00, 0xba, 0x02, 0xd4, 0x00, 0xc9, 0x02, 0x5c, 0x00, 0x0a, 0x05, 0xf7, 0x00, 0xc9,
    0x04, 0xa2, 0x00, 0xb9, 0x02, 0x39, 0x00, 0x0a, 0x04, 0xbc, 0x00, 0x3d, 0x07, 0xcb, 0x00, 0xb2,
    0x05, 0xfc, 0xff, 0x96, 0x05, 0x12, 0x00, 0xba, 0x06, 0x4c, 0x00, 0x73, 0x07, 0x4e, 0x00, 0x67,
    0x04, 0xe5, 0x00, 0x76, 0x07, 0x97, 0x00, 0x73, 0x06, 0x13, 0x00, 0x71, 0x05, 0x37, 0xff, 0x97,
    0x05, 0x14, 0x00, 0xb9, 0x05, 0x8f, 0x00, 0xc9, 0x05, 0x14, 0x00, 0x72, 0x04, 0x2b, 0x00, 0x64,
    0x05, 0x0e, 0x00, 0xc9, 0x02, 0xb0, 0xfe, 0xf2, 0x03, 0x23, 0x00, 0x37, 0x04, 0xe3, 0x00, 0x18,
    0x03, 0x23, 0x00, 0x37, 0x04, 0xe3, 0xff, 0xfa, 0x06, 0xdd, 0x00, 0xad, 0x05, 0x12, 0x00, 0xb0,
    0x06, 0x1d, 0x00, 0x4e, 0x05, 0xc4, 0x00, 0xc9, 0x05, 0xf3, 0xff, 0xfc, 0x05, 0xd8, 0x00, 0x3d,
    0x05, 0x7b, 0x00, 0x5c, 0x04, 0x33, 0x00, 0x58, 0x05, 0x54, 0x00, 0xa0, 0x05, 0x54, 0x00, 0x5c,
    0x04, 0x9f, 0x00, 0x68, 0x04, 0x33, 0x00, 0x71, 0x05, 0x17, 0x00, 0x96, 0x05, 0x54, 0x00, 0x5d,
    0x04, 0x9f, 0x00, 0x68, 0x04, 0x15, 0x00, 0x58, 0x05, 0x14, 0x00, 0xba, 0x02, 0x5c, 0x00, 0xc9,
    0x03, 0xf0, 0x00, 0xc9, 0x03, 0xac, 0x00, 0x14, 0x02, 0x5d, 0x00, 0xc9, 0x0b, 0x60, 0x00, 0xc9,
    0x0a, 0x64, 0x00, 0xc9, 0x09, 0x3c, 0x00, 0x71, 0x06, 0xaf, 0x00, 0xc9, 0x06, 0x4b, 0x00, 0xc9,
    0x03, 0xa7, 0x00, 0xc1, 0x07, 0x73, 0x00, 0xc9, 0x07, 0x64, 0x00, 0xc9, 0x06, 0x61, 0x00, 0xba,
    0x05, 0x79, 0x00, 0x10, 0x04, 0xe7, 0x00, 0x7b, 0x02, 0x5c, 0xff, 0xfe, 0x02, 0x39, 0xff, 0xe0,
    0x06, 0x4c, 0x00, 0x73, 0x04, 0xe5, 0x00, 0x71, 0x05, 0xdb, 0x00, 0xb2, 0x05, 0x12, 0x00, 0xae,
    0x05, 0xdb, 0x00, 0xb2, 0x05, 0x12, 0x00, 0xae, 0x05, 0xdb, 0x00, 0xb2, 0x05, 0x12, 0x00, 0xae,
    0x05, 0xdb, 0x00, 0xb2, 0x05, 0x12, 0x00, 0xae, 0x05, 0xdb, 0x00, 0xb2, 0x05, 0x12, 0x00, 0xae,
    0x04, 0xec, 0x00, 0x71, 0x05, 0x79, 0x00, 0x10, 0x04, 0xe7, 0x00, 0x7b, 0x05, 0x79, 0x00, 0x10,
    0x04, 0xe7, 0x00, 0x7b, 0x07, 0xcb, 0x00, 0x08, 0x07, 0xdb, 0x00, 0x7b, 0x06, 0x33, 0x00, 0x73,
    0x05, 0x14, 0x00, 0x71, 0x06, 0x33, 0x00, 0x73, 0x05, 0x14, 0x00, 0x71, 0x05, 0x3f, 0x00, 0xc9,
    0x04, 0xa2, 0xff, 0xe9, 0x06, 0x4c, 0x00, 0x73, 0x04, 0xe5, 0x00, 0x71, 0x06, 0x4c, 0x00, 0x73,
    0x04, 0xe5, 0x00, 0x71, 0x05, 0x54, 0x00, 0xa0, 0x04, 0x9f, 0x00, 0x58, 0x02, 0x39, 0xff, 0xdb,
    0x0b, 0x60, 0x00, 0xc9, 0x0a, 0x64, 0x00, 0xc9, 0x09, 0x3c, 0x00, 0x71, 0x06, 0x33, 0x00, 0x73,
    0x05, 0x14, 0x00, 0x71, 0x08, 0xe7, 0x00, 0xc9, 0x05, 0x75, 0x00, 0xc9, 0x05, 0xfc, 0x00, 0xc9,
    0x05, 0x12, 0x00, 0xba, 0x05, 0x79, 0x00, 0x10, 0x04, 0xe7, 0x00, 0x7b, 0x07, 0xcb, 0x00, 0x08,
    0x07, 0xdb, 0x00, 0x7b, 0x06, 0x4c, 0x00, 0x66, 0x04, 0xe5, 0x00, 0x48, 0x05, 0x79, 0x00, 0x10,
    0x04, 0xe7, 0x00, 0x7b, 0x05, 0x79, 0x00, 0x10, 0x04, 0xe7, 0x00, 0x7b, 0x05, 0x0e, 0x00, 0xc9,
    0x04, 0xec, 0x00, 0x71, 0x05, 0x0e, 0x00, 0xc9, 0x04, 0xec, 0x00, 0x71, 0x02, 0x5c, 0xff, 0xa7,
    0x02, 0x39, 0xff, 0xc3, 0x02, 0x5c, 0x00, 0x05, 0x02, 0x39, 0xff, 0xe3, 0x06, 0x4c, 0x00, 0x73,
    0x04, 0xe5, 0x00, 0x71, 0x06, 0x4c, 0x00, 0x73, 0x04, 0xe5, 0x00, 0x71, 0x05, 0x8f, 0x00, 0xc7,
    0x03, 0x4a, 0x00, 0x82, 0x05, 0x8f, 0x00, 0xc9, 0x03, 0x4a, 0x00, 0xba, 0x05, 0xdb, 0x00, 0xb2,
    0x05, 0x12, 0x00, 0xae, 0x05, 0xdb, 0x00, 0xb2, 0x05, 0x12, 0x00, 0xae, 0x05, 0x14, 0x00, 0x87,
    0x04, 0x2b, 0x00, 0x6f, 0x04, 0xe3, 0xff, 0xfa, 0x03, 0x23, 0x00, 0x37, 0x05, 0x04, 0x00, 0x9c,
    0x04, 0x2c, 0x00, 0x47, 0x06, 0x04, 0x00, 0xc9, 0x05, 0x12, 0xff, 0xf0, 0x05, 0xe2, 0x00, 0xc9,
    0x06, 0xb4, 0x00, 0x71, 0x05, 0x96, 0x00, 0x71, 0x04, 0xe2, 0x00, 0x71, 0x05, 0x7b, 0x00, 0x5c,
    0x04, 0x33, 0x00, 0x58, 0x05, 0x79, 0x00, 0x10, 0x04, 0xe7, 0x00, 0x7b, 0x05, 0x0e, 0x00, 0xc9,
    0x04, 0xec, 0x00, 0x71, 0x06, 0x4c, 0x00, 0x73, 0x04, 0xe5, 0x00, 0x71, 0x06, 0x4c, 0x00, 0x73,
    0x04, 0xe5, 0x00, 0x71, 0x06, 0x4c, 0x00, 0x73, 0x04, 0xe5, 0x00, 0x71, 0x06, 0x4c, 0x00, 0x73,
    0x04, 0xe5, 0x00, 0x71, 0x04, 0xe3, 0xff, 0xfc, 0x04, 0xbc, 0x00, 0x3d, 0x03, 0xcc, 0x00, 0x8a,
    0x06, 0xbe, 0x00, 0xba, 0x03, 0xd1, 0x00, 0x37, 0x02, 0x39, 0xff, 0xdb, 0x07, 0xfc, 0x00, 0x71,
    0x07, 0xfc, 0x00, 0x71, 0x05, 0x79, 0xff, 0xfd, 0x05, 0x96, 0x00, 0x0c, 0x04, 0x66, 0x00, 0x09,
    0x04, 0x75, 0x00, 0x0a, 0x04, 0xe3, 0xff, 0xb2, 0x04, 0x2b, 0x00, 0x6f, 0x04, 0x33, 0x00, 0x58,
    0x04, 0xd3, 0x00, 0x50, 0x03, 0xd5, 0x00, 0x50, 0x05, 0x7d, 0x00, 0x0a, 0x05, 0xdb, 0x00, 0x0c,
    0x05, 0x79, 0x00, 0x10, 0x05, 0x0e, 0x00, 0xc9, 0x04, 0xec, 0x00, 0x71, 0x02, 0x5c, 0xff, 0x96,
    0x02, 0x39, 0xff, 0xdb, 0x06, 0x40, 0x00, 0x73, 0x05, 0x14, 0x00, 0x71, 0x05, 0x8f, 0x00, 0x0a,
    0x03, 0x4a, 0x00, 0x0e, 0x04, 0xe3, 0xff, 0xf6, 0x04, 0xbc, 0x00, 0x0b, 0x04, 0xcd, 0x00, 0xae,
    0x05, 0x14, 0x00, 0x71, 0x05, 0x14, 0x00, 0xba, 0x05, 0x14, 0x00, 0xba, 0x04, 0x65, 0x00, 0x7f,
    0x04, 0x66, 0x00, 0x71, 0x05, 0x14, 0x00, 0x71, 0x05, 0x92, 0x00, 0x71, 0x04, 0xec, 0x00, 0x71,
    0x04, 0xec, 0x00, 0x71, 0x06, 0x8e, 0x00, 0x7c, 0x04, 0x53, 0x00, 0x85, 0x04, 0x41, 0x00, 0x85,
    0x06, 0x34, 0x00, 0x85, 0x05, 0x50, 0x00, 0x71, 0x02, 0x39, 0xff, 0xdb, 0x05, 0x91, 0x00, 0x71,
    0x05, 0x14, 0x00, 0x71, 0x05, 0x09, 0x00, 0x71, 0x04, 0xc4, 0x00, 0x60, 0x04, 0xc4, 0x00, 0x60,
    0x05, 0x12, 0x00, 0xae, 0x05, 0x12, 0x00, 0xba, 0x05, 0x12, 0x00, 0xba, 0x02, 0x39, 0x00, 0x0e,
    0x02, 0xb5, 0x00, 0xa6, 0x02, 0xf9, 0x00, 0x74, 0x03, 0x2a, 0x00, 0x4b, 0x03, 0xe6, 0x00, 0x4d,
    0x02, 0x3a, 0x00, 0xc1, 0x05, 0xa6, 0x00, 0xc1, 0x07, 0xcb, 0x00, 0xba, 0x07, 0xcb, 0x00, 0xba,
    0x07, 0xcb, 0x00, 0xba, 0x05, 0x2b, 0xff, 0xdb, 0x05, 0x23, 0x00, 0xba, 0x05, 0x12, 0x00, 0xb3,
    0x04, 0xe5, 0x00, 0x71, 0x06, 0xdd, 0x00, 0x71, 0x05, 0xd3, 0x00, 0x94, 0x05, 0x47, 0x00, 0x70,
    0x03, 0x50, 0x00, 0x00, 0x03, 0x50, 0x00, 0x00, 0x03, 0x4f, 0x00, 0x00, 0x03, 0x4a, 0x00, 0xba,
    0x03, 0x49, 0x00, 0xba, 0x04, 0x3e, 0x00, 0x84, 0x04, 0x3e, 0x00, 0x74, 0x04, 0xd4, 0x00, 0xba,
    0x04, 0xd4, 0x00, 0xba, 0x04, 0x2b, 0x00, 0x6f, 0x02, 0xb0, 0xff, 0xd9, 0x02, 0xb0, 0xff, 0xd9,
    0x03, 0xb1, 0x00, 0x37, 0x02, 0xb0, 0xfe, 0xf2, 0x03, 0x23, 0x00, 0x37, 0x03, 0x23, 0x00, 0x37,
    0x05, 0x12, 0x00, 0x00, 0x04, 0xf1, 0x00, 0x71, 0x04, 0xc9, 0x00, 0xc1, 0x04, 0xbc, 0x00, 0x3d,
    0x06, 0x8b, 0x00, 0x56, 0x04, 0xbc, 0x00, 0x3d, 0x04, 0xe3, 0x00, 0x66, 0x04, 0x33, 0x00, 0x58,
    0x04, 0x33, 0x00, 0x58, 0x04, 0x9f, 0x00, 0x58, 0x04, 0x9f, 0x00, 0x6d, 0x04, 0x15, 0x00, 0x58,
    0x04, 0x15, 0x00, 0x58, 0x04, 0x15, 0x00, 0x58, 0x04, 0x15, 0x00, 0x58, 0x06, 0x4c, 0x00, 0x73,
    0x04, 0xa3, 0x00, 0xba, 0x05, 0x50, 0x00, 0x71, 0x05, 0xaa, 0x00, 0x71, 0x05, 0x3b, 0x00, 0xba,
    0x02, 0x56, 0xfe, 0xf2, 0x05, 0x56, 0x00, 0xba, 0x04, 0x0e, 0x00, 0xba, 0x05, 0xd1, 0x00, 0x71,
    0x04, 0x15, 0x00, 0x58, 0x04, 0x15, 0x00, 0x58, 0x08, 0x1d, 0x00, 0x71, 0x08, 0x76, 0x00, 0x71,
    0x08, 0x1a, 0x00, 0x71, 0x06, 0xa4, 0x00, 0x37, 0x04, 0xe1, 0x00, 0x37, 0x06, 0x3a, 0x00, 0x37,
    0x06, 0xc9, 0x00, 0x2f, 0x05, 0xa5, 0x00, 0xc1, 0x05, 0x3c, 0x00, 0xc1, 0x04, 0x1f, 0x00, 0x36,
    0x04, 0x1f, 0x00, 0x36, 0x05, 0x4a, 0x00, 0x00, 0x05, 0x4f, 0x00, 0x00, 0x03, 0x3c, 0x00, 0x75,
    0x03, 0x31, 0x00, 0x75, 0x01, 0x66, 0xff, 0xe9, 0x02, 0x12, 0x00, 0x75, 0x02, 0x5d, 0x00, 0x48,
    0x02, 0x5e, 0x00, 0x48, 0x03, 0x08, 0x00, 0x20, 0x04, 0x1f, 0x00, 0x36, 0x02, 0xfb, 0x00, 0x26,
    0x02, 0x3a, 0x00, 0xa0, 0x03, 0xae, 0x00, 0xa0, 0x02, 0x8b, 0x00, 0xae, 0x02, 0x8b, 0x00, 0xb2,
    0x02, 0x8b, 0x00, 0xc4, 0x02, 0x75, 0x00, 0x75, 0x02, 0x75, 0x00, 0x75, 0x02, 0xf5, 0x00, 0x75,
    0x02, 0xf5, 0x00, 0x75, 0x04, 0x00, 0x01, 0x0b, 0x04, 0x00, 0x01, 0x0b, 0x04, 0x00, 0x00, 0xc1,
    0x04, 0x00, 0x00, 0xc1, 0x04, 0x00, 0x00, 0xc1, 0x04, 0x00, 0x00, 0xc1, 0x02, 0x33, 0x00, 0xd6,
    0x04, 0x00, 0x00, 0xd5, 0x04, 0x00, 0x01, 0x73, 0x04, 0x00, 0x00, 0xaa, 0x02, 0x33, 0x00, 0xd6,
    0x04, 0x00, 0x00, 0xd5, 0x04, 0x00, 0x00, 0xaa, 0x04, 0x00, 0x01, 0x73, 0x02, 0xb2, 0x00, 0x6f,
    0x02, 0xb2, 0x00, 0x6f, 0x02, 0x75, 0x00, 0x75, 0x02, 0x75, 0x00, 0x75, 0x04, 0x00, 0x01, 0x1f,
    0x04, 0x00, 0x01, 0x1f, 0x03, 0x1e, 0x00, 0x64, 0x02, 0x8a, 0x00, 0x64, 0x04, 0x00, 0x00, 0xc7,
    0x04, 0x00, 0x01, 0x9a, 0x04, 0x00, 0x00, 0xee, 0x04, 0x00, 0x01, 0x4c, 0x04, 0x00, 0x00, 0xb6,
    0x04, 0x00, 0x00, 0xf0, 0x02, 0x86, 0xff, 0xff, 0x04, 0x00, 0x00, 0xef, 0x03, 0x68, 0x00, 0x75,
    0x01, 0x54, 0x00, 0x7a, 0x02, 0xfc, 0x00, 0x75, 0x03, 0x8d, 0x00, 0x75, 0x02, 0xf5, 0x00, 0x75,
    0x03, 0xf2, 0x00, 0xd6, 0x03, 0xf2, 0x00, 0xd6, 0x03, 0xf2, 0x00, 0xd6, 0x03, 0xf2, 0x00, 0xd6,
    0x03, 0xf2, 0x00, 0xd6, 0x04, 0x00, 0x00, 0xc1, 0x04, 0x00, 0x00, 0xd5, 0x04, 0x25, 0x00, 0xae,
    0x04, 0x00, 0x00, 0xee, 0x04, 0x00, 0x00, 0xb6, 0x00, 0x00, 0xfc, 0xa8, 0x00, 0x00, 0xfd, 0x71,
    0x00, 0x00, 0xfc, 0xc1, 0x00, 0x00, 0xfc, 0xb4, 0x00, 0x00, 0xfc, 0xd9, 0x00, 0x00, 0xfb, 0xec,
    0x00, 0x00, 0xfc, 0xbf, 0x00, 0x00, 0xfd, 0xa2, 0x00, 0x00, 0xfc, 0xd7, 0x00, 0x00, 0xfd, 0x37,
    0x00, 0x00, 0xfc, 0xec, 0x00, 0x00, 0xfc, 0xf4, 0x00, 0x00, 0xfc, 0xc5, 0x00, 0x00, 0xfd, 0xbc,
    0x00, 0x00, 0xfc, 0xf0, 0x00, 0x00, 0xfc, 0x5d, 0x00, 0x00, 0xfc, 0xbf, 0x00, 0x00, 0xfc, 0xbf,
    0x00, 0x00, 0xfe, 0x1f, 0x00, 0x00, 0xfd, 0x90, 0x00, 0x00, 0xfd, 0x90, 0x00, 0x00, 0xff, 0x79,
    0x00, 0x00, 0xfc, 0xa8, 0x00, 0x00, 0xfd, 0x71, 0x00, 0x00, 0xfd, 0x24, 0x00, 0x00, 0xfd, 0xc4,
    0x00, 0x00, 0xfe, 0x55, 0x00, 0x00, 0xfe, 0xf0, 0x00, 0x00, 0xfd, 0x80, 0x00, 0x00, 0xfd, 0x0b,
    0x00, 0x00, 0xfd, 0x0b, 0x00, 0x00, 0xfd, 0x24, 0x00, 0x00, 0xfd, 0x0b, 0x00, 0x00, 0xfd, 0x7a,
    0x00, 0x00, 0xfd, 0x77, 0x00, 0x00, 0xfd, 0xa2, 0x00, 0x00, 0xfc, 0xd5, 0x00, 0x00, 0xfd, 0x28,
    0x00, 0x00, 0xfd, 0x6a, 0x00, 0x00, 0xfd, 0x23, 0x00, 0x00, 0xfd, 0x4c, 0x00, 0x00, 0xfd, 0xbc,
    0x00, 0x00, 0xfc, 0xf0, 0x00, 0x00, 0xfc, 0x63, 0x00, 0x00, 0xfc, 0xc5, 0x00, 0x00, 0xfc, 0xbf,
    0x00, 0x00, 0xfc, 0xbf, 0x00, 0x00, 0xfc, 0xbf, 0x00, 0x00, 0xfc, 0xb4, 0x00, 0x00, 0xfc, 0xd9,
    0x00, 0x00, 0xfb, 0xec, 0x00, 0x00, 0xfb, 0xec, 0x00, 0x00, 0xfb, 0x8c, 0x00, 0x00, 0xfd, 0x78,
    0x00, 0x00, 0xfa, 0xed, 0x00, 0x00, 0xfb, 0x68, 0x00, 0x00, 0xfa, 0x12, 0x00, 0x00, 0xfd, 0xac,
    0x00, 0x00, 0xfc, 0xf1, 0x00, 0x00, 0xfd, 0x21, 0x00, 0x00, 0xfc, 0x63, 0x00, 0x00, 0xfd, 0x2b,
    0x00, 0x00, 0xfe, 0x06, 0x00, 0x00, 0xfb, 0xec, 0x00, 0x00, 0xfc, 0xa8, 0x00, 0x00, 0xfd, 0x71,
    0x00, 0x00, 0xfc, 0xb4, 0x00, 0x00, 0xfd, 0x90, 0x00, 0x00, 0xfc, 0xe7, 0x00, 0x00, 0xfd, 0xc6,
    0x00, 0x00, 0xfc, 0xd5, 0x00, 0x00, 0xfd, 0x1f, 0x00, 0x00, 0xfd, 0x15, 0x00, 0x00, 0xfd, 0x1f,
    0x00, 0x00, 0xfc, 0xb6, 0x00, 0x00, 0xfc, 0xb6, 0x00, 0x00, 0xfc, 0xb6, 0x00, 0x00, 0xfc, 0x63,
    0x00, 0x00, 0xfd, 0x33, 0x00, 0x00, 0x00, 0x00, 0x00, 0x00, 0xfd, 0x78, 0x00, 0x00, 0xfc, 0xbf,
    0x00, 0x00, 0xfd, 0x2b, 0x00, 0x00, 0xfd, 0x78, 0x00, 0x00, 0xff, 0x2e, 0x00, 0x00, 0xfc, 0x90,
    0x00, 0x00, 0xfc, 0x70, 0x00, 0x00, 0xfc, 0x70, 0x00, 0x00, 0xfc, 0x70, 0x00, 0x00, 0xfc, 0x70,
    0x00, 0x00, 0xfd, 0x2a, 0x00, 0x00, 0xfc, 0x70, 0x00, 0x00, 0xfc, 0x77, 0x05, 0x3c, 0x00, 0xc9,
    0x04, 0x8b, 0x00, 0xc1, 0x06, 0xe5, 0x00, 0xc9, 0x05, 0x2e, 0x00, 0xc9, 0x02, 0x3a, 0x00, 0xa0,
    0x02, 0x3a, 0x00, 0xa0, 0x05, 0xfc, 0x00, 0xc9, 0x05, 0x33, 0x00, 0xba, 0x04, 0x00, 0x01, 0xb6,
    0x04, 0x65, 0x00, 0x7f, 0x04, 0x66, 0x00, 0x71, 0x04, 0x65, 0x00, 0x7f, 0x02, 0xb2, 0x00, 0x9e,
    0x02, 0x5c, 0xff, 0x96, 0x04, 0x00, 0x01, 0x73, 0x04, 0x00, 0x00, 0xd7, 0x05, 0x8a, 0x00, 0x10,
    0x02, 0x8b, 0x00, 0xdb, 0x05, 0xf8, 0xff, 0xe7, 0x06, 0xf8, 0xff, 0xf3, 0x03, 0x44, 0xff, 0xed,
    0x06, 0x80, 0xff, 0xf2, 0x06, 0x99, 0xff, 0xe1, 0x06, 0x9b, 0xff, 0xdb, 0x02, 0xb5, 0x00, 0x05,
    0x05, 0x79, 0x00, 0x10, 0x05, 0x7d, 0x00, 0xc9, 0x04, 0x75, 0x00, 0xc9, 0x05, 0x79, 0x00, 0x10,
    0x05, 0x0e, 0x00, 0xc9, 0x05, 0x7b, 0x00, 0x5c, 0x06, 0x04, 0x00, 0xc9, 0x06, 0x4c, 0x00, 0x73,
    0x02, 0x5c, 0x00, 0xc9, 0x05, 0x3f, 0x00, 0xc9, 0x05, 0x79, 0x00, 0x10, 0x06, 0xe7, 0x00, 0xc9,
    0x05, 0xfc, 0x00, 0xc9, 0x05, 0x0e, 0x00, 0xc9, 0x06, 0x4c, 0x00, 0x73, 0x06, 0x04, 0x00, 0xc9,
    0x04, 0xd3, 0x00, 0xc9, 0x05, 0x0e, 0x00, 0xc9, 0x04, 0xe3, 0xff, 0xfa, 0x04, 0xe3, 0xff, 0xfc,
    0x06, 0x4c, 0x00, 0x73, 0x05, 0x7b, 0x00, 0x3d, 0x06, 0x4c, 0x00, 0x73, 0x06, 0x1d, 0x00, 0x4e,
    0x02, 0x5c, 0x00, 0x06, 0x04, 0xe3, 0xff, 0xfc, 0x05, 0x46, 0x00, 0x71, 0x04, 0x53, 0x00, 0x85,
    0x05, 0x12, 0x00, 0xba, 0x02, 0xb5, 0x00, 0xa6, 0x04, 0xa1, 0x00, 0x95, 0x05, 0x46, 0x00, 0x71,
    0x05, 0x1b, 0x00, 0xc0, 0x04, 0xbc, 0x00, 0x20, 0x04, 0xe5, 0x00, 0x71, 0x04, 0x53, 0x00, 0x85,
    0x04, 0x5a, 0x00, 0x6b, 0x05, 0x12, 0x00, 0xba, 0x04, 0xe5, 0x00, 0x71, 0x02, 0xb5, 0x00, 0xa6,
    0x04, 0xb7, 0x00, 0xbf, 0x04, 0xbc, 0x00, 0x3d, 0x05, 0x17, 0x00, 0xae, 0x04, 0x78, 0x00, 0x4a,
    0x04, 0x76, 0x00, 0x6b, 0x04, 0xe5, 0x00, 0x71, 0x04, 0xd1, 0x00, 0x4a, 0x05, 0x14, 0x00, 0xba,
    0x04, 0xb2, 0x00, 0x71, 0x05, 0x12, 0x00, 0x71, 0x04, 0xd1, 0x00, 0x64, 0x04, 0xa1, 0x00, 0x95,
    0x05, 0x47, 0x00, 0x70, 0x04, 0x9f, 0x00, 0x3b, 0x05, 0x47, 0x00, 0x70, 0x06, 0xb3, 0x00, 0x87,
    0x02, 0xb5, 0x00, 0x05, 0x04, 0xa1, 0x00, 0x95, 0x04, 0xe5, 0x00, 0x71, 0x04, 0xa1, 0x00, 0x95,
    0x06, 0xb3, 0x00, 0x87, 0x05, 0x3f, 0x00, 0xc9, 0x04, 0xea, 0x00, 0xa7, 0x04, 0xf4, 0x00, 0x71,
    0x05, 0x97, 0x00, 0x57, 0x06, 0xbd, 0xff, 0xe1, 0x05, 0x97, 0x00, 0x57, 0x05, 0x47, 0x00, 0x70,
    0x06, 0xb3, 0x00, 0x41, 0x05, 0x4f, 0x00, 0x70, 0x06, 0x4c, 0x00, 0x73, 0x04, 0xe5, 0x00, 0x71,
    0x05, 0x30, 0x00, 0x8b, 0x04, 0xb2, 0x00, 0x71, 0x04, 0x9a, 0x00, 0xc9, 0x03, 0xab, 0xff, 0x40,
    0x05, 0x47, 0x00, 0xb3, 0x05, 0x47, 0x00, 0xbf, 0x06, 0xec, 0x00, 0x72, 0x05, 0x05, 0x00, 0x77,
    0x07, 0x78, 0x00, 0x73, 0x06, 0xb3, 0x00, 0x87, 0x06, 0x11, 0x00, 0x73, 0x05, 0x46, 0x00, 0x71,
    0x06, 0x55, 0x00, 0xc9, 0x04, 0xeb, 0x00, 0x2d, 0x05, 0x7e, 0x00, 0x4f, 0x04, 0xdb, 0x00, 0x64,
    0x06, 0x24, 0x00, 0x73, 0x05, 0x00, 0x00, 0x36, 0x05, 0x98, 0x00, 0x73, 0x04, 0xe5, 0x00, 0x71,
    0x04, 0xe3, 0x00, 0x2c, 0x04, 0x4a, 0x00, 0x37, 0x05, 0x4f, 0x00, 0x70, 0x05, 0x14, 0x00, 0xba,
    0x04, 0x66, 0x00, 0x71, 0x02, 0x39, 0xff, 0xdb, 0x06, 0x4c, 0x00, 0x73, 0x04, 0xec, 0x00, 0x71,
    0x04, 0xec, 0x00, 0xc4, 0x04, 0xd7, 0x00, 0xc9, 0x05, 0x14, 0x00, 0xba, 0x05, 0x96, 0x00, 0x73,
    0x06, 0xe7, 0x00, 0xc9, 0x05, 0x35, 0x00, 0x7f, 0x05, 0x14, 0x00, 0x55, 0x05, 0xa0, 0x00, 0x73,
    0x05, 0x96, 0x00, 0x73, 0x05, 0xa0, 0x00, 0x73, 0x05, 0x0e, 0x00, 0xc9, 0x05, 0x0e, 0x00, 0xc9,
    0x06, 0x4a, 0xff, 0xfa, 0x04, 0xe1, 0x00, 0xc9, 0x05, 0x96, 0x00, 0x73, 0x05, 0x14, 0x00, 0x87,
    0x02, 0x5c, 0x00, 0xc9, 0x02, 0x5c, 0x00, 0x06, 0x02, 0x5c, 0xff, 0x96, 0x08, 0xc0, 0x00, 0x54,
    0x08, 0x5c, 0x00, 0xc9, 0x06, 0x4a, 0xff, 0xfa, 0x05, 0xae, 0x00, 0xc9, 0x05, 0xfc, 0x00, 0xc9,
    0x04, 0xe0, 0x00, 0x23, 0x06, 0x04, 0x00, 0xc9, 0x05, 0x79, 0x00, 0x10, 0x05, 0x7d, 0x00, 0xc9,
    0x05, 0x7d, 0x00, 0xc9, 0x04, 0xe1, 0x00, 0xc9, 0x06, 0x40, 0x00, 0x65, 0x05, 0x0e, 0x00, 0xc9,
    0x08, 0x9e, 0x00, 0x28, 0x05, 0x21, 0x00, 0x87, 0x05, 0xfc, 0x00, 0xc9, 0x05, 0xfc, 0x00, 0xc9,
    0x05, 0xae, 0x00, 0xc9, 0x06, 0x04, 0x00, 0x54, 0x06, 0xe7, 0x00, 0xc9, 0x06, 0x04, 0x00, 0xc9,
    0x06, 0x4c, 0x00, 0x73, 0x06, 0x04, 0x00, 0xc9, 0x04, 0xd3, 0x00, 0xc9, 0x05, 0x96, 0x00, 0x73,
    0x04, 0xe3, 0xff, 0xfa, 0x04, 0xe0, 0x00, 0x23, 0x06, 0xe3, 0x00, 0x79, 0x05, 0x7b, 0x00, 0x3d,
    0x06, 0x36, 0x00, 0xc9, 0x05, 0x7c, 0x00, 0xaf, 0x08, 0x8e, 0x00, 0xc9, 0x08, 0xc0, 0x00, 0xc9,
    0x06, 0xa9, 0x00, 0x3c, 0x07, 0x0f, 0x00, 0xc9, 0x05, 0x7d, 0x00, 0xc9, 0x05, 0x96, 0x00, 0x6f,
    0x08, 0xa3, 0x00, 0xd3, 0x05, 0x8f, 0x00, 0x88, 0x04, 0xe7, 0x00, 0x7b, 0x04, 0xef, 0x00, 0x70,
    0x04, 0xb7, 0x00, 0xba, 0x04, 0x34, 0x00, 0xba, 0x05, 0x88, 0x00, 0x6b, 0x04, 0xec, 0x00, 0x71,
    0x07, 0x35, 0x00, 0x46, 0x04, 0x41, 0x00, 0x85, 0x05, 0x33, 0x00, 0xba, 0x05, 0x33, 0x00, 0xba,
    0x04, 0xd5, 0x00, 0xba, 0x05, 0x1d, 0x00, 0x4c, 0x06, 0x09, 0x00, 0xba, 0x05, 0x3b, 0x00, 0xba,
    0x04, 0xe5, 0x00, 0x71, 0x05, 0x3b, 0x00, 0xba, 0x05, 0x14, 0x00, 0xba, 0x04, 0x66, 0x00, 0x71,
    0x04, 0xa9, 0x00, 0x3c, 0x04, 0xbc, 0x00, 0x3d, 0x06, 0xd7, 0x00, 0x70, 0x04, 0xbc, 0x00, 0x3b,
    0x05, 0x72, 0x00, 0xba, 0x04, 0xba, 0x00, 0x96, 0x07, 0x52, 0x00, 0xba, 0x07, 0x89, 0x00, 0xba,
    0x05, 0xa7, 0x00, 0x3e, 0x06, 0x51, 0x00, 0xba, 0x04, 0xb7, 0x00, 0xba, 0x04, 0x64, 0x00, 0x71,
    0x06, 0xbc, 0x00, 0xc1, 0x04, 0xd0, 0x00, 0x74, 0x04, 0xec, 0x00, 0x71, 0x04, 0xec, 0x00, 0x71,
    0x05, 0x00, 0x00, 0x2f, 0x04, 0x34, 0x00, 0xba, 0x04, 0x64, 0x00, 0x71, 0x04, 0x2b, 0x00, 0x6f,
    0x02, 0x39, 0x00, 0xc1, 0x02, 0x39, 0xff, 0xf4, 0x02, 0x39, 0xff, 0xdb, 0x07, 0x38, 0x00, 0x4c,
    0x07, 0x30, 0x00, 0xba, 0x05, 0x37, 0x00, 0x2f, 0x04, 0xd5, 0x00, 0xba, 0x05, 0x33, 0x00, 0xba,
    0x04, 0xbc, 0x00, 0x3d, 0x05, 0x3b, 0x00, 0xba, 0x07, 0x78, 0x00, 0x73, 0x06, 0xb3, 0x00, 0x87,
    0x06, 0x2a, 0x00, 0x1e, 0x05, 0x60, 0x00, 0x1e, 0x07, 0x8a, 0x00, 0xd3, 0x05, 0xfe, 0x00, 0xc1,
    0x07, 0x09, 0x00, 0x10, 0x06, 0x44, 0x00, 0x33, 0x09, 0x47, 0x00, 0xc9, 0x08, 0x03, 0x00, 0xc1,
    0x06, 0x4c, 0x00, 0x73, 0x04, 0xe5, 0x00, 0x6b, 0x08, 0x37, 0x00, 0xc9, 0x06, 0x98, 0x00, 0xc1,
    0x05, 0x17, 0x00, 0x73, 0x04, 0x53, 0x00, 0x5b, 0x06, 0xda, 0x00, 0x10, 0x07, 0x03, 0x00, 0x32,
    0x06, 0x4c, 0x00, 0x73, 0x04, 0xe5, 0x00, 0x71, 0x06, 0x40, 0x00, 0x10, 0x05, 0x52, 0x00, 0x32,
    0x06, 0x40, 0x00, 0x10, 0x05, 0x52, 0x00, 0x32, 0x07, 0xf0, 0x00, 0x73, 0x07, 0x3c, 0x00, 0x71,
    0x07, 0xa0, 0x00, 0x73, 0x06, 0x11, 0x00, 0x71, 0x09, 0x70, 0x00, 0x76, 0x08, 0x39, 0x00, 0x98,
    0x07, 0x78, 0x00, 0x73, 0x06, 0xb3, 0x00, 0x87, 0x05, 0x96, 0x00, 0x73, 0x04, 0x66, 0x00, 0x71,
    0x04, 0x05, 0x00, 0x3b, 0x00, 0x00, 0xfb, 0xda, 0x00, 0x00, 0xfd, 0x07, 0x00, 0x00, 0xfd, 0xb3,
    0x00, 0x00, 0xfd, 0xb3, 0x00, 0x00, 0xf9, 0xca, 0x03, 0x58, 0xf7, 0xd6, 0x03, 0x58, 0xf8, 0x58,
    0x06, 0x2e, 0x00, 0xc9, 0x05, 0x6a, 0x00, 0xc1, 0x05, 0x7d, 0x00, 0x21, 0x04, 0xb7, 0x00, 0x26,
    0x04, 0xd3, 0x00, 0xc9, 0x05, 0x14, 0x00, 0xba, 0x04, 0xe1, 0x00, 0xc9, 0x04, 0x34, 0x00, 0xba,
    0x05, 0x66, 0x00, 0x47, 0x04, 0xb9, 0x00, 0x38, 0x04, 0xfe, 0x00, 0xc9, 0x04, 0x3d, 0x00, 0xba,
    0x08, 0x9e, 0x00, 0x28, 0x07, 0x35, 0x00, 0x46, 0x05, 0x21, 0x00, 0x87, 0x04, 0x41, 0x00, 0x85,
    0x05, 0xae, 0x00, 0xc9, 0x04, 0xd5, 0x00, 0xba, 0x05, 0xae, 0x00, 0xc9, 0x04, 0xd5, 0x00, 0xba,
    0x05, 0xae, 0x00, 0x21, 0x04, 0xd5, 0x00, 0x3d, 0x06, 0xda, 0x00, 0x32, 0x06, 0xa7, 0x00, 0x2a,
    0x06, 0x04, 0x00, 0xc9, 0x05, 0x49, 0x00, 0xc1, 0x08, 0x1d, 0x00, 0xc9, 0x07, 0x04, 0x00, 0xc1,
    0x08, 0xa6, 0x00, 0xc9, 0x07, 0x53, 0x00, 0xc1, 0x07, 0x06, 0x00, 0x73, 0x05, 0x8b, 0x00, 0x71,
    0x05, 0x96, 0x00, 0x73, 0x04, 0x66, 0x00, 0x71, 0x04, 0xe3, 0xff, 0xfa, 0x04, 0xa9, 0x00, 0x3c,
    0x04, 0xe3, 0xff, 0xfc, 0x04, 0xbc, 0x00, 0x3d, 0x04, 0xe3, 0xff, 0xfc, 0x04, 0xbc, 0x00, 0x3d,
    0x05, 0x7b, 0x00, 0x3d, 0x04, 0xbc, 0x00, 0x3b, 0x07, 0x79, 0xff, 0xfa, 0x06, 0x74, 0x00, 0x05,
    0x05, 0x7c, 0x00, 0xaf, 0x04, 0xba, 0x00, 0x96, 0x05, 0x7c, 0x00, 0xaf, 0x04, 0xba, 0x00, 0x96,
    0x05, 0x7c, 0x00, 0xaf, 0x05, 0x12, 0x00, 0xba, 0x07, 0x87, 0x00, 0x14, 0x05, 0xd3, 0x00, 0x0f,
    0x07, 0x87, 0x00, 0x14, 0x05, 0xd3, 0x00, 0x0f, 0x02, 0x5c, 0x00, 0xc9, 0x08, 0x9e, 0x00, 0x28,
    0x07, 0x35, 0x00, 0x46, 0x05, 0x3f, 0x00, 0xc9, 0x04, 0xd5, 0x00, 0xbf, 0x06, 0x35, 0x00, 0x36,
    0x05, 0x5d, 0x00, 0x2e, 0x06, 0x04, 0x00, 0xc9, 0x05, 0x49, 0x00, 0xc1, 0x06, 0x36, 0x00, 0xc9,
    0x05, 0x72, 0x00, 0xc1, 0x05, 0x7c, 0x00, 0xaf, 0x04, 0xba, 0x00, 0x96, 0x07, 0x1a, 0x00, 0xc9,
    0x06, 0x32, 0x00, 0xc1, 0x02, 0x39, 0x00, 0xc1, 0x05, 0x79, 0x00, 0x10, 0x04, 0xe7, 0x00, 0x7b,
    0x05, 0x79, 0x00, 0x10, 0x04, 0xe7, 0x00, 0x7b, 0x07, 0xcb, 0x00, 0x08, 0x07, 0xdb, 0x00, 0x7b,
    0x05, 0x0e, 0x00, 0xc9, 0x04, 0xec, 0x00, 0x71, 0x06, 0x4c, 0x00, 0x75, 0x04, 0xec, 0x00, 0x71,
    0x06, 0x4c, 0x00, 0x75, 0x04, 0xec, 0x00, 0x71, 0x08, 0x9e, 0x00, 0x28, 0x07, 0x35, 0x00, 0x46,
    0x05, 0x21, 0x00, 0x87, 0x04, 0x41, 0x00, 0x85, 0x05, 0x54, 0x00, 0xa0, 0x04, 0x9f, 0x00, 0x58,
    0x05, 0xfc, 0x00, 0xc9, 0x05, 0x33, 0x00, 0xba, 0x05, 0xfc, 0x00, 0xc9, 0x05, 0x33, 0x00, 0xba,
    0x06, 0x4c, 0x00, 0x73, 0x04, 0xe5, 0x00, 0x71, 0x06, 0x4c, 0x00, 0x73, 0x04, 0xe5, 0x00, 0x71,
    0x06, 0x4c, 0x00, 0x73, 0x04, 0xe5, 0x00, 0x71, 0x05, 0x96, 0x00, 0x6f, 0x04, 0x64, 0x00, 0x71,
    0x04, 0xe0, 0x00, 0x23, 0x04, 0xbc, 0x00, 0x3d, 0x04, 0xe0, 0x00, 0x23, 0x04, 0xbc, 0x00, 0x3d,
    0x04, 0xe0, 0x00, 0x23, 0x04, 0xbc, 0x00, 0x3d, 0x05, 0x7c, 0x00, 0xaf, 0x04, 0xba, 0x00, 0x96,
    0x04, 0xe1, 0x00, 0xc9, 0x04, 0x34, 0x00, 0xba, 0x07, 0x0f, 0x00, 0xc9, 0x06, 0x51, 0x00, 0xba,
    0x05, 0x66, 0x00, 0x47, 0x04, 0xb9, 0x00, 0x38, 0x05, 0x7b, 0x00, 0x3d, 0x04, 0xbc, 0x00, 0x3b,
    0x05, 0x7b, 0x00, 0x3d, 0x04, 0xbc, 0x00, 0x3b, 0x05, 0x7d, 0x00, 0x91, 0x04, 0xb7, 0x00, 0x71,
    0x08, 0x0c, 0x00, 0x91, 0x07, 0x2d, 0x00, 0x71, 0x07, 0xcc, 0x00, 0xc9, 0x06, 0xf4, 0x00, 0xab,
    0x05, 0x6e, 0x00, 0xc9, 0x04, 0xb5, 0x00, 0xab, 0x08, 0x93, 0x00, 0x36, 0x07, 0xa8, 0x00, 0x2e,
    0x08, 0xe7, 0x00, 0xc9, 0x07, 0xbd, 0x00, 0xc1, 0x06, 0x33, 0x00, 0x73, 0x05, 0x47, 0x00, 0x71,
    0x06, 0x2f, 0xff, 0xfa, 0x05, 0xb0, 0x00, 0x05, 0x04, 0xea, 0x00, 0xa4, 0x04, 0x53, 0x00, 0x85,
    0x06, 0x04, 0x00, 0x54, 0x05, 0x1d, 0x00, 0x4c, 0x09, 0x5a, 0x00, 0x54, 0x07, 0xf3, 0x00, 0x4c,
    0x07, 0x27, 0x00, 0xc9, 0x06, 0xea, 0x00, 0xba, 0x08, 0x41, 0x00, 0x88, 0x07, 0xe3, 0x00, 0x74,
    0x06, 0x4c, 0x00, 0x73, 0x05, 0x14, 0x00, 0x71, 0x07, 0xe9, 0x00, 0x44, 0x06, 0x8b, 0x00, 0x56,
    0x05, 0xae, 0x00, 0xc9, 0x04, 0xd5, 0x00, 0xba, 0x08, 0xa5, 0x00, 0x54, 0x07, 0x3e, 0x00, 0x4c,
    0x08, 0xa6, 0x00, 0xc9, 0x07, 0x4c, 0x00, 0xba, 0x06, 0x58, 0x00, 0xc9, 0x05, 0x76, 0x00, 0xba,
    0x06, 0x21, 0x00, 0xb2, 0x05, 0xdb, 0x00, 0xb2, 0x06, 0x07, 0x00, 0x5d, 0x06, 0x07, 0x00, 0x5a,
    0x05, 0xdb, 0x00, 0xb2, 0x06, 0x2d, 0x00, 0xb2, 0x05, 0x1f, 0x00, 0xbc, 0x05, 0xdb, 0x00, 0xb2,
    0x06, 0xe0, 0x00, 0xb2, 0x06, 0x07, 0x00, 0x5d, 0x05, 0x87, 0x00, 0xbc, 0x04, 0x44, 0x00, 0xbc,
    0x07, 0x60, 0x00, 0xbc, 0x06, 0xe8, 0x01, 0x08, 0x05, 0xdb, 0x00, 0xb2, 0x05, 0xba, 0x00, 0x46,
    0x06, 0x20, 0x00, 0xa8, 0x06, 0x07, 0x00, 0x64, 0x06, 0x23, 0x00, 0x69, 0x06, 0x55, 0x00, 0xb2,
    0x05, 0xd2, 0x00, 0x92, 0x05, 0xd5, 0x00, 0x00, 0x06, 0x0f, 0x00, 0xa0, 0x05, 0xdb, 0x00, 0xb2,
    0x05, 0xb4, 0x00, 0x78, 0x06, 0x67, 0x00, 0x5a, 0x06, 0x25, 0x00, 0xa8, 0x06, 0x55, 0x00, 0xb2,
    0x05, 0xdb, 0x00, 0xb2, 0x06, 0x07, 0x00, 0x64, 0x05, 0xa4, 0x00, 0x96, 0x05, 0x8d, 0x00, 0xb2,
    0x05, 0xf3, 0x00, 0xa0, 0x04, 0x4d, 0x00, 0xbc, 0x06, 0x7c, 0x00, 0x78, 0x06, 0x0e, 0x00, 0x32,
    0x06, 0x4c, 0x00, 0x73, 0x06, 0x52, 0x00, 0x6e, 0x02, 0x75, 0x00, 0x75, 0x02, 0x8b, 0x00, 0xb2,
    0x01, 0xe0, 0x00, 0x00, 0x02, 0xe4, 0x00, 0x05, 0x01, 0xe7, 0xff, 0xff, 0x03, 0x3e, 0x00, 0x08,
    0x04, 0x00, 0x00, 0x5a, 0x07, 0xcb, 0x00, 0xae, 0x05, 0x12, 0x00, 0xba, 0x05, 0x43, 0x00, 0x71,
    0x05, 0x4e, 0x00, 0xba, 0x05, 0x12, 0x00, 0xae, 0x05, 0x14, 0x00, 0x71, 0x04, 0x1e, 0x00, 0xba,
    0x05, 0x12, 0x00, 0xba, 0x05, 0xe8, 0x00, 0xba, 0x05, 0x43, 0x00, 0x71, 0x05, 0x12, 0x00, 0xba,
    0x02, 0x2c, 0x00, 0xba, 0x07, 0xd7, 0x00, 0xba, 0x04, 0xfb, 0x00, 0x71, 0x05, 0x12, 0x00, 0xae,
    0x05, 0x12, 0x00, 0xba, 0x04, 0xdd, 0x00, 0x6a, 0x05, 0x13, 0x00, 0xba, 0x05, 0x08, 0x00, 0x8c,
    0x05, 0x12, 0x00, 0xae, 0x02, 0x2c, 0xff, 0xd4, 0x05, 0x12, 0xff, 0xd9, 0x03, 0xfd, 0x00, 0x00,
    0x05, 0x12, 0x00, 0xba, 0x03, 0x3c, 0x00, 0x0a, 0x07, 0xcb, 0x00, 0xae, 0x04, 0x7b, 0x00, 0x6e,
    0x05, 0x30, 0x00, 0xba, 0x05, 0x12, 0x00, 0xae, 0x05, 0x12, 0x00, 0xae, 0x07, 0xca, 0x00, 0xae,
    0x05, 0x12, 0x00, 0xba, 0x05, 0x11, 0x00, 0x6f, 0x03, 0x7a, 0x00, 0xba, 0x07, 0xca, 0x00, 0xae,
    0x05, 0x17, 0x00, 0x29, 0x04, 0xe0, 0x00, 0x6f, 0x06, 0x71, 0x00, 0x46, 0x06, 0x7e, 0x00, 0xae,
    0x02, 0xb2, 0x00, 0xf0, 0x02, 0xe3, 0x00, 0x64, 0x00, 0x00, 0x02, 0x44, 0x00, 0x00, 0x00, 0xab,
    0x00, 0x00, 0x00, 0xff, 0x00, 0x00, 0x00, 0xff, 0x00, 0x00, 0x02, 0x44, 0x00, 0x00, 0x01, 0xc7,
    0x00, 0x00, 0x01, 0xc7, 0x00, 0x00, 0x01, 0x63, 0x00, 0x00, 0x01, 0x63, 0x00, 0x00, 0x00, 0x00,
    0x00, 0x00, 0x00, 0x00, 0x00, 0x00, 0x01, 0x2f, 0x00, 0x00, 0x02, 0x4e, 0x00, 0x00, 0x02, 0x44,
    0x02, 0xe3, 0x00, 0x64, 0x00, 0x00, 0x01, 0x63, 0x02, 0x5c, 0x00, 0xd1, 0x00, 0x00, 0x05, 0x19,
    0x00, 0x00, 0x00, 0xc5, 0x02, 0x5c, 0x00, 0xd1, 0x03, 0x88, 0x00, 0x66, 0x00, 0x00, 0x01, 0x63,
    0x05, 0x59, 0x00, 0xba, 0x04, 0xa0, 0x00, 0x58, 0x03, 0x4c, 0x00, 0x58, 0x04, 0x5e, 0x00, 0x58,
    0x05, 0x3a, 0x00, 0xba, 0x02, 0x2e, 0x00, 0xba, 0x02, 0xc5, 0x00, 0x58, 0x05, 0x3a, 0x00, 0xba,
    0x05, 0x30, 0x00, 0xb9, 0x01, 0xca, 0x00, 0x88, 0x04, 0x4c, 0x00, 0x58, 0x04, 0x3b, 0x00, 0x58,
    0x04, 0x8c, 0x00, 0x58, 0x05, 0x4f, 0x00, 0xba, 0x05, 0x6f, 0x00, 0x58, 0x02, 0x2e, 0x00, 0xba,
    0x03, 0x34, 0x00, 0x58, 0x05, 0x31, 0x00, 0xb9, 0x05, 0x02, 0x00, 0x58, 0x05, 0x1e, 0x00, 0xba,
    0x04, 0xff, 0x00, 0xba, 0x04, 0x51, 0x00, 0x58, 0x04, 0xbf, 0x00, 0x58, 0x05, 0xad, 0x00, 0xba,
    0x04, 0x84, 0x00, 0x58, 0x05, 0xab, 0x00, 0x58, 0x05, 0x42, 0x00, 0x14, 0x03, 0xc4, 0x00, 0xba,
    0x03, 0x62, 0x00, 0x88, 0x02, 0xa5, 0x00, 0x88, 0x03, 0x53, 0x00, 0xba, 0x05, 0x28, 0x00, 0xba,
    0x05, 0x19, 0x00, 0x00, 0x05, 0x19, 0x00, 0x00, 0x06, 0x0e, 0x00, 0x85, 0x07, 0xd0, 0x00, 0x85,
    0x02, 0x95, 0x00, 0xdb, 0x00, 0x00, 0x00, 0xfc, 0x02, 0x8b, 0x00, 0xdb, 0x04, 0x3f, 0x00, 0x93,
    0x03, 0xc3, 0x00, 0xa3, 0x02, 0x39, 0xff, 0xb5, 0x02, 0x39, 0x00, 0x6c, 0x03, 0xdd, 0xff, 0xab,
    0x02, 0x39, 0x00, 0x6c, 0x06, 0x43, 0x00, 0x82, 0x02, 0x39, 0x00, 0xc1, 0x07, 0x88, 0x00, 0x82,
    0x04, 0x31, 0x00, 0x8b, 0x07, 0x88, 0x00, 0x82, 0x07, 0x88, 0x00, 0x82, 0x05, 0x2a, 0x00, 0x9d,
    0x05, 0x2a, 0x00, 0x9d, 0x05, 0x2a, 0x00, 0x9d, 0x03, 0x90, 0x00, 0x7d, 0x03, 0x90, 0x00, 0x7d,
    0x03, 0xdd, 0xff, 0xab, 0x03, 0xdd, 0xff, 0xab, 0x09, 0xc4, 0x00, 0x82, 0x09, 0xc4, 0x00, 0x82,
    0x09, 0xac, 0x00, 0x82, 0x09, 0xac, 0x00, 0x82, 0x07, 0x66, 0x00, 0x90, 0x07, 0x66, 0x00, 0x90,
    0x04, 0xc6, 0x00, 0x75, 0x04, 0xc6, 0x00, 0x75, 0x02, 0x58, 0xff, 0xec, 0x08, 0x4b, 0x00, 0x82,
    0x06, 0x35, 0x00, 0x6b, 0x06, 0x98, 0x00, 0x90, 0x05, 0xd0, 0x00, 0x90, 0x04, 0xf4, 0x00, 0x8c,
    0x05, 0xe0, 0x00, 0x93, 0x04, 0x31, 0x00, 0x8b, 0x03, 0xdd, 0xff, 0xab, 0x06, 0x43, 0x00, 0x82,
    0x06, 0x43, 0x00, 0x82, 0x00, 0x00, 0x00, 0xdc, 0x00, 0x00, 0x00, 0xdc, 0x00, 0x00, 0x00, 0xdc,
    0x00, 0x00, 0x00, 0xdc, 0x00, 0x00, 0x00, 0xdc, 0x00, 0x00, 0x00, 0xdc, 0x00, 0x00, 0x00, 0xc8,
    0x00, 0x00, 0x00, 0xec, 0x00, 0x00, 0x00, 0x98, 0x00, 0x00, 0x01, 0x4f, 0x00, 0x00, 0x01, 0x4f,
    0x00, 0x00, 0x00, 0xdc, 0x04, 0x00, 0x00, 0xf3, 0x04, 0x4c, 0x01, 0xb8, 0x04, 0x4c, 0x01, 0x16,
    0x04, 0x4c, 0x00, 0x52, 0x04, 0x4c, 0x00, 0x4c, 0x04, 0x4c, 0x00, 0xaf, 0x04, 0x4c, 0x00, 0x87,
    0x04, 0x4c, 0x00, 0x55, 0x04, 0x4c, 0x00, 0x3c, 0x04, 0x4c, 0x00, 0x3c, 0x04, 0x4c, 0x00, 0x64,
    0x04, 0x4c, 0x00, 0x85, 0x02, 0x99, 0x00, 0x00, 0x02, 0x8b, 0x00, 0xb2, 0x04, 0x5c, 0x00, 0x57,
    0x07, 0x88, 0x00, 0x82, 0x06, 0x35, 0x00, 0x6b, 0x00, 0x00, 0x01, 0xc9, 0x02, 0x56, 0x00, 0x7a,
    0x07, 0x88, 0x00, 0x82, 0x07, 0x88, 0x00, 0x82, 0x07, 0x88, 0x00, 0x82, 0x07, 0x88, 0x00, 0x82,
    0x07, 0x88, 0x00, 0x82, 0x07, 0x88, 0x00, 0x82, 0x07, 0x88, 0x00, 0x82, 0x07, 0x88, 0x00, 0x82,
    0x05, 0x2a, 0x00, 0x9d, 0x05, 0x2a, 0x00, 0x9d, 0x05, 0x2a, 0x00, 0x9d, 0x05, 0x2a, 0x00, 0x9d,
    0x05, 0x2a, 0x00, 0x9d, 0x05, 0x2a, 0x00, 0x9d, 0x05, 0x2a, 0x00, 0x9d, 0x03, 0x90, 0x00, 0x7d,
    0x03, 0x90, 0x00, 0x7d, 0x03, 0x90, 0x00, 0x7d, 0x03, 0x90, 0x00, 0x7d, 0x03, 0x90, 0x00, 0x7d,
    0x03, 0x90, 0x00, 0x7d, 0x03, 0x90, 0x00, 0x7d, 0x03, 0x90, 0x00, 0x7d, 0x03, 0x90, 0x00, 0x7d,
    0x03, 0xdd, 0xff, 0xab, 0x03, 0xdd, 0xff, 0xab, 0x03, 0xfc, 0xff, 0xab, 0x04, 0x3d, 0xff, 0xab,
    0x04, 0xe2, 0xff, 0xab, 0x04, 0x3d, 0xff, 0xab, 0x03, 0xdd, 0xff, 0xab, 0x03, 0xdd, 0xff, 0xab,
    0x03, 0xdd, 0xff, 0xab, 0x09, 0xc4, 0x00, 0x82, 0x09, 0xc4, 0x00, 0x82, 0x09, 0xc4, 0x00, 0x82,
    0x09, 0xac, 0x00, 0x82, 0x09, 0xac, 0x00, 0x82, 0x07, 0x66, 0x00, 0x90, 0x04, 0xc6, 0x00, 0x75,
    0x08, 0x4b, 0x00, 0x82, 0x08, 0x4b, 0x00, 0x82, 0x08, 0x4b, 0x00, 0x82, 0x08, 0x4b, 0x00, 0x82,
    0x08, 0x4b, 0x00, 0x82, 0x08, 0x4b, 0x00, 0x82, 0x06, 0x35, 0x00, 0x6b, 0x06, 0x35, 0x00, 0x6b,
    0x07, 0x29, 0x00, 0x82, 0x08, 0x6e, 0x00, 0x82, 0x07, 0x29, 0x00, 0x82, 0x06, 0x98, 0x00, 0x90,
    0x06, 0x98, 0x00, 0x90, 0x06, 0x98, 0x00, 0x90, 0x07, 0x29, 0x00, 0x82, 0x07, 0x29, 0x00, 0x82,
    0x07, 0x29, 0x00, 0x82, 0x07, 0x29, 0x00, 0x82, 0x07, 0x29, 0x00, 0x82, 0x07, 0x29, 0x00, 0x82,
    0x05, 0xd0, 0x00, 0x90, 0x05, 0xd0, 0x00, 0x90, 0x05, 0xd0, 0x00, 0x90, 0x05, 0xd0, 0x00, 0x90,
    0x05, 0xe0, 0x00, 0x93, 0x05, 0xe0, 0x00, 0x93, 0x05, 0xe0, 0x00, 0x93, 0x05, 0xe0, 0x00, 0x93,
    0x05, 0xe0, 0x00, 0x93, 0x05, 0x96, 0x00, 0x90, 0x05, 0x2a, 0x00, 0x9d, 0x03, 0xdd, 0xff, 0xab,
    0x03, 0xdd, 0xff, 0xab, 0x03, 0xdd, 0xff, 0xab, 0x03, 0xdd, 0xff, 0xab, 0x06, 0x43, 0x00, 0x82,
    0x06, 0x43, 0x00, 0x82, 0x06, 0x43, 0x00, 0x82, 0x04, 0x31, 0x00, 0x8b, 0x04, 0x4c, 0x01, 0xb8,
    0x04, 0x4c, 0x01, 0x16, 0x04, 0x4c, 0x00, 0x52, 0x04, 0x4c, 0x00, 0x4c, 0x04, 0x4c, 0x00, 0x52,
    0x04, 0x4c, 0x00, 0x6a, 0x04, 0x4c, 0x00, 0xd0, 0x04, 0x4c, 0x00, 0x3c, 0x04, 0x4c, 0x00, 0x3c,
    0x04, 0x4c, 0x00, 0x64, 0x05, 0x17, 0x00, 0x87, 0x05, 0x17, 0x00, 0xe1, 0x05, 0x17, 0x00, 0xe1,
    0x05, 0x17, 0x00, 0xe1, 0x05, 0x17, 0x00, 0xe1, 0x05, 0x17, 0x00, 0xe1, 0x05, 0x17, 0x00, 0xe1,
    0x05, 0x17, 0x00, 0xd6, 0x05, 0x17, 0x00, 0xd6, 0x05, 0x17, 0x00, 0x9d, 0x02, 0x39, 0x00, 0xc1,
    0x04, 0x92, 0x00, 0x71, 0x03, 0x64, 0x00, 0x3d, 0x04, 0xbc, 0x00, 0x3d, 0x05, 0x3b, 0x00, 0xba,
    0x05, 0x3b, 0x00, 0xba, 0x04, 0xc0, 0x00, 0x71, 0x05, 0x3b, 0x00, 0xba, 0x06, 0xa1, 0x00, 0x71,
    0x03, 0x81, 0x00, 0xc1, 0x03, 0x81, 0x00, 0x3d, 0x04, 0x78, 0x00, 0xba, 0x04, 0xe5, 0x00, 0xc1,
    0x02, 0xcd, 0x00, 0x3d, 0x07, 0xac, 0x00, 0xc1, 0x03, 0xc8, 0x00, 0x3d, 0x06, 0x44, 0x00, 0x3d,
    0x05, 0x3b, 0x00, 0xba, 0x05, 0x00, 0x00, 0x3d, 0x05, 0xdf, 0x00, 0xc1, 0x04, 0x3d, 0x00, 0xc1,
    0x05, 0xcb, 0x00, 0x70, 0x03, 0xc8, 0x00, 0x3d, 0x05, 0x00, 0x00, 0x3d, 0x04, 0xc0, 0x00, 0x71,
    0x04, 0x3d, 0x00, 0xc1, 0x04, 0x3d, 0x00, 0xc1, 0x04, 0x2e, 0x00, 0xc1, 0x04, 0xc0, 0x00, 0x71,
    0x04, 0xc0, 0x00, 0x71, 0x00, 0x00, 0x00, 0xd9, 0x00, 0x00, 0x00, 0x42, 0x00, 0x00, 0x01, 0xa4,
    0x00, 0x00, 0x00, 0xbf, 0x00, 0x00, 0x00, 0x5b, 0x00, 0x00, 0x00, 0x42, 0x00, 0x00, 0x00, 0x5b,
    0x00, 0x00, 0x01, 0x9a, 0x00, 0x00, 0x00, 0xd5, 0x02, 0x82, 0x00, 0xc8, 0x02, 0x82, 0x00, 0xc8,
    0x04, 0x7b, 0x00, 0x64, 0x04, 0x7b, 0x00, 0x64, 0x02, 0xe3, 0xff, 0xec, 0x05, 0x17, 0x00, 0xb0,
    0x05, 0x5d, 0x00, 0x82, 0x05, 0x78, 0x00, 0x8b, 0x05, 0x81, 0x00, 0x89, 0x03, 0xdc, 0x00, 0x6d,
    0x05, 0x06, 0x00, 0x7f, 0x05, 0x78, 0x00, 0x8b, 0x05, 0x80, 0x00, 0x73, 0x05, 0x5b, 0x00, 0xba,
    0x05, 0x22, 0x00, 0x81, 0x05, 0x29, 0x00, 0x00, 0x05, 0x3e, 0x00, 0x57, 0x05, 0x45, 0x00, 0x5f,
    0x05, 0x00, 0x00, 0x49, 0x05, 0x00, 0x00, 0x49, 0x05, 0xf6, 0x00, 0x59, 0x06, 0x22, 0x00, 0xba,
    0x05, 0x7e, 0x00, 0x68, 0x05, 0x7e, 0x00, 0x68, 0x05, 0x9d, 0x00, 0x40, 0x05, 0x80, 0x00, 0x73,
    0x05, 0x78, 0x00, 0x8b, 0x05, 0x32, 0x00, 0x4f, 0x05, 0x0f, 0x00, 0x73, 0x05, 0xa0, 0x00, 0x4f,
    0x06, 0x8d, 0x00, 0x7f, 0x05, 0x10, 0x00, 0x73, 0x05, 0x78, 0x00, 0x8b, 0x06, 0x4d, 0x00, 0xcb,
    0x05, 0x0f, 0x00, 0x6f, 0x00, 0x00, 0xfb, 0x60, 0x04, 0x50, 0x00, 0x7b, 0x04, 0x50, 0xfc, 0x9a,
    0x00, 0x00, 0xfb, 0x40, 0x00, 0x00, 0xfb, 0x40, 0x00, 0x00, 0xfb, 0x40, 0x00, 0x00, 0xfb, 0x40,
    0x00, 0x00, 0xfc, 0xfe, 0x00, 0x00, 0xfc, 0xa7, 0x00, 0x00, 0xfb, 0x60, 0x00, 0x00, 0xfb, 0x1c,
    0x05, 0x4e, 0x00, 0x81, 0x03, 0x00, 0x00, 0x7a, 0x05, 0x42, 0x00, 0x7a, 0x03, 0xae, 0xff, 0xd3,
    0x04, 0x61, 0x00, 0x5c, 0x03, 0xee, 0x00, 0xbc, 0x05, 0x64, 0x00, 0x93, 0x00, 0x00, 0xfd, 0x12,
    0x00, 0x00, 0xfb, 0x7f, 0x00, 0x00, 0xfb, 0x3e, 0x00, 0x00, 0xfc, 0x4e, 0x00, 0x00, 0xfb, 0x1c,
    0x00, 0x00, 0xfc, 0x9a, 0x05, 0x17, 0x00, 0x87, 0x05, 0x20, 0x00, 0x63, 0x05, 0x20, 0x00, 0x63,
    0x05, 0x5d, 0x00, 0x16, 0x05, 0x00, 0x00, 0x63, 0x05, 0x00, 0x00, 0x63, 0x05, 0xa0, 0x00, 0x59,
    0x05, 0x5d, 0x00, 0x82, 0x05, 0x64, 0x00, 0x96, 0x05, 0x6a, 0x00, 0x69, 0x08, 0x3a, 0x00, 0x7f,
    0x08, 0x3a, 0x00, 0x7f, 0x06, 0xfe, 0x00, 0x78, 0x05, 0xde, 0x00, 0x6e, 0x05, 0x6e, 0x00, 0x6f,
    0x06, 0xad, 0x00, 0x6e, 0x04, 0xec, 0x00, 0x64, 0x06, 0x24, 0x00, 0x50, 0x06, 0x07, 0x00, 0x3c,
    0x07, 0x50, 0x00, 0x79, 0x03, 0xa0, 0x00, 0x3c, 0x04, 0xf5, 0x00, 0x78, 0x06, 0xbe, 0x00, 0x3c,
    0x07, 0x0f, 0x00, 0x78, 0x04, 0xff, 0x00, 0x82, 0x06, 0xd6, 0x00, 0x64, 0x06, 0x40, 0x00, 0x32,
    0x05, 0x09, 0x00, 0x50, 0x07, 0x4b, 0x00, 0x6e, 0x04, 0xf7, 0x00, 0x82, 0x04, 0xf6, 0x00, 0x82,
    0x06, 0xd6, 0x00, 0x64, 0x06, 0xed, 0x00, 0x64, 0x05, 0xca, 0x00, 0x5a, 0x05, 0x0a, 0x00, 0x83,
    0x04, 0xf7, 0x00, 0x6e, 0x05, 0x00, 0x00, 0x78, 0x04, 0xf5, 0x00, 0x82, 0x06, 0x8b, 0x00, 0x79,
    0x06, 0xfd, 0x00, 0x78, 0x04, 0xec, 0x00, 0x82, 0x04, 0xfc, 0x00, 0x64, 0x05, 0x00, 0x00, 0x82,
    0x05, 0xcc, 0x00, 0x3c, 0x06, 0xc1, 0x00, 0x3c, 0x04, 0xc4, 0x00, 0x82, 0x05, 0x82, 0x00, 0x6f,
    0x04, 0xc4, 0x00, 0x3c, 0x04, 0xc0, 0x00, 0x6e, 0x05, 0xe8, 0x00, 0x50, 0x04, 0x10, 0x00, 0x64,
    0x04, 0x24, 0x00, 0x64, 0x04, 0xa6, 0x00, 0x5a, 0x06, 0x8b, 0x00, 0x64, 0x04, 0x10, 0x00, 0x64,
    0x04, 0x1a, 0x00, 0x64, 0x04, 0x01, 0x00, 0x29, 0x06, 0x68, 0x00, 0x64, 0x04, 0x24, 0x00, 0x64,
    0x04, 0x15, 0x00, 0x5a, 0x08, 0x84, 0x00, 0x64, 0x04, 0x2e, 0x00, 0x64, 0x04, 0x2e, 0x00, 0x82,
    0x06, 0x4a, 0x00, 0x64, 0x04, 0x10, 0x00, 0x64, 0x04, 0x24, 0x00, 0x64, 0x06, 0x5e, 0x00, 0x64,
    0x04, 0x2e, 0x00, 0x82, 0x05, 0x3c, 0x00, 0x5a, 0x04, 0x2e, 0x00, 0x0a, 0x06, 0x9a, 0x00, 0x64,
    0x04, 0x1a, 0x00, 0x64, 0x06, 0x4a, 0x00, 0x64, 0x04, 0x24, 0x00, 0x64, 0x04, 0x24, 0x00, 0x3c,
    0x04, 0x2e, 0x00, 0x82, 0x04, 0x92, 0x00, 0x5a, 0x04, 0x2e, 0x00, 0x64, 0x04, 0x24, 0x00, 0x83,
    0x04, 0x29, 0x00, 0x64, 0x04, 0x2e, 0x00, 0x82, 0x03, 0xa2, 0x00, 0x14, 0x04, 0x10, 0x00, 0x64,
    0x04, 0x24, 0x00, 0x78, 0x04, 0x10, 0x00, 0x64, 0x04, 0x10, 0x00, 0x64, 0x04, 0x24, 0x00, 0x64,
    0x04, 0x6f, 0x00, 0x64, 0x06, 0x9f, 0x00, 0x64, 0x04, 0x6a, 0x00, 0x5a, 0x04, 0x10, 0x00, 0x64,
    0x04, 0x92, 0x00, 0x50, 0x04, 0x10, 0x00, 0x64, 0x03, 0x95, 0x00, 0x6e, 0x02, 0x97, 0x00, 0x64,
    0x05, 0x79, 0x00, 0x10, 0x05, 0x79, 0x00, 0x10, 0x05, 0x79, 0x00, 0x10, 0x05, 0x79, 0x00, 0x10,
    0x06, 0x27, 0x00, 0xc9, 0x06, 0x27, 0x00, 0xc9, 0x06, 0x27, 0x00, 0xc9, 0x06, 0x27, 0x00, 0xc9,
    0x06, 0x27, 0x00, 0x77, 0x06, 0x27, 0x00, 0x77, 0x06, 0xae, 0x00, 0xc9, 0x06, 0xad, 0x00, 0x10,
    0x06, 0xae, 0x00, 0xc9, 0x06, 0xad, 0x00, 0x10, 0x06, 0xae, 0x00, 0xc9, 0x06, 0xad, 0x00, 0x10,
    0x07, 0xbc, 0x00, 0xc9, 0x08, 0x0e, 0x00, 0xc9, 0x07, 0xbc, 0x00, 0xc9, 0x08, 0x0e, 0x00, 0xc9,
    0x06, 0x27, 0x00, 0xc9, 0x07, 0xbc, 0x00, 0xc9, 0x08, 0x0e, 0x00, 0x77, 0x07, 0xbc, 0x00, 0xc9,
    0x08, 0x0e, 0x00, 0x77, 0x06, 0x27, 0x00, 0x77, 0x02, 0x0c, 0x00, 0xc9, 0x04, 0x58, 0x00, 0x89,
    0x03, 0x63, 0x00, 0x5e, 0x03, 0x63, 0x00, 0x5e, 0x03, 0x1d, 0x00, 0x89, 0x03, 0x1d, 0x00, 0x89,
    0x03, 0x25, 0x00, 0x89, 0x03, 0x1d, 0x00, 0x89, 0x03, 0xba, 0x00, 0x48, 0x03, 0x15, 0x00, 0x89,
    0x02, 0x0c, 0x00, 0xc9, 0x03, 0x1d, 0x00, 0x89, 0x03, 0x1d, 0x00, 0x89, 0x03, 0x1d, 0x00, 0x89,
    0x08, 0xb8, 0x00, 0x10, 0x07, 0x45, 0x00, 0x10, 0x07, 0xa0, 0x00, 0xc9, 0x08, 0xef, 0x00, 0x77,
    0x05, 0x79, 0x00, 0x10, 0x05, 0x79, 0x00, 0x10, 0x05, 0x79, 0x00, 0x10, 0x05, 0x79, 0x00, 0x10,
    0x05, 0xd5, 0x00, 0x77, 0x05, 0xd5, 0x00, 0x77, 0x05, 0xd5, 0x00, 0x77, 0x05, 0xd5, 0x00, 0x77,
    0x05, 0xd5, 0x00, 0x77, 0x05, 0xd5, 0x00, 0x77, 0x06, 0xae, 0x00, 0xc9, 0x05, 0x79, 0x00, 0x10,
    0x06, 0xae, 0x00, 0xc9, 0x06, 0xad, 0x00, 0x10, 0x06, 0xae, 0x00, 0xc9, 0x06, 0xad, 0x00, 0x10,
    0x07, 0xbc, 0x00, 0xc9, 0x08, 0x0e, 0x00, 0x77, 0x07, 0xbc, 0x00, 0xc9, 0x08, 0x0e, 0x00, 0x77,
    0x07, 0xbc, 0x00, 0xc9, 0x08, 0x0e, 0x00, 0x77, 0x07, 0xbc, 0x00, 0xc9, 0x08, 0x0e, 0x00, 0x77,
    0x05, 0xd5, 0x00, 0x77, 0x04, 0x11, 0x00, 0x89, 0x01, 0x89, 0x00, 0x89, 0x05, 0xdb, 0x00, 0xb2,
    0x05, 0xdb, 0x00, 0xb2, 0x05, 0xdb, 0x00, 0xb2, 0x05, 0xdb, 0x00, 0xb2, 0x05, 0xd7, 0x00, 0x77,
    0x05, 0xd7, 0x00, 0x77, 0x05, 0xd7, 0x00, 0x77, 0x05, 0xd7, 0x00, 0x77, 0x05, 0xd7, 0x00, 0x79,
    0x05, 0xd7, 0x00, 0x79, 0x07, 0x5e, 0x00, 0xc9, 0x07, 0x1c, 0x00, 0xb2, 0x07, 0x5e, 0x00, 0xc9,
    0x07, 0x1c, 0x00, 0xb2, 0x07, 0x5e, 0x00, 0xc9, 0x07, 0x1c, 0x00, 0xb2, 0x07, 0x6c, 0x00, 0xc9,
    0x07, 0x34, 0x00, 0x77, 0x07, 0x6c, 0x00, 0xc9, 0x07, 0x34, 0x00, 0x77, 0x07, 0x94, 0x00, 0xc9,
    0x07, 0x34, 0x00, 0x79, 0x07, 0x94, 0x00, 0xc9, 0x07, 0x34, 0x00, 0x79, 0x07, 0x94, 0x00, 0xf0,
    0x03, 0x79, 0x00, 0x89, 0x07, 0x05, 0x00, 0xb2, 0x07, 0x05, 0x00, 0xb2, 0x06, 0xed, 0x00, 0x77,
    0x07, 0x1f, 0x00, 0x79, 0x05, 0x07, 0x00, 0x46, 0x05, 0x07, 0x00, 0xc9, 0x05, 0x07, 0x00, 0xc9,
    0x05, 0x07, 0x00, 0xc9, 0x05, 0x07, 0x00, 0x46, 0x05, 0x07, 0x00, 0x46, 0x05, 0x07, 0x00, 0x46,
    0x05, 0x07, 0x00, 0xc9, 0x05, 0x07, 0x00, 0xc9, 0x06, 0xe1, 0x00, 0xc9, 0x06, 0x2a, 0x00, 0x46,
    0x06, 0x85, 0x00, 0xc9, 0x06, 0x87, 0x00, 0xc9, 0x06, 0x85, 0x00, 0xc9, 0x06, 0x87, 0x00, 0xc9,
    0x06, 0xe1, 0x00, 0xc9, 0x06, 0x2a, 0x00, 0x46, 0x06, 0xe1, 0x00, 0xc9, 0x06, 0x2a, 0x00, 0x46,
    0x06, 0x85, 0x00, 0xc9, 0x06, 0x87, 0x00, 0xc9, 0x06, 0x85, 0x00, 0xc9, 0x06, 0x87, 0x00, 0xc9,
    0x06, 0x85, 0x00, 0xf0, 0x03, 0x41, 0x00, 0x89, 0x03, 0x41, 0x00, 0x38, 0x06, 0x01, 0x00, 0x46,
    0x06, 0x33, 0x00, 0xc9, 0x06, 0x01, 0x00, 0x46, 0x06, 0x33, 0x00, 0xc9, 0x05, 0x07, 0x00, 0x46,
    0x05, 0x07, 0x00, 0xc9, 0x05, 0x07, 0x00, 0xc9, 0x05, 0x07, 0x00, 0xc9, 0x05, 0x07, 0x00, 0x46,
    0x05, 0x07, 0x00, 0x46, 0x05, 0x07, 0x00, 0x46, 0x05, 0x07, 0x00, 0xc9, 0x05, 0x07, 0x00, 0xc9,
    0x06, 0xe1, 0x00, 0xc9, 0x06, 0x2a, 0x00, 0x46, 0x06, 0x85, 0x00, 0xc9, 0x06, 0x87, 0x00, 0xc9,
    0x06, 0x85, 0x00, 0xc9, 0x06, 0x87, 0x00, 0xc9, 0x06, 0xe1, 0x00, 0xc9, 0x06, 0x2a, 0x00, 0x46,
    0x06, 0xe1, 0x00, 0xc9, 0x06, 0x2a, 0x00, 0x46, 0x06, 0x85, 0x00, 0xc9, 0x06, 0x87, 0x00, 0xc9,
    0x06, 0x85, 0x00, 0xc9, 0x06, 0x87, 0x00, 0xc9, 0x06, 0x85, 0x00, 0xf0, 0x03, 0x7a, 0x00, 0x89,
    0x03, 0x7a, 0x00, 0x89, 0x04, 0xe1, 0x00, 0x77, 0x04, 0x75, 0x00, 0xc9, 0x04, 0x75, 0x00, 0xc9,
    0x04, 0x75, 0x00, 0xc9, 0x04, 0xe1, 0x00, 0x77, 0x04, 0xe1, 0x00, 0x77, 0x04, 0xe1, 0x00, 0x77,
    0x04, 0x75, 0x00, 0xc9, 0x04, 0x75, 0x00, 0xc9, 0x05, 0xfe, 0x00, 0xc9, 0x06, 0x26, 0x00, 0x77,
    0x05, 0xf8, 0x00, 0xc9, 0x06, 0x1c, 0x00, 0xc9, 0x05, 0xf8, 0x00, 0xc9, 0x06, 0x1c, 0x00, 0xc9,
    0x05, 0xfe, 0x00, 0xc9, 0x06, 0x26, 0x00, 0x77, 0x05, 0xfe, 0x00, 0xc9, 0x06, 0x26, 0x00, 0x77,
    0x05, 0xf8, 0x00, 0xc9, 0x06, 0x1c, 0x00, 0xc9, 0x05, 0xf8, 0x00, 0xc9, 0x06, 0x1c, 0x00, 0xc9,
    0x05, 0xf8, 0x00, 0xf0, 0x03, 0x16, 0x00, 0x89, 0x04, 0x11, 0x00, 0x89, 0x03, 0x16, 0x00, 0x89,
    0x06, 0xd0, 0x00, 0x77, 0x06, 0xd0, 0x00, 0x46, 0x06, 0xd0, 0x00, 0x46, 0x06, 0xd0, 0x00, 0x0b,
    0x06, 0xd0, 0x00, 0x77, 0x06, 0xd0, 0x00, 0x77, 0x06, 0xd0, 0x00, 0x77, 0x06, 0xd0, 0x00, 0x46,
    0x06, 0xd0, 0x00, 0x46, 0x08, 0x8e, 0x00, 0xc9, 0x08, 0x47, 0x00, 0x77, 0x08, 0x79, 0x00, 0xc9,
    0x06, 0xd0, 0x00, 0x46, 0x08, 0x79, 0x00, 0xc9, 0x06, 0xd0, 0x00, 0x46, 0x06, 0xd0, 0x00, 0x46,
    0x04, 0xcd, 0x00, 0x89, 0x03, 0x9f, 0x00, 0x89, 0x04, 0xcd, 0x00, 0x89, 0x06, 0xd0, 0x00, 0x77,
    0x06, 0xd0, 0x00, 0x46, 0x06, 0xd0, 0x00, 0x46, 0x06, 0xd0, 0x00, 0x46, 0x06, 0xd0, 0x00, 0x77,
    0x06, 0xd0, 0x00, 0x77, 0x06, 0xd0, 0x00, 0x77, 0x06, 0xd0, 0x00, 0x46, 0x06, 0xd0, 0x00, 0x46,
    0x08, 0x8e, 0x00, 0xc9, 0x08, 0x47, 0x00, 0x77, 0x08, 0x79, 0x00, 0xc9, 0x08, 0x3d, 0x00, 0x46,
    0x08, 0x79, 0x00, 0xc9, 0x08, 0x3d, 0x00, 0x46, 0x08, 0x8e, 0x00, 0xc9, 0x08, 0x47, 0x00, 0x77,
    0x08, 0x8e, 0x00, 0xc9, 0x08, 0x47, 0x00, 0x77, 0x08, 0xaa, 0x00, 0xc9, 0x08, 0x3d, 0x00, 0x46,
    0x08, 0xaa, 0x00, 0xc9, 0x08, 0x3d, 0x00, 0x46, 0x04, 0xcd, 0x00, 0x89, 0x05, 0xd5, 0x00, 0x77,
    0x04, 0xd3, 0x00, 0x46, 0x04, 0xd3, 0x00, 0xc9, 0x04, 0xd3, 0x00, 0xc9, 0x04, 0xd3, 0x00, 0xc9,
    0x04, 0xd3, 0x00, 0x46, 0x04, 0xd3, 0x00, 0x46, 0x04, 0xd3, 0x00, 0x46, 0x04, 0xd3, 0x00, 0xc9,
    0x04, 0xd3, 0x00, 0xc9, 0x06, 0xad, 0x00, 0xc9, 0x06, 0x08, 0x00, 0x46, 0x06, 0x56, 0x00, 0xc9,
    0x06, 0x2b, 0x00, 0xc9, 0x06, 0x56, 0x00, 0xc9, 0x06, 0x2b, 0x00, 0xc9, 0x06, 0xad, 0x00, 0xc9,
    0x06, 0x08, 0x00, 0x46, 0x06, 0xad, 0x00, 0xc9, 0x06, 0x08, 0x00, 0x46, 0x06, 0x56, 0x00, 0xc9,
    0x06, 0x2b, 0x00, 0xc9, 0x06, 0x56, 0x00, 0xc9, 0x06, 0x2b, 0x00, 0xc9, 0x06, 0x56, 0x00, 0xf0,
    0x03, 0x59, 0x00, 0x89, 0x03, 0x5d, 0x00, 0x89, 0x03, 0x59, 0x00, 0x89, 0x05, 0xb2, 0x00, 0x46,
    0x05, 0xb2, 0x00, 0x46, 0x05, 0xb2, 0x00, 0x46, 0x07, 0x22, 0x00, 0x46, 0x07, 0x22, 0x00, 0x46,
    0x07, 0x22, 0x00, 0x46, 0x07, 0x22, 0x00, 0x46, 0x07, 0x47, 0x00, 0xc9, 0x06, 0xfa, 0x00, 0x46,
    0x07, 0x47, 0x00, 0xc9, 0x06, 0xfa, 0x00, 0x46, 0x07, 0x47, 0x00, 0xc9, 0x06, 0xfa, 0x00, 0x46,
    0x09, 0x1f, 0x00, 0xc9, 0x08, 0xcc, 0x00, 0x46, 0x09, 0x1f, 0x00, 0xc9, 0x08, 0xcc, 0x00, 0x46,
    0x09, 0x1f, 0x00, 0xc9, 0x08, 0xcc, 0x00, 0x46, 0x09, 0x1f, 0x00, 0xc9, 0x08, 0xcc, 0x00, 0x46,
    0x05, 0x20, 0x00, 0x89, 0x05, 0x04, 0x00, 0x77, 0x05, 0x04, 0x00, 0xc9, 0x05, 0x04, 0x00, 0xc9,
    0x05, 0x04, 0x00, 0xc9, 0x05, 0x04, 0x00, 0x77, 0x05, 0x04, 0x00, 0x77, 0x05, 0x04, 0x00, 0x77,
    0x05, 0x04, 0x00, 0xc9, 0x05, 0x04, 0x00, 0xc9, 0x06, 0xc1, 0x00, 0xc9, 0x06, 0x3f, 0x00, 0x77,
    0x06, 0x87, 0x00, 0xc9, 0x06, 0x8c, 0x00, 0xc9, 0x06, 0x87, 0x00, 0xc9, 0x06, 0x8c, 0x00, 0xc9,
    0x06, 0xc1, 0x00, 0xc9, 0x06, 0x3f, 0x00, 0x77, 0x06, 0xc1, 0x00, 0xc9, 0x06, 0x3f, 0x00, 0x77,
    0x06, 0x87, 0x00, 0xc9, 0x06, 0x8c, 0x00, 0xc9, 0x06, 0x87, 0x00, 0xc9, 0x06, 0x8c, 0x00, 0xc9,
    0x06, 0x87, 0x00, 0xf0, 0x03, 0x59, 0x00, 0x89, 0x03, 0x1d, 0x00, 0x89, 0x03, 0xe0, 0x00, 0x89,
    0x07, 0x53, 0x00, 0xc9, 0x07, 0x53, 0x00, 0x77, 0x07, 0x53, 0x00, 0x77, 0x07, 0x53, 0x00, 0xc9,
    0x07, 0x53, 0x00, 0xc9, 0x07, 0x53, 0x00, 0xc9, 0x04, 0xd3, 0x00, 0xc9, 0x04, 0xd3, 0x00, 0xc9,
    0x04, 0xd3, 0x00, 0xc9, 0x04, 0xd3, 0x00, 0x46, 0x04, 0xd3, 0x00, 0x46, 0x04, 0xd3, 0x00, 0x46,
    0x06, 0xad, 0x00, 0xc9, 0x06, 0x08, 0x00, 0x46, 0x03, 0x59, 0x00, 0x89, 0x05, 0xd5, 0x00, 0x77,
    0x05, 0x79, 0x00, 0x96, 0x05, 0x79, 0x00, 0x96, 0x05, 0x79, 0x00, 0x96, 0x05, 0x79, 0x00, 0x96,
    0x05, 0xcf, 0x00, 0x4d, 0x05, 0xcf, 0x00, 0x4d, 0x05, 0xcf, 0x00, 0x77, 0x05, 0xcf, 0x00, 0x77,
    0x07, 0x64, 0x00, 0xc9, 0x08, 0x0e, 0x00, 0x77, 0x04, 0x11, 0x00, 0x89, 0x05, 0xdb, 0x00, 0xb2,
    0x05, 0xdb, 0x00, 0xb2, 0x05, 0xdb, 0x00, 0xb2, 0x05, 0xdb, 0x00, 0xb2, 0x05, 0xdb, 0x00, 0xb2,
    0x05, 0xdb, 0x00, 0xb2, 0x05, 0xd7, 0x00, 0x53, 0x05, 0xd7, 0x00, 0x53, 0x05, 0xd7, 0x00, 0x79,
    0x05, 0xd7, 0x00, 0x79, 0x07, 0x94, 0x00, 0xc9, 0x07, 0x34, 0x00, 0x79, 0x04, 0x11, 0x00, 0x89,
    0x06, 0xa5, 0x00, 0x46, 0x06, 0xa5, 0x00, 0x77, 0x06, 0xa5, 0x00, 0x77, 0x06, 0xa5, 0x00, 0x46,
    0x06, 0xa5, 0x00, 0x46, 0x06, 0xa5, 0x00, 0x77, 0x06, 0xa5, 0x00, 0x77, 0x04, 0x82, 0x00, 0x89,
    0x06, 0x04, 0x00, 0xc9, 0x03, 0xe0, 0x00, 0x89, 0x08, 0x60, 0x00, 0x89, 0x08, 0x60, 0x00, 0x89,
    0x08, 0x60, 0x00, 0x89, 0x08, 0x60, 0x00, 0x89, 0x08, 0x60, 0x00, 0x89, 0x08, 0x60, 0x00, 0x89,
    0x08, 0x60, 0x00, 0x89, 0x06, 0x9a, 0x00, 0x89, 0x06, 0xa5, 0x00, 0x46, 0x06, 0xa5, 0x00, 0x77,
    0x06, 0xa5, 0x00, 0x46, 0x06, 0xa5, 0x00, 0x77, 0x0a, 0x13, 0x00, 0x89, 0x0a, 0x13, 0x00, 0x89,
    0x0a, 0x13, 0x00, 0x89, 0x08, 0x04, 0x00, 0x89, 0x08, 0x04, 0x00, 0x89, 0x0a, 0x13, 0x00, 0x89,
    0x0a, 0x13, 0x00, 0x89, 0x05, 0x99, 0x00, 0x89, 0x08, 0x95, 0x00, 0x89, 0x06, 0xd0, 0x00, 0x46,
    0x06, 0xd0, 0x00, 0x46, 0x06, 0xd0, 0x00, 0x77, 0x06, 0xd0, 0x00, 0x77, 0x06, 0xd0, 0x00, 0x46,
    0x06, 0xd0, 0x00, 0x46, 0x04, 0xcd, 0x00, 0x89, 0x05, 0x25, 0x00, 0x77, 0x05, 0x25, 0x00, 0x21,
    0x05, 0x25, 0x00, 0x21, 0x05, 0x25, 0x00, 0x77, 0x05, 0x25, 0x00, 0x77, 0x05, 0x25, 0x00, 0x21,
    0x05, 0x25, 0x00, 0x21, 0x03, 0x59, 0x00, 0x0a, 0x05, 0x07, 0x00, 0xc9, 0x06, 0x29, 0x00, 0xc9,
    0x06, 0x23, 0x00, 0x73, 0x03, 0xbf, 0x00, 0x89, 0x03, 0xbf, 0x00, 0x89, 0x03, 0x8d, 0x00, 0x75,
    0x08, 0x60, 0x00, 0x89, 0x0a, 0x7a, 0x00, 0x89, 0x0d, 0x0f, 0x00, 0x89, 0x0d, 0x0f, 0x00, 0x89,
    0x0b, 0x00, 0x00, 0x89, 0x0b, 0x00, 0x00, 0x89, 0x0d, 0x0f, 0x00, 0x89, 0x0d, 0x0f, 0x00, 0x89,
    0x03, 0xd1, 0xff, 0xec, 0x03, 0xf1, 0xff, 0xec, 0x05, 0xb2, 0xff, 0xec, 0x07, 0x73, 0xff, 0xec,
    0x09, 0x34, 0xff, 0xec, 0x0a, 0xf5, 0xff, 0xec, 0x03, 0xf1, 0xff, 0xec, 0x05, 0xb2, 0xff, 0xec,
    0x07, 0x73, 0xff, 0xec, 0x09, 0x33, 0xff, 0xec, 0x0a, 0xf5, 0xff, 0xec, 0x03, 0xfc, 0xff, 0xec,
    0x05, 0xbf, 0xff, 0xec, 0x07, 0x82, 0xff, 0xec, 0x09, 0x45, 0xff, 0xec, 0x0b, 0x08, 0xff, 0xec,
    0x03, 0xf1, 0xff, 0xec, 0x05, 0xb2, 0xff, 0xec, 0x07, 0x70, 0xff, 0xec, 0x09, 0x32, 0xff, 0xec,
    0x0a, 0xf5, 0xff, 0xec, 0x03, 0xfc, 0xff, 0xec, 0x06, 0x05, 0xff, 0xec, 0x06, 0x4f, 0xff, 0xec,
    0x09, 0xa3, 0xff, 0xec, 0x09, 0x33, 0xff, 0xec, 0x05, 0x77, 0xff, 0xec, 0x04, 0x0f, 0x00, 0x71,
    0x04, 0x0e, 0xff, 0xec, 0x04, 0xbc, 0x00, 0x3d, 0x05, 0xbd, 0x00, 0x0b, 0x07, 0xdb, 0x00, 0x7b,
    0x04, 0xb0, 0x00, 0x3e, 0x04, 0x66, 0x00, 0x71, 0x04, 0xd7, 0x00, 0xba, 0x04, 0xd7, 0x00, 0x24,
    0x03, 0xed, 0x00, 0xba, 0x04, 0x53, 0x00, 0x82, 0x02, 0x39, 0x00, 0xc1, 0x03, 0x28, 0x00, 0x00,
    0x04, 0xa2, 0x00, 0xba, 0x04, 0xaa, 0x00, 0x02, 0x06, 0x09, 0x00, 0xba, 0x05, 0x33, 0x00, 0xba,
    0x04, 0xe5, 0x00, 0x71, 0x04, 0x66, 0x00, 0x7f, 0x05, 0x79, 0x00, 0x71, 0x05, 0x79, 0x00, 0x71,
    0x05, 0x79, 0x00, 0x33, 0x08, 0x2f, 0x00, 0x71, 0x04, 0xe5, 0x00, 0x71, 0x04, 0xe5, 0x00, 0x71,
    0x04, 0x32, 0x00, 0x97, 0x04, 0xd0, 0x00, 0x32, 0x04, 0xd0, 0x00, 0x32, 0x04, 0xa9, 0x00, 0x3c,
    0x04, 0x98, 0x00, 0xba, 0x05, 0xe5, 0x00, 0xae, 0x07, 0x95, 0x00, 0xae, 0x05, 0x1a, 0x00, 0x2f,
    0x04, 0xbc, 0x00, 0x3d, 0x06, 0x8b, 0x00, 0x56, 0x04, 0x33, 0x00, 0x58, 0x04, 0x35, 0x00, 0x78,
    0x04, 0xaa, 0x00, 0xb3, 0x04, 0xbc, 0x00, 0x3d, 0x04, 0x83, 0x00, 0x97, 0x04, 0x32, 0x00, 0x97,
    0x04, 0xb9, 0x00, 0x5a, 0x05, 0x1d, 0x00, 0x4c, 0x03, 0x72, 0x00, 0x0a, 0x04, 0xe8, 0x00, 0x05,
    0x03, 0x75, 0x00, 0x7f, 0x03, 0xe1, 0x00, 0x7f, 0x03, 0x2f, 0x00, 0x7f, 0x03, 0x2f, 0x00, 0x53,
    0x03, 0xe7, 0x00, 0x48, 0x03, 0xca, 0x00, 0x7f, 0x01, 0x7c, 0x00, 0x7f, 0x01, 0x7c, 0xff, 0xbd,
    0x03, 0x4e, 0x00, 0x7f, 0x02, 0xce, 0x00, 0x7f, 0x04, 0x59, 0x00, 0x7f, 0x03, 0xc5, 0x00, 0x7f,
    0x03, 0xc5, 0x00, 0x7f, 0x03, 0xf7, 0x00, 0x48, 0x03, 0x84, 0x00, 0x47, 0x03, 0x0a, 0x00, 0x7f,
    0x03, 0x80, 0x00, 0x7f, 0x03, 0x14, 0xff, 0xfc, 0x03, 0xb0, 0x00, 0x70, 0x04, 0xfb, 0x00, 0x2b,
    0x03, 0x22, 0x00, 0x4d, 0x03, 0x22, 0x00, 0x4d, 0x03, 0x3e, 0x00, 0x47, 0x05, 0x2f, 0x00, 0x4d,
    0x03, 0x6d, 0x00, 0x75, 0x03, 0x3e, 0x00, 0x47, 0x03, 0x56, 0x00, 0x47, 0x03, 0x56, 0x00, 0x47,
    0x02, 0xe2, 0x00, 0x54, 0x02, 0xe0, 0x00, 0x52, 0x03, 0x3e, 0x00, 0x47, 0x01, 0x6e, 0x00, 0x7a,
    0x03, 0x68, 0x00, 0x75, 0x04, 0xfc, 0x00, 0x75, 0x03, 0x45, 0x00, 0x75, 0x03, 0x4f, 0x00, 0x47,
    0x02, 0xf6, 0x00, 0x47, 0x03, 0x4f, 0x00, 0x47, 0x03, 0x4f, 0x00, 0x47, 0x03, 0x6d, 0x00, 0x75,
    0x02, 0x5c, 0x00, 0x23, 0x03, 0x3d, 0x00, 0x6e, 0x03, 0xc2, 0x00, 0x6e, 0x04, 0xfc, 0x00, 0x75,
    0x03, 0x56, 0x00, 0x26, 0x03, 0x37, 0x00, 0x79, 0x02, 0xfb, 0x00, 0x14, 0x03, 0x15, 0x00, 0x47,
    0x03, 0x53, 0x00, 0x47, 0x02, 0xe9, 0x00, 0x25, 0x01, 0x6e, 0x00, 0x7a, 0x02, 0x12, 0x00, 0x75,
    0x03, 0x3d, 0x00, 0x6e, 0x03, 0x56, 0x00, 0x26, 0x03, 0x37, 0x00, 0x79, 0x02, 0xfb, 0x00, 0x14,
    0x03, 0x4b, 0x00, 0x79, 0x03, 0x53, 0x00, 0x47, 0x02, 0xe9, 0x00, 0x25, 0x05, 0x14, 0x00, 0xba,
    0x03, 0xca, 0x00, 0x7f, 0x02, 0xf9, 0x00, 0x74, 0x05, 0x56, 0x00, 0x32, 0x02, 0x39, 0x00, 0x91,
    0x03, 0x3e, 0x00, 0x47, 0x02, 0xf6, 0x00, 0x47, 0x02, 0xf6, 0x00, 0x47, 0x03, 0x4f, 0x00, 0x47,
    0x02, 0xe2, 0x00, 0x54, 0x02, 0x5f, 0x00, 0x1e, 0x01, 0xdd, 0xff, 0xe9, 0x03, 0x3e, 0x00, 0x47,
    0x03, 0x3d, 0x00, 0x6e, 0x02, 0x17, 0x00, 0x49, 0x01, 0xff, 0x00, 0x7a, 0x02, 0x16, 0x00, 0x49,
    0x02, 0x17, 0x00, 0x49, 0x01, 0xe0, 0xff, 0x56, 0x01, 0xff, 0x00, 0x7a, 0x01, 0xe1, 0x00, 0x5b,
    0x03, 0x03, 0x00, 0x71, 0x04, 0xfc, 0x00, 0x75, 0x04, 0xfc, 0x00, 0x75, 0x03, 0x49, 0xff, 0xe9,
    0x03, 0xd6, 0x00, 0x75, 0x03, 0x45, 0x00, 0x71, 0x03, 0x4f, 0x00, 0x47, 0x03, 0x4f, 0x00, 0x47,
    0x02, 0xe2, 0x00, 0x46, 0x02, 0x4b, 0xff, 0xe9, 0x02, 0x5c, 0x00, 0x23, 0x04, 0x10, 0x00, 0x5e,
    0x03, 0x59, 0x00, 0x47, 0x02, 0xe4, 0x00, 0x75, 0x03, 0x40, 0x00, 0x7a, 0x03, 0x56, 0x00, 0x26,
    0x02, 0xee, 0x00, 0x37, 0x03, 0x7e, 0x00, 0x37, 0x02, 0xee, 0x00, 0x37, 0x03, 0x23, 0x00, 0x37,
    0x03, 0x4f, 0x00, 0x47, 0x00, 0x00, 0xfc, 0x5b, 0x00, 0x00, 0xfc, 0x5b, 0x00, 0x00, 0xfc, 0x5b,
    0x00, 0x00, 0xfc, 0x5b, 0x00, 0x00, 0xfc, 0x42, 0x00, 0x00, 0xfc, 0x42, 0x05, 0x79, 0x00, 0x10,
    0x04, 0xe7, 0x00, 0x7b, 0x05, 0x7d, 0x00, 0xc9, 0x05, 0x14, 0x00, 0xb8, 0x05, 0x7d, 0x00, 0xc9,
    0x05, 0x14, 0x00, 0xba, 0x05, 0x7d, 0x00, 0xc9, 0x05, 0x14, 0x00, 0xba, 0x05, 0x96, 0x00, 0x73,
    0x04, 0x66, 0x00, 0x71, 0x06, 0x29, 0x00, 0xc9, 0x05, 0x14, 0x00, 0x71, 0x06, 0x29, 0x00, 0xc9,
    0x05, 0x14, 0x00, 0x71, 0x06, 0x29, 0x00, 0xc9, 0x05, 0x14, 0x00, 0x71, 0x06, 0x29, 0x00, 0xc9,
    0x05, 0x14, 0x00, 0x71, 0x06, 0x29, 0x00, 0xc9, 0x05, 0x14, 0x00, 0x71, 0x05, 0x0e, 0x00, 0xc9,
    0x04, 0xec, 0x00, 0x71, 0x05, 0x0e, 0x00, 0xc9, 0x04, 0xec, 0x00, 0x71, 0x05, 0x0e, 0x00, 0xc9,
    0x04, 0xec, 0x00, 0x71, 0x05, 0x0e, 0x00, 0xc9, 0x04, 0xec, 0x00, 0x71, 0x05, 0x0e, 0x00, 0xc9,
    0x04, 0xec, 0x00, 0x71, 0x04, 0x9a, 0x00, 0xc9, 0x02, 0xd1, 0x00, 0x2f, 0x06, 0x33, 0x00, 0x73,
    0x05, 0x14, 0x00, 0x71, 0x06, 0x04, 0x00, 0xc9, 0x05, 0x12, 0x00, 0xb8, 0x06, 0x04, 0x00, 0xc9,
    0x05, 0x12, 0x00, 0xba, 0x06, 0x04, 0x00, 0xc9, 0x05, 0x12, 0xff, 0xed, 0x06, 0x04, 0x00, 0x11,
    0x05, 0x12, 0x00, 0x02, 0x06, 0x04, 0x00, 0xc9, 0x05, 0x12, 0x00, 0xba, 0x02, 0x5c, 0x00, 0x00,
    0x02, 0x39, 0xff, 0xd3, 0x02, 0x5c, 0x00, 0x07, 0x02, 0x39, 0xff, 0xf4, 0x05, 0x3f, 0x00, 0xc9,
    0x04, 0xa2, 0x00, 0xba, 0x05, 0x3f, 0x00, 0xc9, 0x04, 0xa2, 0x00, 0xba, 0x05, 0x3f, 0x00, 0xc9,
    0x04, 0xa2, 0x00, 0xba, 0x04, 0x75, 0x00, 0xc9, 0x02, 0x4d, 0x00, 0xc9, 0x04, 0x75, 0x00, 0x03,
    0x02, 0x4d, 0xff, 0xfd, 0x04, 0x75, 0x00, 0xc9, 0x02, 0x39, 0xff, 0xf4, 0x04, 0x75, 0x00, 0xc9,
    0x02, 0x39, 0xff, 0xde, 0x06, 0xe7, 0x00, 0xc9, 0x07, 0xcb, 0x00, 0xba, 0x06, 0xe7, 0x00, 0xc9,
    0x07, 0xcb, 0x00, 0xba, 0x06, 0xe7, 0x00, 0xc9, 0x07, 0xcb, 0x00, 0xba, 0x05, 0xfc, 0x00, 0xc9,
    0x05, 0x12, 0x00, 0xba, 0x05, 0xfc, 0x00, 0xc9, 0x05, 0x12, 0x00, 0xba, 0x05, 0xfc, 0x00, 0xc9,
    0x05, 0x12, 0x00, 0xba, 0x05, 0xfc, 0x00, 0xc9, 0x05, 0x12, 0x00, 0xba, 0x06, 0x4c, 0x00, 0x73,
    0x04, 0xe5, 0x00, 0x71, 0x06, 0x4c, 0x00, 0x73, 0x04, 0xe5, 0x00, 0x71, 0x06, 0x4c, 0x00, 0x73,
    0x04, 0xe5, 0x00, 0x71, 0x06, 0x4c, 0x00, 0x73, 0x04, 0xe5, 0x00, 0x71, 0x04, 0xd3, 0x00, 0xc9,
    0x05, 0x14, 0x00, 0xba, 0x04, 0xd3, 0x00, 0xc9, 0x05, 0x14, 0x00, 0xba, 0x05, 0x8f, 0x00, 0xc9,
    0x03, 0x4a, 0x00, 0xba, 0x05, 0x8f, 0x00, 0xc9, 0x03, 0x4a, 0x00, 0xba, 0x05, 0x8f, 0x00, 0xc9,
    0x03, 0x4a, 0x00, 0xba, 0x05, 0x8f, 0x00, 0xc9, 0x03, 0x4a, 0x00, 0x54, 0x05, 0x14, 0x00, 0x87,
    0x04, 0x2b, 0x00, 0x6f, 0x05, 0x14, 0x00, 0x87, 0x04, 0x2b, 0x00, 0x6f, 0x05, 0x14, 0x00, 0x87,
    0x04, 0x2b, 0x00, 0x6f, 0x05, 0x14, 0x00, 0x87, 0x04, 0x2b, 0x00, 0x6f, 0x05, 0x14, 0x00, 0x87,
    0x04, 0x2b, 0x00, 0x6f, 0x04, 0xe3, 0xff, 0xfa, 0x03, 0x23, 0x00, 0x37, 0x04, 0xe3, 0xff, 0xfa,
    0x03, 0x23, 0x00, 0x37, 0x04, 0xe3, 0xff, 0xfa, 0x03, 0x23, 0x00, 0x37, 0x04, 0xe3, 0xff, 0xfa,
    0x03, 0x23, 0x00, 0x37, 0x05, 0xdb, 0x00, 0xb2, 0x05, 0x12, 0x00, 0xae, 0x05, 0xdb, 0x00, 0xb2,
    0x05, 0x12, 0x00, 0xae, 0x05, 0xdb, 0x00, 0xb2, 0x05, 0x12, 0x00, 0xae, 0x05, 0xdb, 0x00, 0xb2,
    0x05, 0x12, 0x00, 0xae, 0x05, 0xdb, 0x00, 0xb2, 0x05, 0x12, 0x00, 0xae, 0x05, 0x79, 0x00, 0x10,
    0x04, 0xbc, 0x00, 0x3d, 0x05, 0x79, 0x00, 0x10, 0x04, 0xbc, 0x00, 0x3d, 0x07, 0xe9, 0x00, 0x44,
    0x06, 0x8b, 0x00, 0x56, 0x07, 0xe9, 0x00, 0x44, 0x06, 0x8b, 0x00, 0x56, 0x07, 0xe9, 0x00, 0x44,
    0x06, 0x8b, 0x00, 0x56, 0x07, 0xe9, 0x00, 0x44, 0x06, 0x8b, 0x00, 0x56, 0x07, 0xe9, 0x00, 0x44,
    0x06, 0x8b, 0x00, 0x56, 0x05, 0x7b, 0x00, 0x3d, 0x04, 0xbc, 0x00, 0x3b, 0x05, 0x7b, 0x00, 0x3d,
    0x04, 0xbc, 0x00, 0x3b, 0x04, 0xe3, 0xff, 0xfc, 0x04, 0xbc, 0x00, 0x3d, 0x05, 0x7b, 0x00, 0x5c,
    0x04, 0x33, 0x00, 0x58, 0x05, 0x7b, 0x00, 0x5c, 0x04, 0x33, 0x00, 0x58, 0x05, 0x7b, 0x00, 0x5c,
    0x04, 0x33, 0x00, 0x58, 0x05, 0x12, 0x00, 0xba, 0x03, 0x23, 0x00, 0x04, 0x06, 0x8b, 0x00, 0x56,
    0x04, 0xbc, 0x00, 0x3d, 0x04, 0xe7, 0x00, 0x7b, 0x02, 0xd1, 0x00, 0x2f, 0x02, 0xd1, 0x00, 0x02,
    0x02, 0xd1, 0x00, 0x2f, 0x06, 0x26, 0x00, 0xb2, 0x04, 0xe5, 0x00, 0x71, 0x05, 0x79, 0x00, 0x10,
    0x04, 0xe7, 0x00, 0x7b, 0x05, 0x79, 0x00, 0x10, 0x04, 0xe7, 0x00, 0x7b, 0x05, 0x79, 0x00, 0x10,
    0x04, 0xe7, 0x00, 0x7b, 0x05, 0x79, 0x00, 0x10, 0x04, 0xe7, 0x00, 0x7b, 0x05, 0x79, 0x00, 0x10,
    0x04, 0xe7, 0x00, 0x7b, 0x05, 0x79, 0x00, 0x10, 0x04, 0xe7, 0x00, 0x7b, 0x05, 0x79, 0x00, 0x10,
    0x04, 0xe7, 0x00, 0x7b, 0x05, 0x79, 0x00, 0x10, 0x04, 0xe7, 0x00, 0x7b, 0x05, 0x79, 0x00, 0x10,
    0x04, 0xe7, 0x00, 0x7b, 0x05, 0x79, 0x00, 0x10, 0x04, 0xe7, 0x00, 0x7b, 0x05, 0x79, 0x00, 0x10,
    0x04, 0xe7, 0x00, 0x7b, 0x05, 0x79, 0x00, 0x10, 0x04, 0xe7, 0x00, 0x7b, 0x05, 0x0e, 0x00, 0xc9,
    0x04, 0xec, 0x00, 0x71, 0x05, 0x0e, 0x00, 0xc9, 0x04, 0xec, 0x00, 0x71, 0x05, 0x0e, 0x00, 0xc9,
    0x04, 0xec, 0x00, 0x71, 0x05, 0x0e, 0x00, 0xc9, 0x04, 0xec, 0x00, 0x71, 0x05, 0x0e, 0x00, 0xc9,
    0x04, 0xec, 0x00, 0x71, 0x05, 0x0e, 0x00, 0xc9, 0x04, 0xec, 0x00, 0x71, 0x05, 0x0e, 0x00, 0xc9,
    0x04, 0xec, 0x00, 0x71, 0x05, 0x0e, 0x00, 0xc9, 0x04, 0xec, 0x00, 0x71, 0x02, 0x5c, 0x00, 0x5a,
    0x02, 0x39, 0x00, 0x44, 0x02, 0x5c, 0x00, 0xc9, 0x02, 0x39, 0x00, 0xbf, 0x06, 0x4c, 0x00, 0x73,
    0x04, 0xe5, 0x00, 0x71, 0x06, 0x4c, 0x00, 0x73, 0x04, 0xe5, 0x00, 0x71, 0x06, 0x4c, 0x00, 0x73,
    0x04, 0xe5, 0x00, 0x71, 0x06, 0x4c, 0x00, 0x73, 0x04, 0xe5, 0x00, 0x71, 0x06, 0x4c, 0x00, 0x73,
    0x04, 0xe5, 0x00, 0x71, 0x06, 0x4c, 0x00, 0x73, 0x04, 0xe5, 0x00, 0x71, 0x06, 0x4c, 0x00, 0x73,
    0x04, 0xe5, 0x00, 0x71, 0x07, 0x4e, 0x00, 0x67, 0x04, 0xe5, 0x00, 0x76, 0x07, 0x4e, 0x00, 0x67,
    0x04, 0xe5, 0x00, 0x76, 0x07, 0x4e, 0x00, 0x67, 0x04, 0xe5, 0x00, 0x76, 0x07, 0x4e, 0x00, 0x67,
    0x04, 0xe5, 0x00, 0x76, 0x07, 0x4e, 0x00, 0x67, 0x04, 0xe5, 0x00, 0x76, 0x05, 0xdb, 0x00, 0xb2,
    0x05, 0x12, 0x00, 0xae, 0x05, 0xdb, 0x00, 0xb2, 0x05, 0x12, 0x00, 0xae, 0x06, 0xdd, 0x00, 0xad,
    0x05, 0x12, 0x00, 0xb0, 0x06, 0xdd, 0x00, 0xad, 0x05, 0x12, 0x00, 0xb0, 0x06, 0xdd, 0x00, 0xad,
    0x05, 0x12, 0x00, 0xb0, 0x06, 0xdd, 0x00, 0xad, 0x05, 0x12, 0x00, 0xb0, 0x06, 0xdd, 0x00, 0xad,
    0x05, 0x12, 0x00, 0xb0, 0x04, 0xe3, 0xff, 0xfc, 0x04, 0xbc, 0x00, 0x3d, 0x04, 0xe3, 0xff, 0xfc,
    0x04, 0xbc, 0x00, 0x3d, 0x04, 0xe3, 0xff, 0xfc, 0x04, 0xbc, 0x00, 0x3d, 0x04, 0xe3, 0xff, 0xfc,
    0x04, 0xbc, 0x00, 0x3d, 0x06, 0x27, 0x00, 0xc9, 0x03, 0xd1, 0x00, 0x20, 0x05, 0x46, 0x00, 0x71,
    0x05, 0x46, 0x00, 0x71, 0x05, 0x46, 0x00, 0x71, 0x05, 0x46, 0x00, 0x71, 0x05, 0x46, 0x00, 0x71,
    0x05, 0x46, 0x00, 0x71, 0x05, 0x46, 0x00, 0x71, 0x05, 0x46, 0x00, 0x71, 0x05, 0x79, 0x00, 0x10,
    0x05, 0x79, 0x00, 0x10, 0x07, 0x05, 0x00, 0x05, 0x07, 0x05, 0x00, 0x06, 0x06, 0x27, 0x00, 0x07,
    0x06, 0x69, 0x00, 0x04, 0x05, 0xaa, 0x00, 0x07, 0x05, 0xf1, 0x00, 0x04, 0x04, 0x53, 0x00, 0x85,
    0x04, 0x53, 0x00, 0x85, 0x04, 0x53, 0x00, 0x85, 0x04, 0x53, 0x00, 0x85, 0x04, 0x53, 0x00, 0x85,
    0x04, 0x53, 0x00, 0x85, 0x05, 0xb0, 0x00, 0x07, 0x05, 0xb0, 0x00, 0x07, 0x07, 0xba, 0x00, 0x05,
    0x07, 0xcc, 0x00, 0x06, 0x07, 0x30, 0x00, 0x07, 0x07, 0x6c, 0x00, 0x04, 0x05, 0x12, 0x00, 0xba,
    0x05, 0x12, 0x00, 0xba, 0x05, 0x12, 0x00, 0xba, 0x05, 0x12, 0x00, 0xba, 0x05, 0x12, 0x00, 0xba,
    0x05, 0x12, 0x00, 0xba, 0x05, 0x12, 0x00, 0xba, 0x05, 0x12, 0x00, 0xba, 0x06, 0xb2, 0x00, 0x07,
    0x06, 0xaf, 0x00, 0x07, 0x08, 0xb0, 0x00, 0x05, 0x08, 0xb6, 0x00, 0x06, 0x08, 0x37, 0x00, 0x07,
    0x08, 0x68, 0x00, 0x04, 0x07, 0x78, 0x00, 0x07, 0x07, 0x93, 0x00, 0x04, 0x02, 0xb5, 0x00, 0x9b,
    0x02, 0xb5, 0x00, 0x91, 0x02, 0xb5, 0xff, 0xb1, 0x02, 0xb5, 0xff, 0xbb, 0x02, 0xb5, 0x00, 0x05,
    0x02, 0xb5, 0xff, 0xd3, 0x02, 0xb5, 0xff, 0xcb, 0x02, 0xb5, 0xff, 0xc6, 0x03, 0x0a, 0x00, 0x07,
    0x02, 0xfe, 0x00, 0x07, 0x05, 0x14, 0x00, 0x05, 0x05, 0x14, 0x00, 0x06, 0x04, 0x90, 0x00, 0x07,
    0x04, 0xcc, 0x00, 0x04, 0x03, 0xea, 0x00, 0x07, 0x03, 0xf1, 0x00, 0x04, 0x04, 0xe5, 0x00, 0x71,
    0x04, 0xe5, 0x00, 0x71, 0x04, 0xe5, 0x00, 0x71, 0x04, 0xe5, 0x00, 0x71, 0x04, 0xe5, 0x00, 0x71,
    0x04, 0xe5, 0x00, 0x71, 0x06, 0x6f, 0x00, 0x07, 0x06, 0xc9, 0x00, 0x07, 0x08, 0xc2, 0x00, 0x05,
    0x08, 0xcc, 0x00, 0x06, 0x07, 0x82, 0x00, 0x07, 0x07, 0xc3, 0x00, 0x04, 0x04, 0xa1, 0x00, 0x95,
    0x04, 0xa1, 0x00, 0x95, 0x04, 0xa1, 0x00, 0x95, 0x04, 0xa1, 0x00, 0x95, 0x04, 0xa1, 0x00, 0x95,
    0x04, 0xa1, 0x00, 0x95, 0x04, 0xa1, 0x00, 0x95, 0x04, 0xa1, 0x00, 0x95, 0x06, 0x45, 0x00, 0x07,
    0x07, 0xfb, 0x00, 0x06, 0x08, 0x19, 0x00, 0x04, 0x07, 0x2e, 0x00, 0x04, 0x06, 0xb3, 0x00, 0x87,
    0x06, 0xb3, 0x00, 0x87, 0x06, 0xb3, 0x00, 0x87, 0x06, 0xb3, 0x00, 0x87, 0x06, 0xb3, 0x00, 0x87,
    0x06, 0xb3, 0x00, 0x87, 0x06, 0xb3, 0x00, 0x87, 0x06, 0xb3, 0x00, 0x87, 0x06, 0x6b, 0x00, 0x07,
    0x06, 0xbf, 0x00, 0x07, 0x08, 0xb7, 0x00, 0x05, 0x08, 0xc3, 0x00, 0x06, 0x07, 0x91, 0x00, 0x07,
    0x07, 0xc7, 0x00, 0x04, 0x07, 0x5f, 0x00, 0x07, 0x07, 0x9e, 0x00, 0x04, 0x05, 0x46, 0x00, 0x71,
    0x05, 0x46, 0x00, 0x71, 0x04, 0x53, 0x00, 0x85, 0x04, 0x63, 0x00, 0x85, 0x05, 0x12, 0x00, 0xba,
    0x05, 0x3c, 0x00, 0xba, 0x02, 0xb5, 0xff, 0x8d, 0x02, 0xb5, 0x00, 0xa6, 0x04, 0xe5, 0x00, 0x71,
    0x04, 0xe5, 0x00, 0x71, 0x04, 0xa1, 0x00, 0x95, 0x04, 0xa1, 0x00, 0x95, 0x06, 0xb3, 0x00, 0x87,
    0x06, 0xb3, 0x00, 0x87, 0x05, 0x46, 0x00, 0x71, 0x05, 0x46, 0x00, 0x71, 0x05, 0x46, 0x00, 0x71,
    0x05, 0x46, 0x00, 0x71, 0x05, 0x46, 0x00, 0x71, 0x05, 0x46, 0x00, 0x71, 0x05, 0x46, 0x00, 0x71,
    0x05, 0x46, 0x00, 0x71, 0x05, 0x79, 0x00, 0x10, 0x05, 0x79, 0x00, 0x10, 0x07, 0x05, 0x00, 0x05,
    0x07, 0x05, 0x00, 0x06, 0x06, 0x27, 0x00, 0x07, 0x06, 0x69, 0x00, 0x04, 0x05, 0xaa, 0x00, 0x07,
    0x05, 0xf1, 0x00, 0x04, 0x05, 0x12, 0x00, 0xba, 0x05, 0x12, 0x00, 0xba, 0x05, 0x12, 0x00, 0xba,
    0x05, 0x12, 0x00, 0xba, 0x05, 0x12, 0x00, 0xba, 0x05, 0x12, 0x00, 0xba, 0x05, 0x12, 0x00, 0xba,
    0x05, 0x12, 0x00, 0xba, 0x06, 0xb2, 0x00, 0x07, 0x06, 0xaf, 0x00, 0x07, 0x08, 0xb0, 0x00, 0x05,
    0x08, 0xb6, 0x00, 0x06, 0x08, 0x37, 0x00, 0x07, 0x08, 0x68, 0x00, 0x04, 0x07, 0x78, 0x00, 0x07,
    0x07, 0x93, 0x00, 0x04, 0x06, 0xb3, 0x00, 0x87, 0x06, 0xb3, 0x00, 0x87, 0x06, 0xb3, 0x00, 0x87,
    0x06, 0xb3, 0x00, 0x87, 0x06, 0xb3, 0x00, 0x87, 0x06, 0xb3, 0x00, 0x87, 0x06, 0xb3, 0x00, 0x87,
    0x06, 0xb3, 0x00, 0x87, 0x06, 0x6b, 0x00, 0x07, 0x06, 0xbf, 0x00, 0x07, 0x08, 0xb7, 0x00, 0x05,
    0x08, 0xc3, 0x00, 0x06, 0x07, 0x91, 0x00, 0x07, 0x07, 0xc7, 0x00, 0x04, 0x07, 0x5f, 0x00, 0x07,
    0x07, 0x9e, 0x00, 0x04, 0x05, 0x46, 0x00, 0x71, 0x05, 0x46, 0x00, 0x71, 0x05, 0x46, 0x00, 0x71,
    0x05, 0x46, 0x00, 0x71, 0x05, 0x46, 0x00, 0x71, 0x05, 0x46, 0x00, 0x71, 0x05, 0x46, 0x00, 0x71,
    0x05, 0x79, 0x00, 0x10, 0x05, 0x79, 0x00, 0x10, 0x05, 0xbb, 0xff, 0xfc, 0x05, 0x8a, 0x00, 0x10,
    0x05, 0x79, 0x00, 0x10, 0x04, 0x00, 0x01, 0x86, 0x04, 0x00, 0x01, 0xb6, 0x04, 0x00, 0x01, 0x86,
    0x04, 0x00, 0x00, 0xb6, 0x04, 0x00, 0x00, 0xb6, 0x05, 0x12, 0x00, 0xba, 0x05, 0x12, 0x00, 0xba,
    0x05, 0x3c, 0x00, 0xba, 0x05, 0x12, 0x00, 0xba, 0x05, 0x12, 0x00, 0xba, 0x06, 0x70, 0xff, 0xfc,
    0x05, 0xf8, 0xff, 0xe7, 0x07, 0x72, 0xff, 0xfc, 0x06, 0xf8, 0xff, 0xf3, 0x06, 0x04, 0x00, 0xc9,
    0x04, 0x00, 0x00, 0x89, 0x04, 0x00, 0x00, 0xb4, 0x04, 0x00, 0x00, 0xb6, 0x02, 0xb5, 0xff, 0xeb,
    0x02, 0xb5, 0xff, 0xe3, 0x02, 0xb5, 0xff, 0xd8, 0x02, 0xb5, 0x00, 0x05, 0x02, 0xb5, 0xff, 0xe4,
    0x02, 0xb5, 0xff, 0xe6, 0x02, 0x5c, 0xff, 0xf5, 0x02, 0x5c, 0x00, 0x03, 0x03, 0xcd, 0xff, 0xfc,
    0x03, 0x44, 0xff, 0xed, 0x04, 0x00, 0x00, 0x7e, 0x04, 0x00, 0x00, 0x95, 0x04, 0x00, 0x00, 0xb6,
    0x04, 0xa1, 0x00, 0x95, 0x04, 0xa1, 0x00, 0x95, 0x04, 0xa1, 0x00, 0x95, 0x04, 0xa1, 0x00, 0x95,
    0x05, 0x14, 0x00, 0xba, 0x05, 0x14, 0x00, 0xba, 0x04, 0xa1, 0x00, 0x95, 0x04, 0xa1, 0x00, 0x95,
    0x04, 0xe3, 0xff, 0xfc, 0x04, 0xe3, 0xff, 0xfc, 0x06, 0xc3, 0xff, 0xfc, 0x06, 0x99, 0xff, 0xe1,
    0x05, 0x7b, 0x00, 0x07, 0x04, 0x00, 0x00, 0xaa, 0x04, 0x00, 0x00, 0xd7, 0x04, 0x00, 0x00, 0xaa,
    0x06, 0xb3, 0x00, 0x87, 0x06, 0xb3, 0x00, 0x87, 0x06, 0xb3, 0x00, 0x87, 0x06, 0xb3, 0x00, 0x87,
    0x06, 0xb3, 0x00, 0x87, 0x07, 0x87, 0xff, 0xfc, 0x06, 0x80, 0xff, 0xf2, 0x07, 0x61, 0xff, 0xfc,
    0x06, 0x9b, 0xff, 0xdb, 0x06, 0x1d, 0x00, 0x4e, 0x04, 0x00, 0x01, 0x73, 0x04, 0x00, 0x01, 0x86,
    0x04, 0x00, 0x00, 0x00, 0x08, 0x00, 0x00, 0x00, 0x04, 0x00, 0x00, 0x00, 0x08, 0x00, 0x00, 0x00,
    0x02, 0xa3, 0x00, 0x00, 0x02, 0x00, 0x00, 0x00, 0x01, 0x56, 0x00, 0x00, 0x05, 0x17, 0x00, 0x00,
    0x02, 0x8b, 0x00, 0x00, 0x01, 0x99, 0x00, 0x00, 0x00, 0xcc, 0x00, 0x00, 0x00, 0x00, 0x00, 0x00,
    0x00, 0x00, 0x00, 0x00, 0x00, 0x00, 0x00, 0x00, 0x00, 0x00, 0x00, 0x00, 0x00, 0x00, 0x00, 0x00,
    0x02, 0xe3, 0x00, 0x64, 0x02, 0xe3, 0x00, 0x64, 0x05, 0x17, 0x00, 0x64, 0x04, 0x00, 0x00, 0x64,
    0x08, 0x00, 0x00, 0x64, 0x08, 0x00, 0x00, 0x00, 0x04, 0x00, 0x01, 0x04, 0x04, 0x00, 0xff, 0xec,
    0x02, 0x8b, 0x00, 0xae, 0x02, 0x8b, 0x00, 0xb2, 0x02, 0x8b, 0x00, 0xae, 0x02, 0x8b, 0x00, 0xb2,
    0x04, 0x25, 0x00, 0xae, 0x04, 0x25, 0x00, 0xae, 0x04, 0x25, 0x00, 0xae, 0x04, 0x25, 0x00, 0xae,
    0x04, 0x00, 0x00, 0x39, 0x04, 0x00, 0x00, 0x39, 0x04, 0xb8, 0x01, 0x33, 0x04, 0xb8, 0x01, 0x33,
    0x02, 0xad, 0x00, 0xec, 0x05, 0x57, 0x00, 0xec, 0x08, 0x00, 0x00, 0xec, 0x02, 0x8b, 0x00, 0xdc,
    0x00, 0x00, 0x00, 0x00, 0x00, 0x00, 0x00, 0x00, 0x00, 0x00, 0x00, 0x00, 0x00, 0x00, 0x00, 0x00,
    0x00, 0x00, 0x00, 0x00, 0x00, 0x00, 0x00, 0x00, 0x00, 0x00, 0x00, 0x00, 0x01, 0x99, 0x00, 0x00,
    0x0a, 0xbc, 0x00, 0x71, 0x0d, 0xe2, 0x00, 0x71, 0x01, 0xd1, 0x00, 0x28, 0x02, 0xfd, 0x00, 0x28,
    0x04, 0x29, 0x00, 0x28, 0x01, 0xd1, 0x00, 0x28, 0x02, 0xfd, 0x00, 0x28, 0x04, 0x29, 0x00, 0x28,
    0x02, 0xb6, 0x00, 0x0b, 0x03, 0x33, 0x00, 0x9e, 0x03, 0x33, 0x00, 0xc1, 0x06, 0xb4, 0x00, 0xc3,
    0x03, 0xe2, 0x00, 0x93, 0x04, 0x3f, 0x00, 0x93, 0x04, 0x00, 0xff, 0xec, 0x06, 0x6e, 0xff, 0xa7,
    0x06, 0x6e, 0xff, 0xa7, 0x02, 0x00, 0xff, 0xaa, 0x08, 0x00, 0x00, 0x3d, 0x04, 0x00, 0x00, 0xdd,
    0x01, 0x56, 0xfe, 0x89, 0x03, 0x1f, 0x00, 0xb0, 0x03, 0x1f, 0x00, 0xb0, 0x07, 0x60, 0x00, 0x4a,
    0x05, 0xdd, 0x00, 0x93, 0x05, 0xdd, 0x00, 0x93, 0x03, 0xfa, 0x00, 0x64, 0x05, 0x17, 0x00, 0xec,
    0x04, 0x00, 0x00, 0xd8, 0x04, 0x00, 0x00, 0xd8, 0x04, 0x00, 0x00, 0x3d, 0x02, 0xb2, 0x01, 0x1d,
    0x06, 0x6e, 0xff, 0xa7, 0x04, 0x00, 0x00, 0x3d, 0x03, 0x99, 0x00, 0x91, 0x08, 0x00, 0x00, 0x64,
    0x06, 0x6e, 0xff, 0xa7, 0x06, 0xb4, 0x01, 0x38, 0x04, 0xb0, 0x00, 0xfa, 0x05, 0x4e, 0x00, 0x28,
    0x06, 0xb4, 0x01, 0x66, 0x06, 0xb4, 0x01, 0x66, 0x02, 0x8b, 0x00, 0xdb, 0x06, 0x61, 0x00, 0x64,
    0x06, 0xb4, 0x00, 0x70, 0x02, 0x8b, 0x00, 0xdb, 0x02, 0x8b, 0x00, 0xdb, 0x01, 0xc7, 0x00, 0x00,
    0x00, 0x00, 0x00, 0x00, 0x00, 0x00, 0x00, 0x00, 0x00, 0x00, 0x00, 0x00, 0x00, 0x00, 0x00, 0x00,
    0x00, 0x00, 0x00, 0x00, 0x00, 0x00, 0x00, 0x00, 0x00, 0x00, 0x00, 0x00, 0x00, 0x00, 0x00, 0x00,
    0x00, 0x00, 0x00, 0x00, 0x00, 0x00, 0x00, 0x00, 0x00, 0x00, 0x00, 0x00, 0x03, 0x35, 0x00, 0x57,
    0x01, 0x6e, 0x00, 0x7a, 0x03, 0x35, 0x00, 0x3f, 0x03, 0x35, 0x00, 0x66, 0x03, 0x35, 0x00, 0x5c,
    0x03, 0x35, 0x00, 0x6c, 0x03, 0x35, 0x00, 0x59, 0x03, 0x35, 0x00, 0x53, 0x04, 0x39, 0x00, 0x89,
    0x04, 0x39, 0x00, 0x89, 0x04, 0x39, 0x00, 0x89, 0x01, 0xf7, 0x00, 0x6f, 0x01, 0xf7, 0x00, 0x67,
    0x03, 0x30, 0x00, 0x75, 0x03, 0x35, 0x00, 0x57, 0x03, 0x35, 0x00, 0x89, 0x03, 0x35, 0x00, 0x5e,
    0x03, 0x35, 0x00, 0x62, 0x03, 0x35, 0x00, 0x3f, 0x03, 0x35, 0x00, 0x66, 0x03, 0x35, 0x00, 0x5c,
    0x03, 0x35, 0x00, 0x6c, 0x03, 0x35, 0x00, 0x59, 0x03, 0x35, 0x00, 0x53, 0x04, 0x39, 0x00, 0x89,
    0x04, 0x39, 0x00, 0x89, 0x04, 0x39, 0x00, 0x89, 0x01, 0xf7, 0x00, 0x6f, 0x01, 0xf7, 0x00, 0x67,
    0x03, 0x22, 0x00, 0x4d, 0x03, 0x56, 0x00, 0x47, 0x03, 0x4f, 0x00, 0x47, 0x03, 0x8d, 0x00, 0x75,
    0x03, 0x56, 0x00, 0x47, 0x03, 0x3c, 0x00, 0x75, 0x03, 0x68, 0x00, 0x75, 0x01, 0x54, 0x00, 0x7a,
    0x04, 0xfc, 0x00, 0x75, 0x03, 0x30, 0x00, 0x75, 0x03, 0x6d, 0x00, 0x75, 0x02, 0xfc, 0x00, 0x75,
    0x02, 0x5c, 0x00, 0x23, 0x07, 0x04, 0x00, 0x56, 0x05, 0x17, 0x00, 0x73, 0x05, 0x17, 0x00, 0x60,
    0x05, 0x17, 0x00, 0x85, 0x05, 0x17, 0x00, 0x81, 0x07, 0xcb, 0x00, 0xba, 0x05, 0x17, 0x00, 0x22,
    0x0a, 0x2e, 0x00, 0xc9, 0x08, 0x97, 0x00, 0xc9, 0x07, 0xe9, 0x00, 0x3b, 0x06, 0x46, 0x00, 0x5f,
    0x05, 0x17, 0x00, 0x71, 0x05, 0x17, 0x00, 0x00, 0x05, 0x17, 0x00, 0x28, 0x05, 0x17, 0x00, 0x14,
    0x0a, 0x2e, 0x00, 0xd0, 0x05, 0x17, 0x00, 0x2e, 0x05, 0x17, 0x00, 0x44, 0x05, 0x17, 0x00, 0x5d,
    0x05, 0x17, 0x00, 0x10, 0x06, 0x31, 0x00, 0x75, 0x05, 0x17, 0x00, 0xa5, 0x05, 0x17, 0x00, 0x14,
    0x05, 0x17, 0x00, 0x6a, 0x05, 0x17, 0x00, 0x0a, 0x05, 0x17, 0x00, 0x43, 0x00, 0x00, 0xfc, 0x13,
    0x00, 0x00, 0xfc, 0x3d, 0x00, 0x00, 0xfc, 0x3d, 0x00, 0x00, 0xfc, 0x3d, 0x00, 0x00, 0xfc, 0x13,
    0x00, 0x00, 0xfb, 0x50, 0x00, 0x00, 0xfc, 0x3d, 0x08, 0x26, 0x00, 0x43, 0x08, 0x26, 0x00, 0x43,
    0x05, 0x96, 0x00, 0x73, 0x08, 0xfc, 0x00, 0xc3, 0x05, 0x23, 0xff, 0xd6, 0x08, 0x26, 0x00, 0x3c,
    0x08, 0x89, 0x00, 0x3c, 0x04, 0xea, 0x00, 0xa4, 0x05, 0x96, 0x00, 0x6f, 0x07, 0x9d, 0x00, 0xc3,
    0x07, 0xe8, 0x00, 0x49, 0x06, 0x09, 0x00, 0x02, 0x06, 0xcc, 0x00, 0xc9, 0x05, 0x12, 0x00, 0x48,
    0x05, 0x12, 0x00, 0x5a, 0x03, 0xc2, 0x00, 0x3b, 0x05, 0x94, 0x00, 0x6a, 0x05, 0xc3, 0x00, 0x44,
    0x03, 0x4e, 0xff, 0xe4, 0x06, 0x8b, 0x00, 0x20, 0x06, 0x68, 0x00, 0xc6, 0x08, 0x52, 0x00, 0x36,
    0x08, 0x00, 0x01, 0x1b, 0x05, 0x94, 0x00, 0x6e, 0x05, 0x9c, 0x00, 0xc8, 0x06, 0x4c, 0x00, 0x73,
    0x06, 0x62, 0x00, 0x42, 0x06, 0x83, 0x00, 0x53, 0x06, 0x56, 0x00, 0xc8, 0x07, 0x2c, 0x00, 0xa9,
    0x05, 0x79, 0x00, 0xc9, 0x08, 0x28, 0x01, 0x03, 0x08, 0x98, 0xff, 0xfc, 0x08, 0x00, 0x01, 0x27,
    0x05, 0x79, 0x00, 0x10, 0x05, 0xf5, 0x00, 0x5c, 0x04, 0x9f, 0x00, 0x58, 0x06, 0x1d, 0x00, 0x4e,
    0x06, 0x1d, 0x00, 0x4e, 0x04, 0xee, 0x00, 0x18, 0x02, 0xb5, 0x00, 0x44, 0x05, 0x3f, 0x00, 0xc9,
    0x05, 0x79, 0x00, 0x10, 0x06, 0x4a, 0x00, 0x5c, 0x05, 0xa0, 0x00, 0x82, 0x06, 0xd6, 0x00, 0x7d,
    0x04, 0xbc, 0x00, 0x57, 0x04, 0xd8, 0x00, 0xa2, 0x06, 0x4a, 0x00, 0x54, 0x04, 0x9a, 0x00, 0xc9,
    0x08, 0x8e, 0x00, 0x39, 0x03, 0xb2, 0x00, 0x68, 0x05, 0xf6, 0x00, 0x67, 0x05, 0x64, 0xff, 0xfb,
    0x03, 0xba, 0x00, 0x1b, 0x05, 0x28, 0x00, 0x56, 0x03, 0x0a, 0x00, 0x46, 0x07, 0x68, 0x00, 0x5a,
    0x09, 0x8d, 0x00, 0x97, 0x05, 0x9e, 0x00, 0x24, 0x05, 0xd2, 0x00, 0x00, 0x05, 0x3c, 0x00, 0xc8,
    0x06, 0xca, 0x00, 0xc9, 0x06, 0x7c, 0x00, 0x19, 0x06, 0x33, 0x00, 0xa3, 0x04, 0x75, 0x00, 0x08,
    0x04, 0x75, 0x00, 0x07, 0x04, 0xe3, 0xff, 0xfc, 0x06, 0x8d, 0x00, 0x57, 0x05, 0xaa, 0x00, 0x5a,
    0x04, 0xec, 0x00, 0x5b, 0x02, 0xcf, 0x00, 0x4f, 0x02, 0xcf, 0xff, 0x16, 0x06, 0x3d, 0x00, 0x3b,
    0x04, 0x36, 0x00, 0x51, 0x07, 0xc1, 0x00, 0x89, 0x07, 0xc1, 0x00, 0x89, 0x0a, 0xf6, 0x00, 0x89,
    0x07, 0xc1, 0x00, 0x89, 0x07, 0xc1, 0x00, 0x5e, 0x07, 0xc1, 0x00, 0x89, 0x07, 0xc1, 0x00, 0x5e,
    0x07, 0xc1, 0x00, 0x62, 0x07, 0xc1, 0x00, 0x3f, 0x07, 0xc1, 0x00, 0x89, 0x07, 0xc1, 0x00, 0x66,
    0x07, 0xc1, 0x00, 0x89, 0x07, 0xc1, 0x00, 0x62, 0x07, 0xc1, 0x00, 0x66, 0x07, 0xc1, 0x00, 0x6c,
    0x04, 0x8b, 0x00, 0x89, 0x02, 0x5c, 0x00, 0xc9, 0x03, 0xf0, 0x00, 0xc9, 0x05, 0x84, 0x00, 0xc9,
    0x07, 0x62, 0x00, 0xc9, 0x05, 0x79, 0x00, 0x10, 0x07, 0x61, 0x00, 0x10, 0x08, 0xf5, 0x00, 0x10,
    0x0a, 0x89, 0x00, 0x10, 0x07, 0x57, 0x00, 0xc9, 0x05, 0x7b, 0x00, 0x3d, 0x07, 0x77, 0x00, 0x3d,
    0x09, 0x0d, 0x00, 0x3d, 0x04, 0x75, 0x00, 0xc9, 0x05, 0x96, 0x00, 0x73, 0x06, 0x29, 0x00, 0xc9,
    0x06, 0xe7, 0x00, 0xc9, 0x02, 0x39, 0x00, 0xc1, 0x03, 0xa9, 0x00, 0xc1, 0x05, 0x19, 0x00, 0xc1,
    0x06, 0x7e, 0x00, 0xc1, 0x04, 0xbc, 0x00, 0x3d, 0x06, 0x7d, 0x00, 0x3d, 0x07, 0xed, 0x00, 0x3d,
    0x09, 0x5d, 0x00, 0x3d, 0x06, 0x8d, 0x00, 0xc1, 0x04, 0xbc, 0x00, 0x3b, 0x06, 0x94, 0x00, 0x3b,
    0x08, 0x04, 0x00, 0x3b, 0x02, 0x39, 0x00, 0xc1, 0x04, 0x66, 0x00, 0x71, 0x05, 0x14, 0x00, 0x71,
    0x07, 0xcb, 0x00, 0xba, 0x09, 0xf6, 0x00, 0x79, 0x06, 0x29, 0x00, 0xc9, 0x09, 0xf6, 0x00, 0x79,
    0x05, 0xa0, 0x00, 0x73, 0x04, 0x65, 0x00, 0x7f, 0x05, 0x96, 0x00, 0x73, 0x07, 0xc1, 0x00, 0x57,
    0x06, 0xb4, 0x00, 0x64, 0x06, 0xb4, 0x01, 0xa3, 0x06, 0xb4, 0x00, 0x75, 0x06, 0xb4, 0x01, 0xa3,
    0x06, 0xb4, 0x00, 0x64, 0x06, 0xb4, 0x01, 0xa3, 0x06, 0xb4, 0x01, 0x20, 0x06, 0xb4, 0x01, 0x20,
    0x06, 0xb4, 0x01, 0x20, 0x06, 0xb4, 0x01, 0x20, 0x06, 0xb4, 0x00, 0x64, 0x06, 0xb4, 0x00, 0x75,
    0x06, 0xb4, 0x00, 0x2c, 0x06, 0xb4, 0x00, 0x16, 0x06, 0xb4, 0x00, 0x64, 0x06, 0xb4, 0x01, 0xa5,
    0x06, 0xb4, 0x00, 0x75, 0x06, 0xb4, 0x01, 0xa5, 0x06, 0xb4, 0x00, 0x64, 0x06, 0xb4, 0x00, 0x75,
    0x06, 0xb4, 0x00, 0x64, 0x06, 0xb4, 0x01, 0xa5, 0x06, 0xb4, 0x00, 0x75, 0x06, 0xb4, 0x01, 0xa5,
    0x06, 0xb4, 0x01, 0xa5, 0x06, 0xb4, 0x00, 0x64, 0x06, 0xb4, 0x00, 0x76, 0x06, 0xb4, 0x00, 0x64,
    0x06, 0xb4, 0x00, 0x76, 0x06, 0xb4, 0x00, 0x64, 0x06, 0xb4, 0x00, 0x64, 0x06, 0xb4, 0x01, 0x2a,
    0x06, 0xb4, 0x01, 0x5a, 0x06, 0xb4, 0x01, 0xac, 0x06, 0xb4, 0x01, 0x5a, 0x06, 0xb4, 0x01, 0xac,
    0x06, 0xb4, 0x01, 0xdd, 0x06, 0xb4, 0x00, 0x64, 0x06, 0xb4, 0x00, 0x2d, 0x06, 0xb4, 0x00, 0x4f,
    0x06, 0xb4, 0x00, 0xde, 0x06, 0xb4, 0x00, 0x70, 0x06, 0xb4, 0x00, 0xd3, 0x06, 0xb4, 0x00, 0x9d,
    0x06, 0xb4, 0x00, 0x64, 0x06, 0xb4, 0x00, 0x64, 0x06, 0xb4, 0x03, 0x05, 0x06, 0xb4, 0x01, 0xa3,
    0x06, 0xb4, 0x00, 0x75, 0x06, 0xb4, 0x00, 0x75, 0x06, 0xb4, 0x03, 0x05, 0x06, 0xb4, 0x01, 0xa3,
    0x06, 0xb4, 0x00, 0x64, 0x06, 0xb4, 0x00, 0x77, 0x06, 0xb4, 0x00, 0x64, 0x06, 0xb4, 0x00, 0x64,
    0x06, 0xb4, 0x00, 0x78, 0x06, 0xb4, 0x00, 0x76, 0x06, 0xb4, 0x00, 0x78, 0x06, 0xb4, 0x00, 0x64,
    0x06, 0xb4, 0x00, 0x64, 0x06, 0xb4, 0x00, 0x64, 0x06, 0xb4, 0x00, 0x64, 0x06, 0xb4, 0x00, 0x75,
    0x06, 0xb4, 0x00, 0x64, 0x06, 0xb4, 0x01, 0xa5, 0x06, 0xb4, 0x00, 0x75, 0x06, 0xb4, 0x01, 0xa5,
    0x06, 0xb4, 0x00, 0x64, 0x06, 0xb4, 0x01, 0xa4, 0x06, 0xb4, 0x01, 0x20, 0x06, 0xb4, 0x00, 0xbc,
    0x06, 0xb4, 0x00, 0xbc, 0x06, 0xb4, 0x01, 0x20, 0x06, 0xb4, 0x00, 0x64, 0x06, 0xb4, 0x00, 0x75,
    0x06, 0xb4, 0x00, 0x64, 0x06, 0xb4, 0x00, 0x75, 0x06, 0xb4, 0x01, 0xa3, 0x06, 0xb4, 0x01, 0xa3,
    0x06, 0xb4, 0x00, 0x64, 0x06, 0xb4, 0x01, 0xa3, 0x06, 0xb4, 0x00, 0x75, 0x06, 0xb4, 0x01, 0xa3,
    0x06, 0xb4, 0x00, 0x6b, 0x06, 0xb4, 0x00, 0x75, 0x06, 0xb4, 0x00, 0x37, 0x06, 0xb4, 0x01, 0x5e,
    0x06, 0xb4, 0x00, 0x48, 0x06, 0xb4, 0x01, 0x5e, 0x06, 0xb4, 0x01, 0x5e, 0x06, 0xb4, 0x01, 0x5e,
    0x06, 0xb4, 0x01, 0x40, 0x06, 0xb4, 0x01, 0x5e, 0x06, 0xb4, 0x01, 0x5e, 0x06, 0xb4, 0x01, 0x5e,
    0x06, 0xb4, 0x00, 0x75, 0x06, 0xb4, 0x00, 0x7a, 0x06, 0xb4, 0x00, 0x7a, 0x06, 0xb4, 0x01, 0x5e,
    0x06, 0xb4, 0x00, 0x75, 0x06, 0xb4, 0x00, 0x77, 0x06, 0xb4, 0x00, 0x75, 0x06, 0xb4, 0x00, 0x64,
    0x06, 0xb4, 0x00, 0x75, 0x06, 0xb4, 0x00, 0x64, 0x06, 0xb4, 0x00, 0x64, 0x06, 0xb4, 0x00, 0x75,
    0x06, 0xb4, 0x00, 0x64, 0x06, 0xb4, 0x00, 0x37, 0x06, 0xb4, 0x00, 0x75, 0x06, 0xb4, 0x00, 0x37,
    0x05, 0x79, 0x00, 0x10, 0x05, 0x17, 0x00, 0x87, 0x04, 0x23, 0x00, 0x5f, 0x05, 0x0e, 0x00, 0xc9,
    0x05, 0x0e, 0x00, 0xc9, 0x06, 0xf8, 0x00, 0x9b, 0x05, 0x5a, 0xff, 0xfa, 0x05, 0x5a, 0xff, 0xfa,
    0x06, 0xf8, 0x00, 0xaf, 0x06, 0xf8, 0x00, 0xaf, 0x05, 0xbe, 0x00, 0xd9, 0x06, 0xf8, 0x00, 0xaf,
    0x06, 0xf8, 0x00, 0xaf, 0x05, 0xbe, 0x00, 0xd9, 0x05, 0x17, 0x01, 0x2c, 0x06, 0x0e, 0x00, 0x9c,
    0x06, 0x0e, 0x00, 0x9c, 0x05, 0x64, 0x00, 0x19, 0x06, 0xb4, 0x00, 0xd9, 0x06, 0xb4, 0x00, 0xd9,
    0x06, 0xb4, 0x00, 0xd9, 0x02, 0xb2, 0x00, 0x00, 0x05, 0x18, 0x01, 0x8a, 0x06, 0xb4, 0x01, 0x05,
    0x05, 0x02, 0x01, 0x44, 0x05, 0x02, 0x01, 0x58, 0x05, 0x19, 0x00, 0x3d, 0x05, 0x19, 0x00, 0x3d,
    0x05, 0x19, 0x00, 0x3d, 0x05, 0xb7, 0x00, 0xdc, 0x06, 0xaa, 0x00, 0xdc, 0x06, 0xb4, 0x01, 0x1b,
    0x07, 0x2c, 0x00, 0xaf, 0x07, 0x2c, 0x00, 0xaf, 0x06, 0xb4, 0x00, 0xed, 0x04, 0x00, 0x01, 0xb0,
    0x04, 0x00, 0x00, 0x66, 0x04, 0x00, 0x01, 0x10, 0x04, 0x00, 0x00, 0x66, 0x05, 0xdb, 0x01, 0x08,
    0x05, 0xdb, 0x01, 0x08, 0x05, 0xdb, 0x01, 0x08, 0x05, 0xdb, 0x01, 0x08, 0x04, 0x2b, 0x00, 0x75,
    0x06, 0x50, 0x00, 0x75, 0x08, 0x75, 0x00, 0x75, 0x04, 0x2b, 0x00, 0x75, 0x06, 0x50, 0x00, 0x75,
    0x08, 0x75, 0x00, 0x75, 0x04, 0x2b, 0x00, 0x75, 0x04, 0x2b, 0x00, 0x75, 0x04, 0x2b, 0x00, 0x75,
    0x05, 0x17, 0x00, 0x79, 0x05, 0x17, 0x00, 0x79, 0x02, 0x15, 0x00, 0xa1, 0x05, 0x17, 0x00, 0x79,
    0x06, 0xb4, 0x00, 0xd9, 0x06, 0xb4, 0x00, 0xd9, 0x06, 0xb4, 0x00, 0xd8, 0x06, 0xb4, 0x00, 0xd9,
    0x06, 0xb4, 0x00, 0xd9, 0x06, 0xb4, 0x00, 0xd9, 0x06, 0xb4, 0x00, 0xa2, 0x06, 0xb4, 0x00, 0xd9,
    0x03, 0x00, 0x00, 0xd0, 0x06, 0xb4, 0x00, 0xd9, 0x06, 0xb4, 0x00, 0xd9, 0x06, 0xb4, 0x00, 0xd9,
    0x06, 0xb4, 0x00, 0xd9, 0x06, 0xb4, 0x00, 0xd9, 0x06, 0xb4, 0x00, 0xd9, 0x06, 0xb4, 0x00, 0xd9,
    0x06, 0xb4, 0x00, 0xd9, 0x06, 0xb4, 0x00, 0xd9, 0x06, 0xb4, 0x00, 0xd9, 0x06, 0xb4, 0x00, 0xd9,
    0x06, 0xb4, 0x00, 0xd9, 0x06, 0xb4, 0x00, 0xd8, 0x06, 0xb4, 0x00, 0xd9, 0x06, 0xb4, 0x00, 0xd9,
    0x06, 0xb4, 0x00, 0xd9, 0x06, 0xb4, 0x00, 0xd9, 0x06, 0xb6, 0x00, 0xd9, 0x06, 0xb6, 0x00, 0xd9,
    0x08, 0x00, 0x00, 0xcf, 0x08, 0x00, 0x00, 0xcd, 0x06, 0xb4, 0x00, 0xd9, 0x06, 0xb4, 0x00, 0xd9,
    0x06, 0xb4, 0x00, 0xd9, 0x06, 0xb4, 0x00, 0xd9, 0x06, 0xb4, 0x00, 0xd9, 0x06, 0xb4, 0x00, 0xd9,
    0x06, 0xb4, 0x00, 0xd9, 0x06, 0xb4, 0x00, 0xd9, 0x06, 0xb4, 0x00, 0xd9, 0x06, 0xb4, 0x00, 0xd9,
    0x06, 0xb4, 0x00, 0xd9, 0x06, 0xb4, 0x00, 0xd9, 0x06, 0xb4, 0x00, 0xd9, 0x06, 0xb4, 0x00, 0xd9,
    0x06, 0xb4, 0x00, 0xd9, 0x06, 0xb4, 0x00, 0xd9, 0x06, 0xb4, 0x00, 0xda, 0x06, 0xb4, 0x00, 0xda,
    0x06, 0xb4, 0x00, 0xda, 0x06, 0xb4, 0x00, 0xda, 0x08, 0x60, 0x00, 0x94, 0x08, 0x60, 0x00, 0x94,
    0x03, 0xb6, 0x00, 0xb0, 0x06, 0xb4, 0x00, 0xd8, 0x06, 0xb4, 0x00, 0xd9, 0x06, 0xb4, 0x00, 0xd9,
    0x06, 0xb4, 0x00, 0xd9, 0x06, 0xb4, 0x00, 0xd9, 0x06, 0xb4, 0x00, 0xd9, 0x06, 0xb4, 0x00, 0xda,
    0x06, 0xb4, 0x00, 0xd9, 0x06, 0xb4, 0x00, 0xd9, 0x06, 0xb4, 0x00, 0xd0, 0x06, 0xb4, 0x00, 0xd0,
    0x06, 0xb4, 0x00, 0xd0, 0x06, 0xb4, 0x00, 0xd0, 0x06, 0xb4, 0x00, 0xd9, 0x06, 0xb4, 0x00, 0xd9,
    0x06, 0xb4, 0x00, 0xd9, 0x06, 0xb4, 0x00, 0xd9, 0x06, 0xb4, 0x00, 0xd9, 0x06, 0xb4, 0x00, 0xd9,
    0x06, 0xb4, 0x00, 0xd9, 0x06, 0xb4, 0x00, 0xd9, 0x06, 0xb4, 0x00, 0xcc, 0x06, 0xb4, 0x00, 0xcc,
    0x06, 0xb4, 0x00, 0xcc, 0x06, 0xb4, 0x00, 0xcc, 0x06, 0xb4, 0x00, 0xbe, 0x06, 0xb4, 0x00, 0xd9,
    0x06, 0xb4, 0x00, 0xbe, 0x06, 0xb4, 0x00, 0xd9, 0x06, 0xb4, 0x00, 0xbe, 0x06, 0xb4, 0x00, 0xbe,
    0x05, 0xdb, 0x01, 0x08, 0x05, 0xdb, 0x01, 0x08, 0x05, 0xdb, 0x01, 0x08, 0x06, 0xb4, 0x00, 0xd9,
    0x06, 0xb4, 0x00, 0xd9, 0x06, 0xb4, 0x00, 0xd9, 0x06, 0xb4, 0x00, 0xd9, 0x06, 0x3e, 0x00, 0xd9,
    0x06, 0x3e, 0x00, 0xd9, 0x06, 0xb4, 0x00, 0xbb, 0x06, 0xb4, 0x00, 0xbb, 0x06, 0xb4, 0x00, 0xbb,
    0x06, 0xb4, 0x00, 0xbb, 0x06, 0xb4, 0x00, 0xbb, 0x06, 0xb4, 0x00, 0xbb, 0x06, 0xb4, 0x00, 0xbb,
    0x06, 0xb4, 0x00, 0xbb, 0x06, 0xb4, 0x00, 0xbb, 0x06, 0xb4, 0x00, 0xbb, 0x06, 0xb4, 0x00, 0xbb,
    0x06, 0xb4, 0x00, 0xbb, 0x06, 0xb4, 0x00, 0xbb, 0x06, 0xf8, 0x00, 0xaf, 0x06, 0xf8, 0x00, 0xaf,
    0x06, 0xf8, 0x00, 0xaf, 0x06, 0xf8, 0x00, 0xaf, 0x04, 0x2a, 0x00, 0xaf, 0x04, 0x2a, 0x00, 0xaf,
    0x06, 0xf8, 0x00, 0xaf, 0x06, 0xf8, 0x00, 0xaf, 0x06, 0xf8, 0x00, 0xaf, 0x06, 0xf8, 0x00, 0xaf,
    0x06, 0xf8, 0x00, 0xaf, 0x06, 0xf8, 0x00, 0xaf, 0x06, 0xf8, 0x00, 0xaf, 0x06, 0xf8, 0x00, 0xaf,
    0x06, 0xb4, 0x00, 0xd9, 0x06, 0xb4, 0x00, 0xd9, 0x06, 0xb4, 0x00, 0xd9, 0x06, 0xb4, 0x00, 0xd9,
    0x06, 0xb4, 0x00, 0xd9, 0x06, 0xb4, 0x00, 0xd9, 0x08, 0x00, 0x00, 0x79, 0x08, 0x00, 0x00, 0x79,
    0x06, 0xb4, 0x00, 0x62, 0x06, 0xb4, 0x00, 0x79, 0x04, 0x2a, 0x00, 0xee, 0x05, 0xdb, 0x00, 0xc8,
    0x05, 0xdb, 0x00, 0xc8, 0x05, 0xdb, 0x00, 0xc8, 0x06, 0xb4, 0x01, 0x1b, 0x06, 0xb4, 0x01, 0x1b,
    0x06, 0x90, 0xff, 0xfa, 0x06, 0x90, 0xff, 0xfa, 0x06, 0x90, 0x00, 0x8c, 0x06, 0x90, 0x00, 0x8c,
    0x05, 0x02, 0x00, 0x82, 0x02, 0x8b, 0x00, 0xdb, 0x05, 0x02, 0x00, 0xf9, 0x06, 0xb4, 0x00, 0xd9,
    0x08, 0x00, 0x00, 0xd9, 0x08, 0x00, 0x00, 0xd9, 0x08, 0x00, 0x00, 0xd9, 0x08, 0x00, 0x00, 0xd9,
    0x08, 0x00, 0x00, 0xd9, 0x06, 0xb4, 0x00, 0xd9, 0x05, 0xdc, 0x00, 0x63, 0x05, 0xdc, 0x00, 0x63,
    0x06, 0xb4, 0x00, 0xbe, 0x06, 0xb4, 0x00, 0xd9, 0x06, 0xb4, 0x00, 0xd2, 0x06, 0xb4, 0x00, 0xd2,
    0x06, 0xb4, 0x01, 0x7c, 0x06, 0xb4, 0x00, 0xd9, 0x06, 0xb4, 0x00, 0xd9, 0x06, 0xb4, 0x00, 0xd9,
    0x0b, 0x61, 0x00, 0x94, 0x0b, 0x61, 0x00, 0x94, 0x06, 0xb4, 0x00, 0xd9, 0x06, 0xb4, 0x00, 0xd9,
    0x06, 0xb4, 0x00, 0xd9, 0x06, 0xb4, 0x00, 0xd9, 0x06, 0xb4, 0x00, 0xd9, 0x06, 0xb4, 0x00, 0xd9,
    0x06, 0xb4, 0x00, 0xd9, 0x06, 0xb4, 0x00, 0xd9, 0x06, 0xb4, 0x00, 0xd9, 0x06, 0xb4, 0x00, 0xd9,
    0x06, 0xb4, 0x00, 0xd9, 0x06, 0xb4, 0x00, 0xd9, 0x06, 0xb4, 0x00, 0xd9, 0x06, 0xb4, 0x00, 0xd9,
    0x06, 0xb4, 0x00, 0xd9, 0x06, 0xb4, 0x00, 0xe1, 0x06, 0xb4, 0x00, 0xd9, 0x06, 0xb4, 0x00, 0xd9,
    0x06, 0xb4, 0x00, 0xd9, 0x06, 0xb4, 0x00, 0xd5, 0x08, 0x00, 0x03, 0x96, 0x08, 0x00, 0x00, 0xec,
    0x08, 0x00, 0x00, 0xec, 0x08, 0x00, 0x00, 0xec, 0x08, 0x00, 0x00, 0x58, 0x06, 0xf8, 0x00, 0xaf,
    0x05, 0xbe, 0x00, 0xd9, 0x06, 0xf8, 0x00, 0xaf, 0x06, 0xf8, 0x00, 0xaf, 0x05, 0xbe, 0x00, 0xd9,
    0x06, 0xf8, 0x00, 0xaf, 0x06, 0xf8, 0x00, 0xaf, 0x08, 0x00, 0x00, 0x58, 0x06, 0xf8, 0x00, 0xaf,
    0x05, 0xbe, 0x00, 0xd9, 0x06, 0xf8, 0x00, 0xaf, 0x05, 0xbe, 0x00, 0xd9, 0x06, 0xf8, 0x00, 0xd9,
    0x04, 0xd1, 0x00, 0x4a, 0x04, 0xd1, 0x00, 0x72, 0x05, 0x14, 0x00, 0x92, 0x06, 0xb4, 0x01, 0xa3,
    0x06, 0xb4, 0x01, 0xa3, 0x06, 0xb4, 0x01, 0xa3, 0x06, 0xb4, 0x01, 0xa3, 0x03, 0xe8, 0x01, 0x3b,
    0x03, 0x1f, 0x00, 0xb0, 0x03, 0x1f, 0x00, 0xc7, 0x03, 0x1f, 0x00, 0xb0, 0x03, 0x1f, 0x00, 0xc7,
    0x06, 0x78, 0x02, 0xf4, 0x06, 0x78, 0x00, 0x64, 0x06, 0x78, 0x02, 0xf4, 0x06, 0x78, 0x00, 0x64,
    0x06, 0xb4, 0x00, 0xd9, 0x04, 0x1b, 0x00, 0x06, 0x08, 0x00, 0x00, 0xf7, 0x06, 0xb4, 0x00, 0xd9,
    0x03, 0xc0, 0x00, 0xb0, 0x03, 0xc0, 0x00, 0x86, 0x03, 0xc0, 0x00, 0xb0, 0x03, 0xc0, 0x00, 0x86,
    0x04, 0x2b, 0x01, 0xaf, 0x04, 0x2b, 0x00, 0x2a, 0x09, 0x38, 0x00, 0x9c, 0x09, 0x38, 0x00, 0x9c,
    0x0b, 0x50, 0x00, 0x9c, 0x09, 0x38, 0x00, 0x9c, 0x0b, 0x8c, 0x00, 0x78, 0x0b, 0x50, 0x00, 0x01,
    0x06, 0xfc, 0x00, 0x96, 0x02, 0xb5, 0x00, 0xa6, 0x05, 0x14, 0x00, 0xba, 0x06, 0xb3, 0x00, 0x87,
    0x05, 0x46, 0x00, 0x71, 0x06, 0x0f, 0x00, 0x1a, 0x09, 0x38, 0x00, 0x9c, 0x06, 0xfc, 0x00, 0x23,
    0x04, 0x00, 0x00, 0xb0, 0x04, 0x00, 0x00, 0xb0, 0x04, 0x00, 0x00, 0xb0, 0x04, 0x00, 0x00, 0xb0,
    0x04, 0x00, 0x02, 0x8d, 0x04, 0x00, 0x00, 0xb0, 0x04, 0x00, 0x00, 0xb0, 0x04, 0x00, 0x00, 0xb0,
    0x04, 0x00, 0x00, 0xb0, 0x04, 0x00, 0x00, 0xb0, 0x04, 0x00, 0x02, 0x8d, 0x04, 0x00, 0x00, 0xb0,
    0x06, 0x00, 0x02, 0xa3, 0x06, 0x00, 0x00, 0xa8, 0x06, 0x00, 0x02, 0xa3, 0x06, 0x00, 0x02, 0xa3,
    0x06, 0x00, 0x00, 0xa8, 0x06, 0x00, 0x02, 0xa3, 0x06, 0x00, 0x00, 0xa8, 0x04, 0x2b, 0x01, 0xaf,
    0x06, 0xb4, 0x00, 0x37, 0x07, 0x8f, 0x00, 0xba, 0x06, 0xfc, 0x00, 0x96, 0x06, 0x27, 0x00, 0x06,
    0x05, 0x17, 0x00, 0x59, 0x05, 0x14, 0xff, 0x83, 0x05, 0x14, 0x00, 0x92, 0x07, 0x2c, 0x00, 0x98,
    0x07, 0x2c, 0x00, 0x98, 0x07, 0x2c, 0x00, 0x98, 0x07, 0x2c, 0x00, 0x98, 0x07, 0x2c, 0x00, 0x98,
    0x07, 0x2c, 0x00, 0x98, 0x07, 0x2c, 0x00, 0x98, 0x07, 0x2c, 0x00, 0x98, 0x07, 0x2c, 0x00, 0x98,
    0x07, 0x2c, 0x00, 0x98, 0x04, 0xd1, 0xff, 0xec, 0x04, 0xd1, 0xff, 0xec, 0x04, 0xd1, 0x02, 0x18,
    0x04, 0xd1, 0x01, 0xc8, 0x04, 0xd1, 0x00, 0x3c, 0x04, 0xd1, 0x00, 0x3c, 0x04, 0xd1, 0x02, 0x18,
    0x04, 0xd1, 0x01, 0xc8, 0x04, 0xd1, 0x00, 0x3c, 0x04, 0xd1, 0x00, 0x3c, 0x04, 0xd1, 0x02, 0x18,
    0x04, 0xd1, 0x01, 0xc8, 0x04, 0xd1, 0x02, 0x18, 0x04, 0xd1, 0x02, 0x18, 0x04, 0xd1, 0x01, 0xc8,
    0x04, 0xd1, 0x01, 0xc8, 0x04, 0xd1, 0xff, 0xec, 0x04, 0xd1, 0xff, 0xec, 0x04, 0xd1, 0xff, 0xec,
    0x04, 0xd1, 0xff, 0xec, 0x04, 0xd1, 0x02, 0x18, 0x04, 0xd1, 0x02, 0x18, 0x04, 0xd1, 0x01, 0xc8,
    0x04, 0xd1, 0x01, 0xc8, 0x04, 0xd1, 0xff, 0xec, 0x04, 0xd1, 0xff, 0xec, 0x04, 0xd1, 0xff, 0xec,
    0x04, 0xd1, 0xff, 0xec, 0x04, 0xd1, 0x02, 0x18, 0x04, 0xd1, 0x02, 0x18, 0x04, 0xd1, 0x01, 0xc8,
    0x04, 0xd1, 0x01, 0xc8, 0x04, 0xd1, 0x01, 0xc8, 0x04, 0xd1, 0x01, 0xc8, 0x04, 0xd1, 0x01, 0xc8,
    0x04, 0xd1, 0x01, 0xc8, 0x04, 0xd1, 0xff, 0xec, 0x04, 0xd1, 0xff, 0xec, 0x04, 0xd1, 0xff, 0xec,
    0x04, 0xd1, 0xff, 0xec, 0x04, 0xd1, 0xff, 0xec, 0x04, 0xd1, 0xff, 0xec, 0x04, 0xd1, 0xff, 0xec,
    0x04, 0xd1, 0xff, 0xec, 0x04, 0xd1, 0xff, 0xec, 0x04, 0xd1, 0xff, 0xec, 0x04, 0xd1, 0xff, 0xec,
    0x04, 0xd1, 0xff, 0xec, 0x04, 0xd1, 0xff, 0xec, 0x04, 0xd1, 0xff, 0xec, 0x04, 0xd1, 0xff, 0xec,
    0x04, 0xd1, 0xff, 0xec, 0x04, 0xd1, 0xff, 0xec, 0x04, 0xd1, 0xff, 0xec, 0x04, 0xd1, 0xff, 0xec,
    0x04, 0xd1, 0xff, 0xec, 0x04, 0xd1, 0xff, 0xec, 0x04, 0xd1, 0xff, 0xec, 0x04, 0xd1, 0xff, 0xec,
    0x04, 0xd1, 0xff, 0xec, 0x04, 0xd1, 0xff, 0xec, 0x04, 0xd1, 0xff, 0xec, 0x04, 0xd1, 0xff, 0xec,
    0x04, 0xd1, 0xff, 0xec, 0x04, 0xd1, 0xff, 0xec, 0x04, 0xd1, 0xff, 0xec, 0x04, 0xd1, 0xff, 0xec,
    0x04, 0xd1, 0xff, 0xec, 0x04, 0xd1, 0xff, 0xec, 0x04, 0xd1, 0xff, 0xec, 0x04, 0xd1, 0xff, 0xec,
    0x04, 0xd1, 0xff, 0xec, 0x04, 0xd1, 0xff, 0xec, 0x04, 0xd1, 0xff, 0xec, 0x04, 0xd1, 0xff, 0xec,
    0x04, 0xd1, 0xff, 0xec, 0x04, 0xd1, 0x00, 0x3c, 0x04, 0xd1, 0x00, 0x3c, 0x04, 0xd1, 0x02, 0x18,
    0x04, 0xd1, 0x01, 0xc8, 0x04, 0xd1, 0xff, 0xec, 0x04, 0xd1, 0x01, 0x78, 0x04, 0xd1, 0x02, 0x18,
    0x04, 0xd1, 0x01, 0x78, 0x04, 0xd1, 0x01, 0x78, 0x04, 0xd1, 0xff, 0xec, 0x04, 0xd1, 0xff, 0xec,
    0x04, 0xd1, 0xff, 0xec, 0x04, 0xd1, 0x02, 0x18, 0x04, 0xd1, 0x01, 0x78, 0x04, 0xd1, 0x01, 0x78,
    0x04, 0xd1, 0xff, 0xec, 0x04, 0xd1, 0xff, 0xec, 0x04, 0xd1, 0xff, 0xec, 0x04, 0xd1, 0x02, 0x18,
    0x04, 0xd1, 0x01, 0x78, 0x04, 0xd1, 0x01, 0x78, 0x04, 0xd1, 0xff, 0xec, 0x04, 0xd1, 0xff, 0xec,
    0x04, 0xd1, 0xff, 0xec, 0x04, 0xd1, 0xff, 0xec, 0x04, 0xd1, 0xff, 0xec, 0x04, 0xd1, 0xff, 0xec,
    0x04, 0xd1, 0xff, 0xec, 0x04, 0xd1, 0xff, 0xec, 0x04, 0xd1, 0xff, 0xec, 0x04, 0xd1, 0xff, 0xec,
    0x04, 0xd1, 0xff, 0xec, 0x04, 0xd1, 0xff, 0xec, 0x04, 0xd1, 0x02, 0x18, 0x04, 0xd1, 0xff, 0xec,
    0x04, 0xd1, 0xff, 0xec, 0x04, 0xd1, 0x02, 0x18, 0x04, 0xd1, 0xff, 0xa7, 0x04, 0xd1, 0xff, 0xa7,
    0x04, 0xd1, 0xff, 0xa7, 0x04, 0xd1, 0xff, 0xec, 0x04, 0xd1, 0x02, 0x18, 0x04, 0xd1, 0x02, 0x68,
    0x04, 0xd1, 0x02, 0x18, 0x04, 0xd1, 0xff, 0xec, 0x04, 0xd1, 0x01, 0xc8, 0x04, 0xd1, 0x02, 0x68,
    0x04, 0xd1, 0x01, 0xc8, 0x04, 0xd1, 0xff, 0xec, 0x04, 0xd1, 0x01, 0xc8, 0x04, 0xd1, 0xff, 0xec,
    0x04, 0xd1, 0x01, 0xc8, 0x06, 0x27, 0xff, 0xec, 0x06, 0x27, 0xff, 0xec, 0x06, 0x27, 0xff, 0xec,
    0x06, 0x27, 0xff, 0xec, 0x06, 0x27, 0xff, 0xec, 0x06, 0x27, 0xff, 0xec, 0x06, 0x27, 0xff, 0xec,
    0x06, 0x27, 0xff, 0xec, 0x06, 0x27, 0xff, 0xec, 0x06, 0x27, 0xff, 0xec, 0x06, 0x27, 0xff, 0xec,
    0x06, 0x27, 0xff, 0xec, 0x06, 0x27, 0xff, 0xec, 0x06, 0x27, 0xff, 0xec, 0x06, 0x27, 0xff, 0xec,
    0x06, 0x27, 0xff, 0xec, 0x06, 0x27, 0x03, 0x13, 0x06, 0x27, 0x00, 0x00, 0x06, 0x27, 0x00, 0x00,
    0x06, 0x27, 0x00, 0x00, 0x06, 0x27, 0xff, 0xec, 0x06, 0x27, 0x05, 0x71, 0x06, 0x27, 0xff, 0xec,
    0x06, 0x27, 0x03, 0x13, 0x06, 0x27, 0xff, 0xec, 0x06, 0x27, 0xff, 0xec, 0x06, 0x27, 0xff, 0xec,
    0x06, 0x27, 0xff, 0xec, 0x06, 0x27, 0xff, 0xec, 0x06, 0x27, 0x03, 0x13, 0x06, 0x27, 0xff, 0xec,
    0x06, 0x27, 0xff, 0xec, 0x07, 0x8f, 0x00, 0xba, 0x07, 0x8f, 0x00, 0xba, 0x07, 0x8f, 0x00, 0xba,
    0x07, 0x8f, 0x00, 0xba, 0x07, 0x8f, 0x00, 0xba, 0x07, 0x8f, 0x00, 0xba, 0x07, 0x8f, 0x00, 0xba,
    0x07, 0x8f, 0x00, 0xba, 0x07, 0x8f, 0x00, 0xba, 0x07, 0x8f, 0x00, 0xba, 0x05, 0x6c, 0x00, 0xba,
    0x05, 0x6c, 0x00, 0xba, 0x07, 0x8f, 0x00, 0xba, 0x07, 0x8f, 0x00, 0xba, 0x04, 0x67, 0x00, 0xba,
    0x04, 0x67, 0x00, 0xba, 0x06, 0x27, 0x00, 0x06, 0x06, 0x27, 0x00, 0x06, 0x06, 0x27, 0x00, 0x06,
    0x06, 0x27, 0x00, 0x06, 0x04, 0x04, 0x00, 0x06, 0x04, 0x04, 0x00, 0x06, 0x06, 0x27, 0x00, 0x06,
    0x06, 0x27, 0x00, 0x06, 0x04, 0x04, 0x00, 0x06, 0x04, 0x04, 0x00, 0x06, 0x06, 0x27, 0x00, 0x06,
    0x06, 0x27, 0x00, 0x06, 0x06, 0x27, 0x00, 0x06, 0x06, 0x27, 0x00, 0x06, 0x04, 0x04, 0x00, 0x06,
    0x04, 0x04, 0x00, 0x06, 0x06, 0x27, 0x00, 0x06, 0x06, 0x27, 0x00, 0x06, 0x04, 0x04, 0x00, 0x06,
    0x04, 0x04, 0x00, 0x06, 0x06, 0x27, 0x00, 0x06, 0x06, 0x27, 0x00, 0x06, 0x06, 0x27, 0x00, 0x06,
    0x06, 0x27, 0x00, 0x06, 0x06, 0x27, 0x00, 0x06, 0x06, 0xfb, 0x00, 0x70, 0x03, 0xf4, 0x00, 0x06,
    0x06, 0xfb, 0x00, 0x70, 0x06, 0xfb, 0x00, 0x72, 0x06, 0xfb, 0x00, 0x70, 0x06, 0xfb, 0x00, 0x70,
    0x06, 0xfb, 0x00, 0x70, 0x06, 0xfb, 0x00, 0x70, 0x06, 0xfb, 0x00, 0x70, 0x06, 0xfb, 0x00, 0x70,
    0x06, 0xfb, 0x00, 0x70, 0x06, 0xfb, 0x00, 0x70, 0x06, 0xfb, 0x00, 0x70, 0x04, 0x37, 0x00, 0x70,
    0x04, 0x37, 0x00, 0xba, 0x06, 0x54, 0x00, 0xba, 0x07, 0xc3, 0x00, 0xba, 0x07, 0xc3, 0x00, 0xba,
    0x07, 0xc3, 0x00, 0xba, 0x03, 0x19, 0x00, 0x06, 0x03, 0x19, 0x00, 0x06, 0x03, 0x19, 0x00, 0x06,
    0x03, 0x19, 0x00, 0x06, 0x06, 0xfb, 0x00, 0x70, 0x06, 0xfb, 0x00, 0x70, 0x06, 0x27, 0x00, 0x06,
    0x06, 0x27, 0x00, 0x06, 0x06, 0x27, 0x00, 0x06, 0x06, 0x27, 0x00, 0x06, 0x04, 0xb8, 0x01, 0x33,
    0x07, 0x8f, 0x00, 0xba, 0x07, 0x8f, 0x00, 0xba, 0x07, 0x8f, 0x00, 0xba, 0x07, 0x8f, 0x00, 0xba,
    0x07, 0x8f, 0x00, 0xba, 0x06, 0x27, 0x00, 0x06, 0x06, 0x27, 0x00, 0x06, 0x06, 0x27, 0x00, 0x06,
    0x08, 0xf4, 0x00, 0x70, 0x07, 0x8f, 0x00, 0xba, 0x07, 0x8f, 0x00, 0xba, 0x07, 0x8f, 0x00, 0xba,
    0x07, 0x8f, 0x00, 0xba, 0x06, 0xfb, 0x00, 0x70, 0x06, 0xfb, 0x00, 0x70, 0x06, 0xfb, 0x00, 0x70,
    0x06, 0xfb, 0x00, 0x70, 0x06, 0x27, 0x00, 0x06, 0x06, 0x27, 0x00, 0x06, 0x06, 0x27, 0x00, 0x06,
    0x06, 0xa4, 0x00, 0xba, 0x06, 0xa4, 0x00, 0xba, 0x05, 0xdc, 0x00, 0xba, 0x05, 0xdc, 0x00, 0xba,
    0x06, 0x27, 0x00, 0x06, 0x07, 0x2c, 0x00, 0xab, 0x08, 0x00, 0x00, 0x68, 0x07, 0x2c, 0x00, 0x64,
    0x07, 0x2c, 0x00, 0xaa, 0x07, 0x2c, 0x00, 0x83, 0x07, 0x2c, 0x00, 0x85, 0x07, 0x2c, 0x00, 0x85,
    0x04, 0x95, 0x00, 0xaa, 0x07, 0x2b, 0x00, 0xaa, 0x07, 0x2c, 0x00, 0xaa, 0x07, 0x1b, 0x00, 0x7d,
    0x07, 0x1b, 0x00, 0x7d, 0x05, 0x5f, 0x00, 0x7d, 0x08, 0x1a, 0x00, 0x7d, 0x09, 0xf7, 0x00, 0x8c,
    0x0a, 0x01, 0x00, 0x91, 0x07, 0x2c, 0x00, 0xb8, 0x07, 0x2c, 0x00, 0xb7, 0x07, 0x2c, 0x00, 0xb7,
    0x04, 0x42, 0x00, 0x9a, 0x07, 0x2c, 0x00, 0x64, 0x07, 0x2c, 0x00, 0x98, 0x07, 0x2c, 0x00, 0xac,
    0x07, 0x2c, 0x00, 0xac, 0x07, 0x2c, 0x00, 0x9f, 0x07, 0x2c, 0x00, 0xab, 0x07, 0x2c, 0x00, 0xac,
    0x07, 0x2c, 0x00, 0xac, 0x07, 0x2c, 0x00, 0xb2, 0x04, 0xdf, 0x00, 0x93, 0x07, 0x2c, 0x00, 0xb1,
    0x04, 0xdf, 0x00, 0x93, 0x07, 0x2c, 0x00, 0x7d, 0x07, 0x2c, 0x00, 0xac, 0x07, 0x2c, 0x00, 0xaa,
    0x07, 0x2c, 0x00, 0x64, 0x05, 0x5a, 0x00, 0x64, 0x05, 0xf8, 0x00, 0xaa, 0x05, 0x32, 0x00, 0xaa,
    0x06, 0x45, 0x00, 0xaa, 0x04, 0x5c, 0x00, 0xaa, 0x07, 0x2c, 0x00, 0xaa, 0x07, 0x2c, 0x00, 0xb2,
    0x07, 0x2c, 0x00, 0xaa, 0x05, 0xaf, 0x00, 0xaa, 0x07, 0x2c, 0x00, 0xab, 0x07, 0x2c, 0x00, 0xaa,
    0x07, 0x2c, 0x00, 0xaa, 0x07, 0x2c, 0x00, 0xaa, 0x07, 0x2c, 0x00, 0xaa, 0x07, 0x2c, 0x00, 0xaa,
    0x07, 0x2c, 0x00, 0xaa, 0x07, 0x2c, 0x00, 0xaa, 0x07, 0x2c, 0x00, 0xaa, 0x07, 0x2c, 0x00, 0xaa,
    0x07, 0x2c, 0x00, 0xaa, 0x07, 0x2c, 0x00, 0x87, 0x08, 0x57, 0x00, 0xaa, 0x08, 0x57, 0x00, 0xaa,
    0x08, 0x57, 0x00, 0xaa, 0x07, 0x2c, 0x00, 0xaa, 0x07, 0x2c, 0x02, 0xdd, 0x07, 0x2c, 0x00, 0xaa,
    0x04, 0xe9, 0x00, 0xaf, 0x05, 0xdc, 0x00, 0xaf, 0x05, 0xdc, 0x00, 0xaf, 0x07, 0x2c, 0x00, 0xa2,
    0x07, 0x2c, 0x01, 0x53, 0x07, 0x2c, 0x01, 0xc0, 0x07, 0x2c, 0x00, 0xf8, 0x07, 0x2c, 0x01, 0x04,
    0x07, 0x2c, 0x01, 0xec, 0x07, 0x2c, 0x00, 0x5d, 0x07, 0x2c, 0x00, 0xb7, 0x07, 0x2c, 0x00, 0xc0,
    0x07, 0x2c, 0x00, 0xe7, 0x07, 0x2c, 0x01, 0x1e, 0x07, 0x2c, 0x00, 0x6d, 0x07, 0x2c, 0x00, 0xab,
    0x07, 0x2c, 0x00, 0x45, 0x07, 0x2c, 0x00, 0xa9, 0x07, 0x2c, 0x00, 0xc0, 0x07, 0x2c, 0x00, 0xb0,
    0x07, 0x2c, 0x01, 0x41, 0x07, 0x2c, 0x00, 0xc9, 0x07, 0x2c, 0x00, 0xe2, 0x07, 0x2c, 0x01, 0x55,
    0x07, 0x2c, 0x01, 0xb6, 0x07, 0x2c, 0x01, 0x51, 0x07, 0x2c, 0x01, 0x30, 0x07, 0x2c, 0x00, 0xc9,
    0x07, 0x2c, 0x00, 0xe2, 0x07, 0x2c, 0x01, 0x55, 0x07, 0x2c, 0x01, 0xb6, 0x07, 0x2c, 0x01, 0x4c,
    0x07, 0x2c, 0x01, 0x30, 0x07, 0x2c, 0x01, 0x43, 0x07, 0x2c, 0x00, 0xb9, 0x07, 0x2c, 0x01, 0x58,
    0x07, 0x2c, 0x00, 0xe4, 0x07, 0x2c, 0x01, 0x42, 0x07, 0x2c, 0x00, 0xb6, 0x07, 0x2c, 0x01, 0x58,
    0x07, 0x2c, 0x00, 0xe4, 0x07, 0x2c, 0x00, 0xd8, 0x03, 0xc6, 0x00, 0xac, 0x05, 0x1b, 0x00, 0xac,
    0x07, 0x2c, 0x01, 0x78, 0x07, 0x2c, 0x00, 0xbc, 0x03, 0xc6, 0x00, 0xb5, 0x02, 0xdc, 0x00, 0xac,
    0x03, 0xdf, 0x00, 0xad, 0x05, 0xfc, 0x00, 0xac, 0x06, 0x20, 0x00, 0x84, 0x07, 0x2c, 0x00, 0xac,
    0x07, 0x2c, 0x00, 0x9c, 0x07, 0x2c, 0x00, 0x9c, 0x07, 0x2c, 0x00, 0x9c, 0x07, 0x2c, 0x00, 0x9c,
    0x07, 0x2c, 0x00, 0x9c, 0x07, 0x2c, 0x00, 0x9c, 0x07, 0x2c, 0x00, 0x9c, 0x07, 0x2c, 0x00, 0x9c,
    0x07, 0x2c, 0x00, 0xac, 0x07, 0x2c, 0x00, 0xaa, 0x07, 0x2c, 0x00, 0xaa, 0x07, 0x2c, 0x00, 0xaa,
    0x07, 0x2c, 0x01, 0x31, 0x06, 0xf4, 0x00, 0x96, 0x06, 0xf4, 0x00, 0x96, 0x06, 0xf4, 0x00, 0x96,
    0x06, 0xf4, 0x00, 0x96, 0x06, 0xf4, 0x00, 0x96, 0x06, 0xf4, 0x00, 0x96, 0x07, 0x2c, 0x00, 0xaa,
    0x07, 0x2c, 0x00, 0xaa, 0x07, 0x2c, 0x00, 0xaa, 0x07, 0x2c, 0x00, 0xaa, 0x07, 0x2c, 0x00, 0xaa,
    0x07, 0x2c, 0x00, 0xaa, 0x07, 0x2c, 0x00, 0xaa, 0x07, 0x2c, 0x00, 0xaa, 0x07, 0x2c, 0x00, 0xaa,
    0x07, 0x2c, 0x00, 0xaa, 0x07, 0x2c, 0x01, 0x58, 0x07, 0x2c, 0x01, 0x58, 0x07, 0x2c, 0x00, 0x6a,
    0x07, 0x2c, 0x00, 0xc6, 0x07, 0x2c, 0x01, 0x0d, 0x04, 0x54, 0x00, 0x7d, 0x07, 0x2c, 0x00, 0x79,
    0x07, 0x2c, 0x00, 0x7d, 0x07, 0x2c, 0x01, 0x29, 0x07, 0x2c, 0x00, 0xc2, 0x07, 0x2c, 0x01, 0x06,
    0x07, 0x2c, 0x01, 0x05, 0x07, 0x2c, 0x01, 0x05, 0x07, 0x2c, 0x00, 0xed, 0x07, 0x2c, 0x00, 0xed,
    0x07, 0x2c, 0x00, 0x64, 0x05, 0x9e, 0x00, 0xaa, 0x08, 0x09, 0x00, 0xaf, 0x08, 0xb7, 0x00, 0xa2,
    0x09, 0x66, 0x00, 0xaf, 0x07, 0x39, 0x00, 0xaf, 0x06, 0xb4, 0x01, 0x0d, 0x06, 0xb4, 0x00, 0xcf,
    0x06, 0xb4, 0x01, 0x80, 0x06, 0xb4, 0x00, 0x09, 0x06, 0xb4, 0x01, 0x7f, 0x06, 0xb4, 0x01, 0x7f,
    0x06, 0xb4, 0x01, 0xfa, 0x06, 0xb4, 0x01, 0x64, 0x06, 0xb4, 0x00, 0x54, 0x06, 0xb4, 0x00, 0x0a,
    0x06, 0xc0, 0x00, 0xd2, 0x06, 0xb4, 0x01, 0xb1, 0x05, 0xdc, 0x00, 0xaf, 0x05, 0xdc, 0x01, 0x59,
    0x05, 0xdc, 0x00, 0xb0, 0x05, 0xdc, 0x00, 0xb0, 0x06, 0xcc, 0x00, 0x78, 0x05, 0xdc, 0x01, 0x8e,
    0x05, 0xdc, 0x01, 0x44, 0x06, 0xb4, 0x00, 0x56, 0x06, 0xb4, 0x00, 0x56, 0x06, 0xb4, 0x00, 0x56,
    0x06, 0xb4, 0x00, 0x56, 0x05, 0xdc, 0x00, 0xaf, 0x06, 0xb4, 0x00, 0x16, 0x06, 0xb4, 0x00, 0x56,
    0x06, 0xb4, 0x00, 0x16, 0x06, 0xb4, 0x00, 0x49, 0x06, 0xb4, 0x00, 0x56, 0x06, 0xb4, 0x00, 0x56,
    0x06, 0xb4, 0x00, 0x78, 0x06, 0xb4, 0x00, 0x84, 0x06, 0xb4, 0x01, 0xb3, 0x06, 0xb4, 0x00, 0x2b,
    0x06, 0xb4, 0x00, 0xb6, 0x06, 0xb4, 0x00, 0x35, 0x06, 0xb4, 0x00, 0xb6, 0x06, 0xb4, 0x00, 0x58,
    0x06, 0xb4, 0x00, 0x8a, 0x06, 0xb4, 0x01, 0x33, 0x06, 0xb4, 0x00, 0xed, 0x06, 0xb4, 0x01, 0x03,
    0x06, 0xb4, 0x00, 0xaf, 0x06, 0xb4, 0x00, 0xf1, 0x06, 0xb4, 0x00, 0xfc, 0x06, 0xb4, 0x00, 0x70,
    0x06, 0xb4, 0x00, 0x70, 0x06, 0xb4, 0x00, 0x70, 0x06, 0xb4, 0x00, 0x70, 0x06, 0xb4, 0x01, 0x52,
    0x06, 0xb4, 0x01, 0x0c, 0x06, 0xb4, 0x01, 0x3e, 0x06, 0xb4, 0x00, 0x70, 0x06, 0xb4, 0x00, 0xbb,
    0x06, 0xb4, 0x00, 0x54, 0x06, 0xb4, 0x00, 0x56, 0x06, 0xb4, 0x00, 0x53, 0x06, 0xb4, 0x00, 0x54,
    0x06, 0xb4, 0x00, 0x57, 0x06, 0xb4, 0x00, 0x57, 0x06, 0xb4, 0x00, 0x2f, 0x06, 0xb4, 0x00, 0x56,
    0x06, 0xb4, 0x00, 0x30, 0x06, 0xb4, 0x00, 0x2f, 0x06, 0xb4, 0x00, 0x30, 0x06, 0xb4, 0x00, 0x30,
    0x06, 0xb4, 0x00, 0x30, 0x06, 0xb4, 0x00, 0x32, 0x06, 0xb4, 0x00, 0x84, 0x06, 0xb4, 0x00, 0x98,
    0x06, 0xb4, 0x00, 0x70, 0x06, 0xb4, 0x00, 0x40, 0x06, 0xb4, 0x00, 0x54, 0x06, 0xb4, 0x00, 0xbb,
    0x06, 0xb4, 0x00, 0x54, 0x06, 0xb4, 0x00, 0x54, 0x06, 0xb4, 0x00, 0x54, 0x06, 0xb4, 0x00, 0x70,
    0x06, 0xb4, 0x00, 0xa7, 0x06, 0xb4, 0x00, 0xa7, 0x06, 0xb4, 0x00, 0xa1, 0x06, 0xb4, 0x00, 0xa1,
    0x06, 0xb4, 0x00, 0x6e, 0x06, 0xb4, 0x00, 0x6e, 0x06, 0xb4, 0x00, 0x54, 0x06, 0xb4, 0x00, 0x56,
    0x06, 0xb4, 0x00, 0xa1, 0x06, 0xb4, 0x00, 0xb6, 0x06, 0xb4, 0x00, 0x9c, 0x06, 0xb4, 0x00, 0x82,
    0x06, 0xb4, 0x00, 0xa1, 0x06, 0xb4, 0x00, 0x61, 0x06, 0xb4, 0x00, 0x61, 0x06, 0xb4, 0x00, 0x54,
    0x06, 0xb4, 0x00, 0x54, 0x07, 0x2c, 0x00, 0x66, 0x07, 0x2c, 0x00, 0x7a, 0x07, 0x2c, 0x00, 0x7a,
    0x07, 0x2c, 0x00, 0x7a, 0x07, 0x2c, 0x00, 0x7a, 0x07, 0x2c, 0x00, 0xaa, 0x06, 0xb4, 0x03, 0x05,
    0x06, 0xb4, 0x02, 0xb0, 0x06, 0xb4, 0x02, 0x06, 0x02, 0x94, 0x00, 0xae, 0x02, 0x94, 0x00, 0x78,
    0x04, 0x4e, 0x00, 0xae, 0x04, 0x4e, 0x00, 0x78, 0x06, 0xb4, 0x01, 0x3e, 0x06, 0xb4, 0x01, 0x9e,
    0x06, 0xb4, 0x01, 0x4e, 0x06, 0xb4, 0x00, 0x6e, 0x06, 0xb4, 0x01, 0x58, 0x06, 0xb4, 0x00, 0x7e,
    0x06, 0xb4, 0x00, 0xa0, 0x06, 0xb4, 0x01, 0x91, 0x06, 0xb4, 0x01, 0x91, 0x06, 0xb4, 0x02, 0x1d,
    0x06, 0xb4, 0x02, 0x1d, 0x06, 0xb4, 0x01, 0xb9, 0x06, 0xb4, 0x01, 0xdb, 0x06, 0xb4, 0x01, 0x23,
    0x06, 0xb4, 0x01, 0x39, 0x06, 0xb4, 0x01, 0x55, 0x06, 0xb4, 0x01, 0x77, 0x06, 0xb4, 0x02, 0xc4,
    0x06, 0xb4, 0x02, 0x6c, 0x06, 0xb4, 0x01, 0x66, 0x06, 0xb4, 0x01, 0xa1, 0x07, 0x2c, 0x00, 0x98,
    0x07, 0x2c, 0x00, 0x98, 0x07, 0x2c, 0x00, 0x98, 0x07, 0x2c, 0x00, 0x98, 0x07, 0x2c, 0x00, 0x98,
    0x07, 0x2c, 0x00, 0x98, 0x07, 0x2c, 0x00, 0x98, 0x07, 0x2c, 0x00, 0x98, 0x07, 0x2c, 0x00, 0x98,
    0x07, 0x2c, 0x00, 0x98, 0x06, 0xb4, 0x00, 0x09, 0x06, 0xb4, 0x00, 0x09, 0x06, 0xb4, 0x00, 0x09,
    0x06, 0xb4, 0x00, 0x09, 0x06, 0xb4, 0x00, 0x09, 0x06, 0xb4, 0x00, 0x09, 0x06, 0xb4, 0x00, 0x09,
    0x06, 0xb4, 0x00, 0x09, 0x06, 0xb4, 0x00, 0x09, 0x06, 0xb4, 0x00, 0x09, 0x06, 0xb4, 0x00, 0x09,
    0x06, 0xb4, 0x00, 0x09, 0x06, 0xb4, 0x00, 0x09, 0x06, 0xb4, 0x00, 0x09, 0x06, 0xb4, 0x00, 0x09,
    0x06, 0xb4, 0x00, 0x09, 0x06, 0xb4, 0x00, 0x09, 0x06, 0xb4, 0x00, 0x09, 0x06, 0xb4, 0x00, 0x09,
    0x06, 0xb4, 0x00, 0x09, 0x06, 0xb4, 0x00, 0x75, 0x06, 0xb4, 0x00, 0xfc, 0x06, 0xb4, 0x00, 0x75,
    0x06, 0xb4, 0x00, 0xfc, 0x06, 0xb4, 0x00, 0x75, 0x06, 0xb4, 0x00, 0x75, 0x06, 0xb4, 0x00, 0x75,
    0x06, 0xb4, 0x00, 0x75, 0x06, 0xb4, 0x00, 0x75, 0x06, 0xb4, 0x00, 0x75, 0x06, 0xb4, 0x00, 0x75,
    0x06, 0xb4, 0x00, 0xe4, 0x06, 0xb4, 0x00, 0xe4, 0x06, 0xb4, 0x00, 0xe4, 0x06, 0xb4, 0x00, 0x75,
    0x06, 0xb4, 0x00, 0x75, 0x06, 0xb4, 0x01, 0xec, 0x06, 0xb4, 0x00, 0x75, 0x06, 0xb4, 0x00, 0x75,
    0x06, 0xb4, 0x00, 0x75, 0x06, 0xb4, 0x00, 0x2b, 0x06, 0xb4, 0x00, 0x2b, 0x06, 0xb4, 0x01, 0x15,
    0x06, 0xb4, 0x01, 0x15, 0x06, 0xb4, 0x00, 0x7f, 0x06, 0xb4, 0x00, 0x7f, 0x06, 0xb4, 0x01, 0x3c,
    0x06, 0xb4, 0x00, 0x82, 0x06, 0xb4, 0x00, 0xa5, 0x06, 0xb4, 0x00, 0x75, 0x06, 0xb4, 0x00, 0xa7,
    0x06, 0xb4, 0x00, 0xa7, 0x06, 0xb4, 0x00, 0x75, 0x06, 0xb4, 0x00, 0xa7, 0x06, 0xb4, 0x00, 0x73,
    0x06, 0xb4, 0x00, 0x96, 0x06, 0xb4, 0x00, 0xa2, 0x06, 0xb4, 0x00, 0xa2, 0x06, 0xb4, 0x00, 0x75,
    0x03, 0x1f, 0x00, 0x6e, 0x03, 0x1f, 0x00, 0x4f, 0x03, 0xf4, 0x00, 0x06, 0x03, 0xf6, 0x00, 0xb0,
    0x03, 0xf6, 0x00, 0xaf, 0x03, 0x1f, 0x00, 0xb7, 0x03, 0x1f, 0x00, 0xa4, 0x04, 0x73, 0x00, 0xb7,
    0x04, 0x73, 0x00, 0xa4, 0x06, 0xb4, 0x00, 0x5b, 0x06, 0xb4, 0x00, 0x59, 0x06, 0xb4, 0x00, 0x4f,
    0x06, 0xb4, 0x00, 0x4f, 0x09, 0x42, 0x00, 0x75, 0x0b, 0x78, 0x00, 0x64, 0x0b, 0x78, 0x00, 0x75,
    0x0b, 0x78, 0x00, 0x64, 0x0b, 0x78, 0x00, 0x64, 0x0b, 0x78, 0x00, 0x75, 0x0b, 0x78, 0x00, 0x64,
    0x0b, 0x78, 0x00, 0x64, 0x0b, 0x78, 0x00, 0x75, 0x0b, 0x78, 0x00, 0x64, 0x0b, 0x78, 0x00, 0x75,
    0x0b, 0x78, 0x00, 0x75, 0x05, 0xdc, 0x00, 0x00, 0x05, 0xdc, 0x01, 0x2c, 0x05, 0xdc, 0x01, 0x2c,
    0x05, 0xdc, 0x01, 0x2c, 0x05, 0xdc, 0x01, 0x2c, 0x05, 0xdc, 0x01, 0x2c, 0x05, 0xdc, 0x01, 0x2c,
    0x05, 0xdc, 0x01, 0x2c, 0x05, 0xdc, 0x03, 0x84, 0x05, 0xdc, 0x01, 0x2c, 0x05, 0xdc, 0x01, 0x2c,
    0x05, 0xdc, 0x01, 0x2c, 0x05, 0xdc, 0x01, 0x2c, 0x05, 0xdc, 0x01, 0x2c, 0x05, 0xdc, 0x01, 0x2c,
    0x05, 0xdc, 0x01, 0x2c, 0x05, 0xdc, 0x03, 0x84, 0x05, 0xdc, 0x01, 0x2c, 0x05, 0xdc, 0x01, 0x2c,
    0x05, 0xdc, 0x01, 0x2c, 0x05, 0xdc, 0x01, 0x2c, 0x05, 0xdc, 0x01, 0x2c, 0x05, 0xdc, 0x01, 0x2c,
    0x05, 0xdc, 0x01, 0x2c, 0x05, 0xdc, 0x03, 0x84, 0x05, 0xdc, 0x01, 0x2c, 0x05, 0xdc, 0x01, 0x2c,
    0x05, 0xdc, 0x01, 0x2c, 0x05, 0xdc, 0x01, 0x2c, 0x05, 0xdc, 0x01, 0x2c, 0x05, 0xdc, 0x01, 0x2c,
    0x05, 0xdc, 0x01, 0x2c, 0x05, 0xdc, 0x03, 0x84, 0x05, 0xdc, 0x01, 0x2c, 0x05, 0xdc, 0x01, 0x2c,
    0x05, 0xdc, 0x01, 0x2c, 0x05, 0xdc, 0x01, 0x2c, 0x05, 0xdc, 0x01, 0x2c, 0x05, 0xdc, 0x01, 0x2c,
    0x05, 0xdc, 0x01, 0x2c, 0x05, 0xdc, 0x03, 0x84, 0x05, 0xdc, 0x01, 0x2c, 0x05, 0xdc, 0x01, 0x2c,
    0x05, 0xdc, 0x01, 0x2c, 0x05, 0xdc, 0x01, 0x2c, 0x05, 0xdc, 0x01, 0x2c, 0x05, 0xdc, 0x01, 0x2c,
    0x05, 0xdc, 0x01, 0x2c, 0x05, 0xdc, 0x03, 0x84, 0x05, 0xdc, 0x01, 0x2c, 0x05, 0xdc, 0x01, 0x2c,
    0x05, 0xdc, 0x01, 0x2c, 0x05, 0xdc, 0x01, 0x2c, 0x05, 0xdc, 0x01, 0x2c, 0x05, 0xdc, 0x01, 0x2c,
    0x05, 0xdc, 0x01, 0x2c, 0x05, 0xdc, 0x03, 0x84, 0x05, 0xdc, 0x01, 0x2c, 0x05, 0xdc, 0x01, 0x2c,
    0x05, 0xdc, 0x01, 0x2c, 0x05, 0xdc, 0x01, 0x2c, 0x05, 0xdc, 0x01, 0x2c, 0x05, 0xdc, 0x01, 0x2c,
    0x05, 0xdc, 0x01, 0x2c, 0x05, 0xdc, 0x01, 0x2c, 0x05, 0xdc, 0x01, 0x2c, 0x05, 0xdc, 0x01, 0x2c,
    0x05, 0xdc, 0x01, 0x2c, 0x05, 0xdc, 0x01, 0x2c, 0x05, 0xdc, 0x01, 0x2c, 0x05, 0xdc, 0x01, 0x2c,
    0x05, 0xdc, 0x01, 0x2c, 0x05, 0xdc, 0x01, 0x2c, 0x05, 0xdc, 0x01, 0x2c, 0x05, 0xdc, 0x01, 0x2c,
    0x05, 0xdc, 0x01, 0x2c, 0x05, 0xdc, 0x01, 0x2c, 0x05, 0xdc, 0x01, 0x2c, 0x05, 0xdc, 0x01, 0x2c,
    0x05, 0xdc, 0x01, 0x2c, 0x05, 0xdc, 0x01, 0x2c, 0x05, 0xdc, 0x01, 0x2c, 0x05, 0xdc, 0x01, 0x2c,
    0x05, 0xdc, 0x01, 0x2c, 0x05, 0xdc, 0x01, 0x2c, 0x05, 0xdc, 0x01, 0x2c, 0x05, 0xdc, 0x01, 0x2c,
    0x05, 0xdc, 0x01, 0x2c, 0x05, 0xdc, 0x01, 0x2c, 0x05, 0xdc, 0x01, 0x2c, 0x05, 0xdc, 0x01, 0x2c,
    0x05, 0xdc, 0x01, 0x2c, 0x05, 0xdc, 0x01, 0x2c, 0x05, 0xdc, 0x01, 0x2c, 0x05, 0xdc, 0x01, 0x2c,
    0x05, 0xdc, 0x01, 0x2c, 0x05, 0xdc, 0x01, 0x2c, 0x05, 0xdc, 0x01, 0x2c, 0x05, 0xdc, 0x01, 0x2c,
    0x05, 0xdc, 0x01, 0x2c, 0x05, 0xdc, 0x01, 0x2c, 0x05, 0xdc, 0x01, 0x2c, 0x05, 0xdc, 0x01, 0x2c,
    0x05, 0xdc, 0x01, 0x2c, 0x05, 0xdc, 0x01, 0x2c, 0x05, 0xdc, 0x01, 0x2c, 0x05, 0xdc, 0x01, 0x2c,
    0x05, 0xdc, 0x01, 0x2c, 0x05, 0xdc, 0x01, 0x2c, 0x05, 0xdc, 0x01, 0x2c, 0x05, 0xdc, 0x01, 0x2c,
    0x05, 0xdc, 0x01, 0x2c, 0x05, 0xdc, 0x01, 0x2c, 0x05, 0xdc, 0x01, 0x2c, 0x05, 0xdc, 0x01, 0x2c,
    0x05, 0xdc, 0x01, 0x2c, 0x05, 0xdc, 0x01, 0x2c, 0x05, 0xdc, 0x01, 0x2c, 0x05, 0xdc, 0x01, 0x2c,
    0x05, 0xdc, 0x01, 0x2c, 0x05, 0xdc, 0x01, 0x2c, 0x05, 0xdc, 0x01, 0x2c, 0x05, 0xdc, 0x01, 0x2c,
    0x05, 0xdc, 0x01, 0x2c, 0x05, 0xdc, 0x01, 0x2c, 0x05, 0xdc, 0x01, 0x2c, 0x05, 0xdc, 0x01, 0x2c,
    0x05, 0xdc, 0x01, 0x2c, 0x05, 0xdc, 0x03, 0x84, 0x05, 0xdc, 0x01, 0x2c, 0x05, 0xdc, 0x01, 0x2c,
    0x05, 0xdc, 0x01, 0x2c, 0x05, 0xdc, 0x01, 0x2c, 0x05, 0xdc, 0x01, 0x2c, 0x05, 0xdc, 0x01, 0x2c,
    0x05, 0xdc, 0x01, 0x2c, 0x05, 0xdc, 0x03, 0x84, 0x05, 0xdc, 0x01, 0x2c, 0x05, 0xdc, 0x01, 0x2c,
    0x05, 0xdc, 0x01, 0x2c, 0x05, 0xdc, 0x01, 0x2c, 0x05, 0xdc, 0x01, 0x2c, 0x05, 0xdc, 0x01, 0x2c,
    0x05, 0xdc, 0x01, 0x2c, 0x05, 0xdc, 0x03, 0x84, 0x05, 0xdc, 0x01, 0x2c, 0x05, 0xdc, 0x01, 0x2c,
    0x05, 0xdc, 0x01, 0x2c, 0x05, 0xdc, 0x01, 0x2c, 0x05, 0xdc, 0x01, 0x2c, 0x05, 0xdc, 0x01, 0x2c,
    0x05, 0xdc, 0x01, 0x2c, 0x05, 0xdc, 0x03, 0x84, 0x05, 0xdc, 0x01, 0x2c, 0x05, 0xdc, 0x01, 0x2c,
    0x05, 0xdc, 0x01, 0x2c, 0x05, 0xdc, 0x01, 0x2c, 0x05, 0xdc, 0x01, 0x2c, 0x05, 0xdc, 0x01, 0x2c,
    0x05, 0xdc, 0x01, 0x2c, 0x05, 0xdc, 0x03, 0x84, 0x05, 0xdc, 0x01, 0x2c, 0x05, 0xdc, 0x01, 0x2c,
    0x05, 0xdc, 0x01, 0x2c, 0x05, 0xdc, 0x01, 0x2c, 0x05, 0xdc, 0x01, 0x2c, 0x05, 0xdc, 0x01, 0x2c,
    0x05, 0xdc, 0x01, 0x2c, 0x05, 0xdc, 0x03, 0x84, 0x05, 0xdc, 0x01, 0x2c, 0x05, 0xdc, 0x01, 0x2c,
    0x05, 0xdc, 0x01, 0x2c, 0x05, 0xdc, 0x01, 0x2c, 0x05, 0xdc, 0x01, 0x2c, 0x05, 0xdc, 0x01, 0x2c,
    0x05, 0xdc, 0x01, 0x2c, 0x05, 0xdc, 0x03, 0x84, 0x05, 0xdc, 0x01, 0x2c, 0x05, 0xdc, 0x01, 0x2c,
    0x05, 0xdc, 0x01, 0x2c, 0x05, 0xdc, 0x01, 0x2c, 0x05, 0xdc, 0x01, 0x2c, 0x05, 0xdc, 0x01, 0x2c,
    0x05, 0xdc, 0x01, 0x2c, 0x05, 0xdc, 0x03, 0x84, 0x05, 0xdc, 0x01, 0x2c, 0x05, 0xdc, 0x01, 0x2c,
    0x05, 0xdc, 0x01, 0x2c, 0x05, 0xdc, 0x01, 0x2c, 0x05, 0xdc, 0x01, 0x2c, 0x05, 0xdc, 0x01, 0x2c,
    0x05, 0xdc, 0x01, 0x2c, 0x05, 0xdc, 0x01, 0x2c, 0x05, 0xdc, 0x01, 0x2c, 0x05, 0xdc, 0x01, 0x2c,
    0x05, 0xdc, 0x01, 0x2c, 0x05, 0xdc, 0x01, 0x2c, 0x05, 0xdc, 0x01, 0x2c, 0x05, 0xdc, 0x01, 0x2c,
    0x05, 0xdc, 0x01, 0x2c, 0x05, 0xdc, 0x01, 0x2c, 0x05, 0xdc, 0x01, 0x2c, 0x05, 0xdc, 0x01, 0x2c,
    0x05, 0xdc, 0x01, 0x2c, 0x05, 0xdc, 0x01, 0x2c, 0x05, 0xdc, 0x01, 0x2c, 0x05, 0xdc, 0x01, 0x2c,
    0x05, 0xdc, 0x01, 0x2c, 0x05, 0xdc, 0x01, 0x2c, 0x05, 0xdc, 0x01, 0x2c, 0x05, 0xdc, 0x01, 0x2c,
    0x05, 0xdc, 0x01, 0x2c, 0x05, 0xdc, 0x01, 0x2c, 0x05, 0xdc, 0x01, 0x2c, 0x05, 0xdc, 0x01, 0x2c,
    0x05, 0xdc, 0x01, 0x2c, 0x05, 0xdc, 0x01, 0x2c, 0x05, 0xdc, 0x01, 0x2c, 0x05, 0xdc, 0x01, 0x2c,
    0x05, 0xdc, 0x01, 0x2c, 0x05, 0xdc, 0x01, 0x2c, 0x05, 0xdc, 0x01, 0x2c, 0x05, 0xdc, 0x01, 0x2c,
    0x05, 0xdc, 0x01, 0x2c, 0x05, 0xdc, 0x01, 0x2c, 0x05, 0xdc, 0x01, 0x2c, 0x05, 0xdc, 0x01, 0x2c,
    0x05, 0xdc, 0x01, 0x2c, 0x05, 0xdc, 0x01, 0x2c, 0x05, 0xdc, 0x01, 0x2c, 0x05, 0xdc, 0x01, 0x2c,
    0x05, 0xdc, 0x01, 0x2c, 0x05, 0xdc, 0x01, 0x2c, 0x05, 0xdc, 0x01, 0x2c, 0x05, 0xdc, 0x01, 0x2c,
    0x05, 0xdc, 0x01, 0x2c, 0x05, 0xdc, 0x01, 0x2c, 0x05, 0xdc, 0x01, 0x2c, 0x05, 0xdc, 0x01, 0x2c,
    0x05, 0xdc, 0x01, 0x2c, 0x05, 0xdc, 0x01, 0x2c, 0x05, 0xdc, 0x01, 0x2c, 0x05, 0xdc, 0x01, 0x2c,
    0x05, 0xdc, 0x01, 0x2c, 0x05, 0xdc, 0x01, 0x2c, 0x05, 0xdc, 0x01, 0x2c, 0x05, 0xdc, 0x01, 0x2c,
    0x05, 0xdc, 0x01, 0x2c, 0x05, 0xdc, 0x01, 0x2c, 0x05, 0xdc, 0x01, 0x2c, 0x05, 0xdc, 0x01, 0x2c,
    0x05, 0xdc, 0x01, 0x2c, 0x05, 0xdc, 0x01, 0x2c, 0x05, 0xdc, 0x01, 0x2c, 0x05, 0xdc, 0x01, 0x2c,
    0x05, 0xdc, 0x01, 0x2c, 0x06, 0xb4, 0x00, 0x64, 0x06, 0xb4, 0x00, 0x75, 0x06, 0xb4, 0x01, 0x00,
    0x06, 0xb4, 0x01, 0x00, 0x05, 0x77, 0x00, 0x4f, 0x05, 0x77, 0x00, 0x4f, 0x05, 0xdf, 0x01, 0x00,
    0x05, 0xdf, 0x01, 0x00, 0x06, 0xb4, 0x00, 0xd9, 0x08, 0x00, 0x00, 0xd9, 0x08, 0x00, 0x00, 0xd9,
    0x08, 0x00, 0x00, 0xd9, 0x08, 0x00, 0x00, 0xd9, 0x08, 0x00, 0x00, 0xd9, 0x08, 0x00, 0x00, 0xd9,
    0x08, 0x00, 0x00, 0xd9, 0x03, 0xf4, 0x00, 0x06, 0x06, 0xb4, 0x00, 0xd9, 0x06, 0xb4, 0x00, 0xd9,
    0x08, 0x00, 0x00, 0x3a, 0x08, 0x00, 0x00, 0x3a, 0x08, 0x00, 0x00, 0x3a, 0x0a, 0x9a, 0x00, 0x75,
    0x04, 0x2b, 0x00, 0x75, 0x04, 0x2b, 0x00, 0x75, 0x04, 0x2b, 0x00, 0x75, 0x04, 0x2b, 0x00, 0x75,
    0x04, 0x2b, 0x00, 0x75, 0x04, 0x2b, 0x00, 0x75, 0x04, 0x2b, 0x00, 0x75, 0x04, 0x2b, 0x00, 0x75,
    0x04, 0x2b, 0x00, 0x75, 0x04, 0x2b, 0x00, 0x75, 0x04, 0x2b, 0xff, 0xbe, 0x04, 0x2b, 0x00, 0x75,
    0x04, 0x2b, 0x00, 0x75, 0x04, 0x2b, 0x00, 0x75, 0x04, 0x2b, 0x00, 0x75, 0x04, 0x2b, 0x00, 0x6b,
    0x06, 0xb4, 0x01, 0x19, 0x06, 0xb4, 0x00, 0xd9, 0x06, 0xb4, 0x00, 0xd9, 0x06, 0xb4, 0x00, 0xd9,
    0x06, 0xb4, 0x00, 0xd9, 0x06, 0xb4, 0x00, 0xd9, 0x06, 0xb4, 0x00, 0xd9, 0x06, 0xb4, 0x00, 0xd9,
    0x06, 0xb4, 0x00, 0xd9, 0x06, 0xb4, 0x00, 0xd9, 0x06, 0xb4, 0x00, 0xd9, 0x06, 0xb4, 0x00, 0xd9,
    0x06, 0xb4, 0x00, 0xd9, 0x06, 0xb4, 0x00, 0xd9, 0x06, 0xb4, 0x00, 0xd9, 0x06, 0xb4, 0x00, 0xd9,
    0x06, 0xb4, 0x00, 0xd9, 0x06, 0xb4, 0x00, 0xd9, 0x06, 0xb4, 0x00, 0xd9, 0x06, 0xb4, 0x00, 0xd9,
    0x06, 0xb4, 0x00, 0xd9, 0x06, 0xb4, 0x00, 0xd9, 0x06, 0xb4, 0x00, 0xd9, 0x06, 0xb4, 0x00, 0xd9,
    0x06, 0xb4, 0x00, 0xd9, 0x06, 0xb4, 0x00, 0xd9, 0x06, 0xb4, 0x00, 0xd9, 0x06, 0xb4, 0x00, 0xd9,
    0x06, 0xb4, 0x00, 0xd9, 0x06, 0xb4, 0x00, 0xd9, 0x06, 0xb4, 0x00, 0xd9, 0x06, 0xb4, 0x00, 0xda,
    0x06, 0xb4, 0x00, 0xda, 0x06, 0xb4, 0x00, 0xd9, 0x06, 0xb4, 0x00, 0xd9, 0x06, 0xb4, 0x00, 0xd9,
    0x06, 0xb4, 0x00, 0xd9, 0x06, 0xb4, 0x00, 0xd9, 0x06, 0xb4, 0x00, 0xd9, 0x06, 0xb4, 0x00, 0xd9,
    0x06, 0xb4, 0x00, 0xd9, 0x06, 0xb4, 0x00, 0xd9, 0x06, 0xb4, 0x00, 0xd9, 0x06, 0xb4, 0x00, 0xd9,
    0x06, 0xb4, 0x00, 0xd9, 0x06, 0xb4, 0x00, 0xd9, 0x06, 0xb4, 0x00, 0xd9, 0x06, 0xb4, 0x00, 0xd9,
    0x06, 0xb4, 0x00, 0xd9, 0x06, 0xb4, 0x00, 0xd9, 0x06, 0xb4, 0x00, 0xd9, 0x06, 0xb4, 0x00, 0xd9,
    0x06, 0xb4, 0x00, 0xd9, 0x06, 0xb4, 0x00, 0xd9, 0x06, 0xb4, 0x00, 0xb5, 0x06, 0xb4, 0x01, 0x20,
    0x06, 0xb4, 0x00, 0xb5, 0x06, 0xb4, 0x01, 0x20, 0x06, 0xb4, 0x00, 0x37, 0x06, 0xb4, 0x00, 0x37,
    0x06, 0xb4, 0x01, 0x5e, 0x06, 0xb4, 0x01, 0x5e, 0x06, 0xb4, 0x00, 0xb5, 0x06, 0xb4, 0x01, 0x20,
    0x06, 0xb4, 0x00, 0xb5, 0x06, 0xb4, 0x01, 0x20, 0x06, 0xb4, 0x00, 0x37, 0x06, 0xb4, 0x01, 0x5e,
    0x06, 0xb0, 0x00, 0x75, 0x06, 0xb0, 0x00, 0x75, 0x06, 0xb0, 0x00, 0x48, 0x06, 0xb0, 0x00, 0x48,
    0x07, 0x8f, 0x00, 0xba, 0x07, 0x8f, 0x00, 0xba, 0x07, 0x8f, 0x00, 0xba, 0x07, 0x8f, 0x00, 0xba,
    0x06, 0x27, 0x00, 0x06, 0x06, 0x27, 0x00, 0x06, 0x06, 0x27, 0x00, 0x06, 0x06, 0x27, 0x00, 0x06,
    0x07, 0x8f, 0x00, 0xba, 0x06, 0xf4, 0x00, 0x24, 0x06, 0xf4, 0x00, 0x24, 0x06, 0xfc, 0x00, 0x96,
    0x06, 0xfc, 0x00, 0x96, 0x06, 0xfc, 0x00, 0x22, 0x08, 0xf4, 0x00, 0x70, 0x06, 0xf4, 0x00, 0x4d,
    0x06, 0xf4, 0x00, 0x4d, 0x04, 0x75, 0x00, 0x0a, 0x02, 0x39, 0x00, 0x0a, 0x04, 0x75, 0xff, 0xd7,
    0x04, 0xd3, 0x00, 0x0a, 0x05, 0x8f, 0x00, 0xc9, 0x04, 0xe7, 0x00, 0x48, 0x03, 0x23, 0xff, 0xe8,
    0x06, 0x04, 0x00, 0xc9, 0x05, 0x12, 0x00, 0xba, 0x05, 0x3f, 0x00, 0xc9, 0x04, 0xa2, 0x00, 0xba,
    0x05, 0x7b, 0x00, 0x5c, 0x04, 0x33, 0x00, 0x58, 0x06, 0x40, 0x00, 0x73, 0x06, 0xe7, 0x00, 0xc9,
    0x05, 0x79, 0x00, 0x10, 0x06, 0x40, 0x00, 0x73, 0x05, 0xe0, 0x00, 0x3d, 0x09, 0x06, 0x00, 0x44,
    0x07, 0xb1, 0x00, 0x56, 0x04, 0xbc, 0x00, 0x68, 0x05, 0x3c, 0x00, 0xc9, 0x04, 0x8b, 0x00, 0xc1,
    0x05, 0x47, 0x00, 0x70, 0x03, 0x50, 0x00, 0x00, 0x04, 0xe5, 0x00, 0x71, 0x03, 0xed, 0x00, 0x62,
    0x01, 0x66, 0xff, 0xe9, 0x03, 0x72, 0x00, 0x0a, 0x05, 0x14, 0x00, 0x87, 0x05, 0x7b, 0x00, 0x5c,
    0x04, 0xba, 0x00, 0x7b, 0x04, 0xc2, 0x00, 0x32, 0x04, 0x84, 0x00, 0x50, 0x04, 0xd0, 0x00, 0x7f,
    0x04, 0xb3, 0x00, 0x69, 0x07, 0x49, 0x00, 0x50, 0x05, 0x03, 0x00, 0x00, 0x07, 0x9d, 0x00, 0x6c,
    0x04, 0xc3, 0x00, 0x8e, 0x04, 0xdb, 0x00, 0x68, 0x07, 0xa1, 0x00, 0x50, 0x04, 0xf5, 0x00, 0x6d,
    0x04, 0xc3, 0x00, 0x50, 0x07, 0x69, 0x00, 0x68, 0x04, 0xc2, 0x00, 0x68, 0x06, 0x73, 0x00, 0x8e,
    0x07, 0x73, 0x00, 0x68, 0x04, 0xad, 0x00, 0x68, 0x04, 0xbd, 0x00, 0x66, 0x07, 0x63, 0x00, 0x68,
    0x07, 0x9f, 0x00, 0x7b, 0x06, 0x9f, 0x00, 0x64, 0x04, 0xc4, 0x00, 0x50, 0x04, 0xc2, 0x00, 0x68,
    0x04, 0xb8, 0x00, 0x68, 0x04, 0xbc, 0x00, 0x50, 0x04, 0xbc, 0x00, 0x56, 0x04, 0xf7, 0x00, 0x7a,
    0x07, 0x5d, 0x00, 0x50, 0x04, 0xb7, 0x00, 0x3c, 0x04, 0xb1, 0x00, 0x60, 0x04, 0xa6, 0x00, 0x46,
    0x07, 0x50, 0x00, 0x50, 0x04, 0xc4, 0x00, 0x64, 0x04, 0xc2, 0x00, 0x7a, 0x04, 0xbd, 0x00, 0x7c,
    0x05, 0x22, 0x00, 0x68, 0x07, 0x35, 0x00, 0x7a, 0x05, 0x2c, 0x00, 0x71, 0x07, 0x1a, 0x00, 0x73,
    0x07, 0x1a, 0x00, 0x73, 0x05, 0x75, 0x00, 0x40, 0x05, 0x78, 0x00, 0x43, 0x05, 0x15, 0x00, 0x40,
    0x04, 0x7e, 0x00, 0x96, 0x05, 0x79, 0x00, 0x10, 0x05, 0x79, 0x00, 0x10, 0x05, 0x0e, 0x00, 0xc9,
    0x05, 0x0e, 0x00, 0x83, 0x05, 0x76, 0x00, 0x96, 0x06, 0xff, 0x00, 0xdb, 0x05, 0x7b, 0x00, 0x5c,
    0x03, 0xed, 0x00, 0x96, 0x05, 0x7b, 0x00, 0x5c, 0x07, 0x1a, 0x00, 0x73, 0x07, 0x1a, 0x00, 0x73,
    0x02, 0x67, 0x00, 0x96, 0x05, 0x04, 0x00, 0x29, 0x06, 0x04, 0x00, 0xc9, 0x05, 0x3f, 0x00, 0x3e,
    0x04, 0x38, 0x00, 0x96, 0x05, 0x7b, 0x00, 0x5c, 0x05, 0x28, 0x00, 0x96, 0x05, 0x0e, 0x00, 0xc9,
    0x04, 0x05, 0x00, 0x6f, 0x07, 0x9f, 0x00, 0x6f, 0x06, 0x3a, 0x00, 0x6f, 0x05, 0xfc, 0x00, 0xc9,
    0x04, 0xf7, 0x00, 0xcc, 0x02, 0x5c, 0x00, 0xc9, 0x06, 0x3a, 0x00, 0x6f, 0x02, 0x5c, 0x00, 0xc9,
    0x06, 0x04, 0x00, 0x9f, 0x05, 0x10, 0x00, 0x63, 0x07, 0x1a, 0x00, 0x73, 0x07, 0x1a, 0x00, 0x73,
    0x06, 0x04, 0x00, 0xc9, 0x02, 0x90, 0x00, 0xc9, 0x05, 0xfe, 0x00, 0x96, 0x07, 0x1a, 0x00, 0x73,
    0x07, 0x1a, 0x00, 0x73, 0x05, 0x96, 0x00, 0x73, 0x06, 0x24, 0x00, 0x64, 0x05, 0x7b, 0x00, 0x3d,
    0x05, 0x96, 0x00, 0x73, 0x04, 0xfa, 0x00, 0xc9, 0x05, 0x79, 0x00, 0x10, 0x06, 0x04, 0x00, 0xc9,
    0x05, 0x0e, 0x00, 0xc9, 0x06, 0x4e, 0x00, 0x73, 0x04, 0x89, 0x00, 0xc9, 0x06, 0x4e, 0x00, 0x73,
    0x04, 0x1f, 0x00, 0x36, 0x04, 0x3f, 0x00, 0x8f, 0x06, 0xb4, 0x00, 0xd9, 0x03, 0x1f, 0x00, 0xb0,
    0x03, 0x1f, 0x00, 0xc7, 0x03, 0x1f, 0x00, 0xb0, 0x03, 0x1f, 0x00, 0xc7, 0x04, 0x3f, 0x00, 0x93,
    0x07, 0x2c, 0x00, 0xaa, 0x07, 0x2c, 0x00, 0xaa, 0x07, 0x2c, 0x00, 0xaa, 0x07, 0x2c, 0x00, 0xaa,
    0x07, 0x2c, 0x00, 0xaa, 0x07, 0x2c, 0x00, 0xaa, 0x07, 0x2c, 0x00, 0xaa, 0x07, 0x2c, 0x00, 0xaa,
    0x07, 0x2c, 0x00, 0xaa, 0x07, 0x2c, 0x00, 0xaa, 0x07, 0x2c, 0x00, 0xaa, 0x07, 0x2c, 0x00, 0xaa,
    0x07, 0x2c, 0x00, 0xaa, 0x07, 0x2c, 0x00, 0xaa, 0x07, 0x2c, 0x00, 0xaa, 0x07, 0x2c, 0x00, 0xaa,
    0x07, 0x2c, 0x00, 0xaa, 0x07, 0x2c, 0x00, 0xaa, 0x07, 0x2c, 0x00, 0xaa, 0x07, 0x2c, 0x00, 0xaa,
    0x07, 0x2c, 0x00, 0xaa, 0x07, 0x2c, 0x00, 0xaa, 0x07, 0x2c, 0x00, 0xaa, 0x07, 0x2c, 0x00, 0xaa,
    0x07, 0x2c, 0x00, 0xaa, 0x07, 0x2c, 0x00, 0xaa, 0x07, 0x2c, 0x00, 0xaa, 0x07, 0x2c, 0x00, 0xaa,
    0x07, 0x2c, 0x00, 0xaa, 0x07, 0x2c, 0x00, 0xaa, 0x07, 0x2c, 0x00, 0xaa, 0x07, 0x2c, 0x00, 0xaa,
    0x07, 0x2c, 0x00, 0xaa, 0x07, 0x2c, 0x00, 0xaa, 0x07, 0x2c, 0x00, 0xaa, 0x07, 0x2c, 0x00, 0xaa,
    0x07, 0x2c, 0x00, 0xaa, 0x07, 0x2c, 0x00, 0xaa, 0x07, 0x2c, 0x00, 0xaa, 0x07, 0x2c, 0x00, 0xaa,
    0x07, 0x2c, 0x00, 0xaa, 0x07, 0x2c, 0x00, 0xaa, 0x07, 0x2c, 0x00, 0xaa, 0x07, 0x2c, 0x00, 0xaa,
    0x07, 0x2c, 0x00, 0xaa, 0x07, 0x2c, 0x00, 0xaa, 0x07, 0x2c, 0x00, 0xaa, 0x07, 0x2c, 0x00, 0xaa,
    0x07, 0x2c, 0x00, 0xaa, 0x07, 0x2c, 0x00, 0xaa, 0x07, 0x2c, 0x00, 0xaa, 0x07, 0x2c, 0x00, 0xaa,
    0x07, 0x2c, 0x00, 0xaa, 0x07, 0x2c, 0x00, 0xaa, 0x07, 0x2c, 0x00, 0xaa, 0x07, 0x2c, 0x00, 0xaa,
    0x07, 0x2c, 0x00, 0xaa, 0x07, 0x2c, 0x00, 0xaa, 0x07, 0x2c, 0x00, 0xaa, 0x07, 0x2c, 0x00, 0xaa,
    0x07, 0x2c, 0x00, 0xaa, 0x07, 0x2c, 0x00, 0xaa, 0x07, 0x2c, 0x00, 0xaa, 0x07, 0x2c, 0x00, 0xaa,
    0x05, 0x7d, 0x00, 0xc9, 0x04, 0xd3, 0x00, 0xc9, 0x04, 0xd3, 0x00, 0x46, 0x06, 0x29, 0x00, 0xc9,
    0x04, 0xe3, 0xff, 0xfa, 0x04, 0xe3, 0xff, 0xfa, 0x06, 0x33, 0x00, 0x73, 0x05, 0x3f, 0x00, 0xc9,
    0x05, 0x3f, 0xff, 0xd5, 0x04, 0x18, 0x00, 0x00, 0x05, 0x96, 0x00, 0x73, 0x05, 0xa0, 0x00, 0x73,
    0x05, 0x7b, 0x00, 0x5c, 0x04, 0x9a, 0x00, 0xc9, 0x04, 0x9a, 0x00, 0xc9, 0x06, 0xe7, 0x00, 0xc9,
    0x05, 0xfc, 0x00, 0xc9, 0x04, 0x75, 0x00, 0xc9, 0x05, 0x14, 0x00, 0x87, 0x05, 0x8f, 0x00, 0xc9,
    0x05, 0x8f, 0x00, 0x3b, 0x05, 0x79, 0x00, 0x10, 0x05, 0x79, 0x00, 0x10, 0x06, 0x04, 0x00, 0xc9,
    0x06, 0x33, 0x00, 0xa3, 0x04, 0x18, 0x00, 0xc9, 0x07, 0xe9, 0x00, 0x44, 0x05, 0x7b, 0x00, 0x3d,
    0x04, 0xe3, 0xff, 0xfc, 0x05, 0x7d, 0x00, 0x91, 0x05, 0x79, 0x00, 0x10, 0x05, 0x79, 0x00, 0x10,
    0x05, 0x0e, 0x00, 0xc9, 0x05, 0x0e, 0x00, 0x83, 0x02, 0x5c, 0x00, 0xc9, 0x06, 0x4c, 0x00, 0x73,
    0x05, 0xdb, 0x00, 0xb2, 0x05, 0xdb, 0x00, 0xb2, 0x04, 0x75, 0x00, 0x08, 0x06, 0x23, 0x00, 0x73,
    0x02, 0x66, 0x00, 0xaf, 0x02, 0x66, 0x00, 0x92, 0x04, 0xc5, 0x00, 0xaf, 0x04, 0xc5, 0x00, 0xaf,
    0x02, 0x66, 0x00, 0x92, 0x02, 0x66, 0x00, 0xaf, 0x04, 0xb4, 0x00, 0xaf, 0x04, 0xb4, 0x00, 0xaf,
    0x05, 0x14, 0x00, 0x72, 0x04, 0x2b, 0x00, 0x64, 0x02, 0xd4, 0x00, 0xc9, 0x02, 0xb5, 0x00, 0xa6,
    0x09, 0x70, 0x00, 0x76, 0x08, 0x39, 0x00, 0x98, 0x08, 0x3b, 0x00, 0x3c, 0x07, 0x40, 0x00, 0x3e,
    0x08, 0xa3, 0x00, 0x73, 0x06, 0xbc, 0x00, 0x70, 0x07, 0xd0, 0x00, 0xd3, 0x06, 0xbe, 0x00, 0xc1,
    0x08, 0x7f, 0x00, 0x65, 0x07, 0x4b, 0x00, 0x6b, 0x08, 0x88, 0x00, 0x54, 0x07, 0x35, 0x00, 0x4c,
    0x09, 0x6d, 0x00, 0xc9, 0x08, 0x10, 0x00, 0xba, 0x06, 0x4c, 0x00, 0x73, 0x04, 0xe5, 0x00, 0x71,
    0x06, 0xd8, 0x00, 0x73, 0x05, 0xb3, 0x00, 0x71, 0x0a, 0xdd, 0x00, 0x73, 0x08, 0x26, 0x00, 0x71,
    0x07, 0x08, 0x00, 0x3a, 0x06, 0x42, 0xff, 0xfa, 0x05, 0x7a, 0x00, 0x3c, 0x04, 0xe3, 0xff, 0xfa,
    0x04, 0xa9, 0x00, 0x3c, 0x05, 0x7c, 0x00, 0xaf, 0x05, 0x12, 0x00, 0xba, 0x0a, 0xdd, 0x00, 0x73,
    0x08, 0x26, 0x00, 0x71, 0x03, 0xf2, 0x00, 0xd6, 0x03, 0xf2, 0x00, 0xd6, 0x03, 0xf2, 0x00, 0xd6,
    0x03, 0xf2, 0x00, 0xd6, 0x03, 0xf2, 0x00, 0xd6, 0x03, 0xf2, 0x00, 0xd6, 0x03, 0xf2, 0x00, 0xd6,
    0x03, 0xf2, 0x00, 0xd6, 0x03, 0xf2, 0x00, 0xd6, 0x03, 0xf2, 0x00, 0xd6, 0x03, 0xf2, 0x00, 0xd6,
    0x03, 0xf2, 0x00, 0xd6, 0x03, 0xf2, 0x00, 0xd6, 0x03, 0xf2, 0x00, 0xd6, 0x03, 0xf2, 0x00, 0xd6,
    0x02, 0xf4, 0x00, 0x66, 0x02, 0xf4, 0x00, 0x66, 0x02, 0x05, 0x00, 0xc3, 0x02, 0x05, 0x00, 0xc3,
    0x02, 0x05, 0x00, 0xc3, 0x03, 0x15, 0x00, 0x89, 0x02, 0xd9, 0x00, 0x89, 0x03, 0xc6, 0x00, 0x73,
    0x03, 0xc6, 0x00, 0x73, 0x06, 0x04, 0x00, 0xc9, 0x05, 0x12, 0x00, 0xba, 0x07, 0x06, 0xff, 0xfa,
    0x05, 0xad, 0x00, 0x37, 0x04, 0xea, 0x00, 0xa4, 0x04, 0x53, 0x00, 0x85, 0x03, 0xed, 0x00, 0xba,
    0x04, 0x2b, 0x00, 0x6f, 0x09, 0xff, 0x00, 0x10, 0x07, 0xe1, 0x00, 0x7b, 0x09, 0xa0, 0x00, 0x10,
    0x07, 0xeb, 0x00, 0x7b, 0x09, 0x23, 0x00, 0x10, 0x07, 0xd9, 0x00, 0x7b, 0x07, 0xc5, 0x00, 0x10,
    0x06, 0x8b, 0x00, 0x7b, 0x07, 0xc5, 0x00, 0x10, 0x06, 0x8b, 0x00, 0x7b, 0x07, 0xac, 0x00, 0x10,
    0x06, 0x8b, 0x00, 0x7b, 0x05, 0xa0, 0x00, 0x73, 0x04, 0x65, 0x00, 0x7f, 0x05, 0x3f, 0x00, 0x0a,
    0x04, 0xaa, 0x00, 0x0e, 0x05, 0x71, 0x00, 0xc9, 0x03, 0x23, 0x00, 0xc1, 0x04, 0xa7, 0x00, 0x53,
    0x03, 0x6a, 0x00, 0x78, 0x06, 0x74, 0x00, 0x0a, 0x05, 0xa2, 0x00, 0x0a, 0x0a, 0xdd, 0x00, 0x73,
    0x08, 0x26, 0x00, 0x71, 0x04, 0xd3, 0x00, 0x0a, 0x05, 0x14, 0xff, 0xfb, 0x05, 0xdf, 0x00, 0x32,
    0x06, 0x32, 0x00, 0x32, 0x06, 0x4c, 0x00, 0x73, 0x05, 0x14, 0x00, 0x71, 0x04, 0xd7, 0x00, 0x0a,
    0x05, 0x14, 0xff, 0xfb, 0x04, 0xd7, 0x00, 0x0a, 0x05, 0x14, 0xff, 0xfb, 0x04, 0x75, 0x00, 0x0b,
    0x02, 0x39, 0x00, 0xc1, 0x05, 0xe2, 0x00, 0xc9, 0x05, 0x12, 0x00, 0xba, 0x02, 0xb2, 0x00, 0xf0,
    0x03, 0x02, 0x00, 0xa0, 0x03, 0x35, 0x01, 0x35, 0x02, 0x33, 0x00, 0xc5, 0x05, 0x7c, 0x00, 0xaf,
    0x03, 0xe6, 0x00, 0x4d, 0x06, 0x2e, 0x00, 0xc9, 0x05, 0x55, 0x00, 0xba, 0x06, 0x33, 0x00, 0x04,
    0x05, 0x14, 0x00, 0x04, 0x05, 0x3f, 0x00, 0x04, 0x04, 0xa2, 0x00, 0x04, 0x05, 0xfc, 0x00, 0x04,
    0x05, 0x12, 0x00, 0x04, 0x05, 0x8f, 0x00, 0x04, 0x03, 0x4a, 0x00, 0x04, 0x05, 0x14, 0x00, 0x04,
    0x04, 0x2b, 0x00, 0x04, 0x06, 0x68, 0xff, 0x97, 0x04, 0x9d, 0x00, 0x7f, 0x05, 0x27, 0x00, 0x47,
    0x07, 0x52, 0x00, 0xba, 0x04, 0x9a, 0x00, 0x77, 0x04, 0xd3, 0x00, 0x46, 0x06, 0xe7, 0x00, 0xc9,
    0x02, 0x5c, 0x00, 0xc9, 0x09, 0x98, 0x00, 0x44, 0x01, 0xb5, 0x00, 0xc2, 0x01, 0xe7, 0x00, 0x8d,
    0x02, 0x0e, 0x00, 0x6e, 0x02, 0x1c, 0x00, 0x60, 0x02, 0x23, 0x00, 0x5a, 0x01, 0xe7, 0x00, 0x8d,
    0x01, 0xb5, 0x00, 0xc2, 0x01, 0xe7, 0x00, 0x8d, 0x02, 0x0e, 0x00, 0x6e, 0x02, 0x1c, 0x00, 0x60,
    0x02, 0x0e, 0x00, 0x6e, 0x01, 0xe7, 0x00, 0x8d, 0x01, 0xb5, 0x00, 0xc2, 0x01, 0xe7, 0x00, 0x8d,
    0x02, 0x0e, 0x00, 0x6e, 0x02, 0x1c, 0x00, 0x60, 0x02, 0x0e, 0x00, 0x6e, 0x01, 0xe7, 0x00, 0x8d,
    0x01, 0xb5, 0x00, 0xc2, 0x01, 0xe7, 0x00, 0x8d, 0x02, 0x23, 0x00, 0x5a, 0x02, 0x1c, 0x00, 0x60,
    0x02, 0x0e, 0x00, 0x6e, 0x01, 0xe7, 0x00, 0x8d, 0x01, 0xb5, 0x00, 0xc2, 0x02, 0x33, 0x00, 0xd6,
    0x07, 0xd0, 0x00, 0x96, 0x07, 0xd0, 0x00, 0x96, 0x07, 0xd0, 0x00, 0x96, 0x07, 0xd0, 0x00, 0x96,
    0x04, 0xa4, 0x00, 0x6e, 0x04, 0xa4, 0x00, 0x6e, 0x04, 0xfd, 0x00, 0x6e, 0x07, 0x1d, 0x00, 0x6e,
    0x04, 0xae, 0x00, 0x6f, 0x04, 0xa4, 0x00, 0x6e, 0x05, 0x39, 0x00, 0x6e, 0x07, 0x0e, 0x00, 0x6e,
    0x04, 0x71, 0x00, 0x6e, 0x04, 0xa4, 0x00, 0x6e, 0x09, 0x59, 0x00, 0x6e, 0x04, 0xb6, 0x00, 0x6e,
    0x04, 0xb8, 0x00, 0x82, 0x06, 0xf4, 0x00, 0x6e, 0x04, 0xa4, 0x00, 0x6e, 0x04, 0xb7, 0x00, 0x6e,
    0x07, 0x4f, 0x00, 0x6e, 0x04, 0xb8, 0x00, 0x82, 0x05, 0xd9, 0x00, 0x6e, 0x04, 0xaa, 0x00, 0x32,
    0x06, 0xfa, 0x00, 0x6e, 0x04, 0xb7, 0x00, 0x6e, 0x07, 0x29, 0x00, 0x6e, 0x04, 0xb6, 0x00, 0x6e,
    0x04, 0xb6, 0x00, 0x6e, 0x04, 0xb9, 0x00, 0x83, 0x05, 0x31, 0x00, 0x70, 0x04, 0xb6, 0x00, 0x6e,
    0x04, 0xb7, 0x00, 0x83, 0x04, 0xca, 0x00, 0x6e, 0x04, 0xb8, 0x00, 0x82, 0x04, 0x21, 0x00, 0x32,
    0x04, 0xa3, 0x00, 0x6e, 0x04, 0xac, 0x00, 0x78, 0x04, 0xa4, 0x00, 0x6e, 0x04, 0xa4, 0x00, 0x6e,
    0x04, 0xa5, 0x00, 0x6e, 0x05, 0x1b, 0x00, 0x6e, 0x07, 0xa4, 0x00, 0x6e, 0x07, 0x73, 0x00, 0x7a,
    0x06, 0x77, 0x00, 0x64, 0x04, 0x10, 0x00, 0x64, 0x04, 0x10, 0x00, 0x64, 0x04, 0x10, 0x00, 0x64,
    0x04, 0x10, 0x00, 0x64, 0x04, 0x10, 0x00, 0x64, 0x04, 0x10, 0x00, 0x64, 0x04, 0x10, 0x00, 0x64,
    0x04, 0x10, 0x00, 0x64, 0x04, 0x10, 0x00, 0x64, 0x04, 0x10, 0x00, 0x64, 0x04, 0x24, 0x00, 0x64,
    0x04, 0x24, 0x00, 0x64, 0x04, 0x24, 0x00, 0x64, 0x06, 0x4b, 0x00, 0x64, 0x06, 0x4b, 0x00, 0x64,
    0x06, 0x4b, 0x00, 0x64, 0x06, 0x4b, 0x00, 0x64, 0x06, 0x4b, 0x00, 0x64, 0x04, 0x5f, 0x00, 0x3c,
    0x04, 0x5f, 0x00, 0x3c, 0x04, 0x5f, 0x00, 0x3c, 0x04, 0x5f, 0x00, 0x3c, 0x04, 0x5f, 0x00, 0x3c,
    0x04, 0x5f, 0x00, 0x3c, 0x04, 0xe5, 0x00, 0x71, 0x05, 0x83, 0x00, 0x2f, 0x05, 0x0a, 0x00, 0x2f,
    0x05, 0x0a, 0x00, 0x2f, 0x07, 0xbc, 0x00, 0x2f, 0x07, 0xbc, 0x00, 0x2f, 0x05, 0x7d, 0x00, 0x2f,
    0x06, 0xe3, 0x00, 0x6f, 0x09, 0x9d, 0x00, 0xab, 0x09, 0x9d, 0x00, 0xae, 0x09, 0x91, 0x00, 0xae,
    0x09, 0x7d, 0x00, 0xae, 0x0c, 0x3c, 0x00, 0xae, 0x01, 0xca, 0x00, 0x88, 0x00, 0x00, 0x01, 0x56,
    0x02, 0xa5, 0x00, 0x4a, 0x05, 0x16, 0x00, 0x4e, 0x06, 0xd9, 0x00, 0xae, 0x06, 0x31, 0x00, 0x58,
    0x07, 0x3f, 0x00, 0xba, 0x06, 0x2c, 0x00, 0x58, 0x06, 0xbf, 0x00, 0x58, 0x06, 0xd7, 0x00, 0xba,
    0x06, 0x75, 0x00, 0x58, 0x07, 0x01, 0x00, 0x60, 0x06, 0xb4, 0x00, 0xd9, 0x05, 0xab, 0x00, 0x58,
    0x05, 0xab, 0x00, 0x4e, 0x05, 0xab, 0x00, 0x58, 0x05, 0xab, 0x00, 0x58, 0x05, 0x59, 0x00, 0xba,
    0x05, 0x59, 0x00, 0xba, 0x05, 0x59, 0x00, 0xba, 0x04, 0xa0, 0x00, 0x58, 0x03, 0x4c, 0x00, 0x58,
    0x04, 0x5e, 0x00, 0x58, 0x05, 0x3a, 0x00, 0xba, 0x02, 0xd8, 0x00, 0x59, 0x03, 0x3f, 0x00, 0x59,
    0x05, 0x30, 0x00, 0xb9, 0x02, 0xa4, 0x00, 0x59, 0x04, 0x4c, 0x00, 0x58, 0x04, 0x3b, 0x00, 0x58,
    0x04, 0x8c, 0x00, 0x58, 0x05, 0x6f, 0x00, 0x58, 0x03, 0x32, 0x00, 0x58, 0x05, 0x31, 0x00, 0xb9,
    0x05, 0x1e, 0x00, 0xba, 0x04, 0xff, 0x00, 0xba, 0x04, 0xbf, 0x00, 0x58, 0x05, 0xad, 0x00, 0xba,
    0x04, 0x84, 0x00, 0x58, 0x05, 0xab, 0x00, 0x58, 0x05, 0x42, 0x00, 0x14, 0x02, 0x2e, 0x00, 0xba,
    0x04, 0xa0, 0x00, 0x58, 0x04, 0x3b, 0x00, 0x58, 0x04, 0xff, 0x00, 0xba, 0x05, 0x08, 0x00, 0x58,
    0x07, 0x88, 0x00, 0x82, 0x07, 0xdb, 0x00, 0x82, 0x02, 0x3a, 0xff, 0xec, 0x02, 0x6a, 0xff, 0xec,
    0x07, 0x88, 0x00, 0x82, 0x07, 0xdb, 0x00, 0x82, 0x02, 0x3a, 0xff, 0xec, 0x02, 0x6a, 0xff, 0xec,
    0x07, 0x88, 0x00, 0x82, 0x07, 0xdb, 0x00, 0x82, 0x02, 0x3a, 0xff, 0xec, 0x02, 0x6a, 0xff, 0xec,
    0x07, 0x88, 0x00, 0x82, 0x07, 0xdb, 0x00, 0x82, 0x02, 0x3a, 0xff, 0xec, 0x02, 0x6a, 0xff, 0xec,
    0x07, 0x88, 0x00, 0x82, 0x07, 0xdb, 0x00, 0x82, 0x02, 0x3a, 0xff, 0xec, 0x02, 0x6a, 0xff, 0xec,
    0x07, 0x88, 0x00, 0x82, 0x07, 0xdb, 0x00, 0x82, 0x02, 0x3a, 0xff, 0xec, 0x02, 0x6a, 0xff, 0xec,
    0x08, 0x4b, 0x00, 0x82, 0x08, 0x48, 0x00, 0x82, 0x03, 0xd3, 0xff, 0xec, 0x04, 0x0c, 0xff, 0xec,
    0x08, 0x4b, 0x00, 0x82, 0x08, 0x48, 0x00, 0x82, 0x03, 0xd3, 0xff, 0xec, 0x04, 0x0c, 0xff, 0xec,
    0x05, 0x2a, 0x00, 0x9d, 0x05, 0x2a, 0x00, 0x9d, 0x04, 0xf2, 0xff, 0xec, 0x05, 0x2a, 0xff, 0xec,
    0x05, 0x2a, 0x00, 0x9d, 0x05, 0x2a, 0x00, 0x9d, 0x04, 0xf2, 0xff, 0xec, 0x05, 0x2a, 0xff, 0xec,
    0x05, 0x2a, 0x00, 0x9d, 0x05, 0x2a, 0x00, 0x9d, 0x04, 0xf2, 0xff, 0xec, 0x05, 0x2a, 0xff, 0xec,
    0x05, 0x2a, 0x00, 0x9d, 0x05, 0x2a, 0x00, 0x9d, 0x04, 0xf2, 0xff, 0xec, 0x05, 0x2a, 0xff, 0xec,
    0x03, 0x90, 0x00, 0x7d, 0x04, 0x33, 0x00, 0x7d, 0x03, 0x90, 0x00, 0x7d, 0x04, 0x33, 0x00, 0x7d,
    0x03, 0x90, 0x00, 0x7d, 0x04, 0x33, 0x00, 0x7d, 0x03, 0x90, 0x00, 0x7d, 0x04, 0x33, 0x00, 0x7d,
    0x03, 0xdd, 0xff, 0xab, 0x04, 0x6a, 0xff, 0xab, 0x03, 0xdd, 0xff, 0xab, 0x04, 0x6a, 0xff, 0xab,
    0x07, 0x29, 0x00, 0x82, 0x07, 0x29, 0x00, 0x82, 0x03, 0xcf, 0xff, 0xec, 0x04, 0x6b, 0xff, 0xec,
    0x07, 0x29, 0x00, 0x82, 0x07, 0x29, 0x00, 0x82, 0x03, 0xcf, 0xff, 0xec, 0x04, 0x6b, 0xff, 0xec,
    0x07, 0x29, 0x00, 0x82, 0x07, 0x29, 0x00, 0x82, 0x03, 0xcf, 0xff, 0xec, 0x04, 0x6b, 0xff, 0xec,
    0x07, 0x29, 0x00, 0x82, 0x07, 0x29, 0x00, 0x82, 0x03, 0xcf, 0xff, 0xec, 0x04, 0x6b, 0xff, 0xec,
    0x05, 0xe0, 0x00, 0x93, 0x06, 0x17, 0x00, 0x93, 0x05, 0xe0, 0x00, 0x93, 0x06, 0x17, 0x00, 0x93,
    0x02, 0x3a, 0xff, 0xec, 0x02, 0x6a, 0xff, 0xec, 0x05, 0x96, 0x00, 0x90, 0x05, 0x0e, 0x00, 0x90,
    0x04, 0x38, 0xff, 0xec, 0x03, 0xb0, 0xff, 0xec, 0x06, 0x98, 0x00, 0x90, 0x06, 0xbe, 0x00, 0x90,
    0x03, 0xcf, 0xff, 0xec, 0x04, 0x6b, 0xff, 0xec, 0x03, 0xdd, 0xff, 0xab, 0x04, 0x22, 0xff, 0xab,
    0x03, 0xdd, 0xff, 0xab, 0x04, 0x22, 0xff, 0xab, 0x03, 0xdd, 0xff, 0xab, 0x04, 0x22, 0xff, 0xab,
    0x03, 0xdd, 0xff, 0xab, 0x04, 0x22, 0xff, 0xab, 0x06, 0x43, 0x00, 0x82, 0x06, 0xab, 0x00, 0x82,
    0x02, 0x3a, 0xff, 0xec, 0x02, 0x6a, 0xff, 0xec, 0x02, 0x3a, 0xff, 0xec, 0x02, 0x6a, 0xff, 0xec,
    0x06, 0x43, 0x00, 0x82, 0x06, 0xab, 0x00, 0x82, 0x02, 0x3a, 0xff, 0xec, 0x02, 0x6a, 0xff, 0xec,
    0x00, 0x00, 0x00, 0x00, 0x00, 0x00, 0x00, 0x00, 0x00, 0x00, 0x00, 0x00, 0x00, 0x00, 0x00, 0x00,
    0x00, 0x00, 0x00, 0x00, 0x00, 0x00, 0x00, 0x00, 0x00, 0x00, 0x00, 0x00, 0x00, 0x00, 0x00, 0x00,
    0x00, 0x00, 0x00, 0x00, 0x00, 0x00, 0x00, 0x00, 0x00, 0x00, 0x00, 0x00, 0x00, 0x00, 0x00, 0x00,
    0x00, 0x00, 0x00, 0x00, 0x00, 0x00, 0x00, 0x00, 0x00, 0x00, 0x00, 0x00, 0x00, 0x00, 0x00, 0x00,
    0x00, 0x00, 0xfc, 0x70, 0x00, 0x00, 0x00, 0x00, 0x00, 0x00, 0xfd, 0x2a, 0x00, 0x00, 0x00, 0x00,
    0x02, 0x58, 0x00, 0x08, 0x02, 0x58, 0xff, 0xec, 0x02, 0x58, 0x00, 0x08, 0x02, 0x18, 0x00, 0x69,
    0x02, 0x58, 0x00, 0x08, 0x02, 0x58, 0x00, 0x08, 0x02, 0x58, 0xff, 0xec, 0x02, 0x58, 0x00, 0x08,
    0x02, 0x58, 0xff, 0xec, 0x02, 0x58, 0x00, 0x08, 0x02, 0x58, 0xff, 0xec, 0x02, 0x58, 0xff, 0xf4,
    0x02, 0x58, 0xff, 0xec, 0x02, 0x58, 0x00, 0x18, 0x02, 0x58, 0xff, 0xec, 0x03, 0xc3, 0x00, 0xa3,
    0x02, 0x39, 0xff, 0xb5, 0x02, 0x70, 0xff, 0xb5, 0x02, 0x39, 0x00, 0x6c, 0x02, 0x70, 0x00, 0x6c,
    0x03, 0xdd, 0xff, 0xab, 0x04, 0x22, 0xff, 0xab, 0x02, 0x39, 0x00, 0x6c, 0x02, 0x70, 0x00, 0x6c,
    0x06, 0x43, 0x00, 0x82, 0x06, 0xab, 0x00, 0x82, 0x02, 0x3a, 0xff, 0xec, 0x02, 0x6a, 0xff, 0xec,
    0x02, 0x39, 0x00, 0xc1, 0x02, 0x70, 0x00, 0xc1, 0x07, 0x88, 0x00, 0x82, 0x07, 0xdb, 0x00, 0x82,
    0x02, 0x3a, 0xff, 0xec, 0x02, 0x6a, 0xff, 0xec, 0x04, 0x31, 0x00, 0x8b, 0x04, 0x4a, 0x00, 0x91,
    0x07, 0x88, 0x00, 0x82, 0x07, 0xdb, 0x00, 0x82, 0x02, 0x3a, 0xff, 0xec, 0x02, 0x6a, 0xff, 0xec,
    0x07, 0x88, 0x00, 0x82, 0x07, 0xdb, 0x00, 0x82, 0x02, 0x3a, 0xff, 0xec, 0x02, 0x6a, 0xff, 0xec,
    0x05, 0x2a, 0x00, 0x9d, 0x05, 0x2a, 0x00, 0x9d, 0x04, 0xf2, 0xff, 0xec, 0x05, 0x2a, 0xff, 0xec,
    0x05, 0x2a, 0x00, 0x9d, 0x05, 0x2a, 0x00, 0x9d, 0x04, 0xf2, 0xff, 0xec, 0x05, 0x2a, 0xff, 0xec,
    0x05, 0x2a, 0x00, 0x9d, 0x05, 0x2a, 0x00, 0x9d, 0x04, 0xf2, 0xff, 0xec, 0x05, 0x2a, 0xff, 0xec,
    0x03, 0x90, 0x00, 0x7d, 0x04, 0x33, 0x00, 0x7d, 0x03, 0x90, 0x00, 0x7d, 0x04, 0x33, 0x00, 0x7d,
    0x03, 0xdd, 0xff, 0xab, 0x04, 0x6a, 0xff, 0xab, 0x03, 0xdd, 0xff, 0xab, 0x04, 0x6a, 0xff, 0xab,
    0x09, 0xc4, 0x00, 0x82, 0x0a, 0x33, 0x00, 0x82, 0x06, 0xb4, 0xff, 0xec, 0x07, 0x23, 0xff, 0xec,
    0x09, 0xc4, 0x00, 0x82, 0x0a, 0x33, 0x00, 0x82, 0x06, 0xb4, 0xff, 0xec, 0x07, 0x23, 0xff, 0xec,
    0x09, 0xac, 0x00, 0x82, 0x09, 0xcd, 0x00, 0x82, 0x06, 0xcb, 0xff, 0xec, 0x06, 0xf0, 0xff, 0xec,
    0x09, 0xac, 0x00, 0x82, 0x09, 0xcd, 0x00, 0x82, 0x06, 0xcb, 0xff, 0xec, 0x06, 0xf0, 0xff, 0xec,
    0x07, 0x66, 0x00, 0x90, 0x07, 0x98, 0x00, 0x90, 0x06, 0x5e, 0xff, 0xec, 0x06, 0x90, 0xff, 0xec,
    0x07, 0x66, 0x00, 0x90, 0x07, 0x98, 0x00, 0x90, 0x06, 0x5e, 0xff, 0xec, 0x06, 0x90, 0xff, 0xec,
    0x04, 0xc6, 0x00, 0x75, 0x04, 0x42, 0x00, 0x75, 0x04, 0xc6, 0xff, 0xec, 0x03, 0xdc, 0xff, 0xec,
    0x04, 0xc6, 0x00, 0x75, 0x04, 0x42, 0x00, 0x75, 0x04, 0x2f, 0xff, 0xec, 0x03, 0xdc, 0xff, 0xec,
    0x08, 0x4b, 0x00, 0x82, 0x08, 0x48, 0x00, 0x82, 0x03, 0xd3, 0xff, 0xec, 0x04, 0x0c, 0xff, 0xec,
    0x06, 0x35, 0x00, 0x6b, 0x06, 0xac, 0x00, 0x6b, 0x03, 0xd3, 0xff, 0xec, 0x04, 0x0c, 0xff, 0xec,
    0x06, 0x98, 0x00, 0x90, 0x06, 0xbe, 0x00, 0x90, 0x03, 0xcf, 0xff, 0xec, 0x04, 0x6b, 0xff, 0xec,
    0x05, 0xd0, 0x00, 0x90, 0x06, 0x0f, 0x00, 0x90, 0x02, 0x70, 0xff, 0xec, 0x02, 0xa6, 0xff, 0xec,
    0x04, 0xf4, 0x00, 0x8c, 0x05, 0x53, 0x00, 0x8c, 0x04, 0x49, 0xff, 0xec, 0x04, 0xa0, 0xff, 0xec,
    0x05, 0xe0, 0x00, 0x93, 0x06, 0x17, 0x00, 0x93, 0x02, 0x3a, 0xff, 0xec, 0x02, 0x6a, 0xff, 0xec,
    0x04, 0x31, 0x00, 0x8b, 0x04, 0x4a, 0x00, 0x91, 0x04, 0x38, 0xff, 0xec, 0x03, 0xb0, 0xff, 0xec,
    0x03, 0xdd, 0xff, 0xab, 0x04, 0x22, 0xff, 0xab, 0x06, 0x43, 0x00, 0x82, 0x06, 0xab, 0x00, 0x82,
    0x06, 0x43, 0x00, 0x82, 0x06, 0xab, 0x00, 0x82, 0x02, 0x3a, 0xff, 0xec, 0x02, 0x6a, 0xff, 0xec,
    0x04, 0x90, 0xff, 0x2e, 0x04, 0xc6, 0xff, 0x2e, 0x04, 0x90, 0xff, 0xe5, 0x04, 0xc6, 0xff, 0xe5,
    0x04, 0x90, 0x00, 0x17, 0x04, 0xc6, 0x00, 0x17, 0x04, 0x90, 0x00, 0x54, 0x04, 0xc6, 0x00, 0x54,
    0x00, 0x00, 0x00, 0x00, 0x00, 0x00, 0x00, 0x00, 0x00, 0x00, 0x00, 0x00, 0x00, 0x00, 0x00, 0x00,
    0x00, 0x00, 0x00, 0x00, 0x08, 0x34, 0x00, 0x1e, 0x06, 0x0e, 0x00, 0x64, 0x04, 0xdc, 0x00, 0xc8,
    0x04, 0x80, 0x00, 0x64, 0x04, 0xce, 0x00, 0xc8, 0x04, 0x64, 0x00, 0xc8, 0x04, 0x64, 0x00, 0xc8,
    0x03, 0x84, 0x00, 0x96, 0x05, 0x00, 0x00, 0xc8, 0x07, 0x3a, 0x00, 0x96, 0x02, 0x44, 0x00, 0xc8,
    0x05, 0x19, 0x00, 0xc8, 0x04, 0x5f, 0x00, 0xc8, 0x0b, 0x6a, 0x00, 0xc8, 0x07, 0x0d, 0x00, 0xc8,
    0x07, 0x64, 0x00, 0xc8, 0x07, 0x3a, 0x00, 0x96, 0x05, 0x7d, 0x00, 0xc8, 0x06, 0xf2, 0x00, 0xc8,
    0x04, 0xb0, 0x00, 0x96, 0x04, 0xda, 0x00, 0xc8, 0x03, 0x88, 0x00, 0x96, 0x05, 0x92, 0x00, 0x64,
    0x05, 0x18, 0x00, 0xc8, 0x05, 0x7d, 0x00, 0x96, 0x05, 0x78, 0x00, 0x96, 0x06, 0x7a, 0x00, 0x64,
    0x04, 0x38, 0x00, 0x96, 0x04, 0x76, 0x00, 0xc8, 0x04, 0x76, 0x00, 0xc8, 0x03, 0x84, 0x00, 0x64,
    0x06, 0x0e, 0x00, 0x64, 0x02, 0x44, 0x00, 0xc8, 0x06, 0x0e, 0x00, 0x64, 0x05, 0x7d, 0x00, 0x96,
    0x06, 0x8b, 0x00, 0x64, 0x07, 0x2c, 0x00, 0xaa, 0x07, 0x2c, 0x00, 0xaa, 0x07, 0x2c, 0x00, 0xaa,
    0x07, 0x2c, 0x00, 0xaa, 0x07, 0x2c, 0x00, 0xaa, 0x07, 0x2c, 0x00, 0xaa, 0x07, 0x2c, 0x00, 0xaa,
    0x07, 0x2c, 0x00, 0xaa, 0x07, 0x2c, 0x00, 0xaa, 0x07, 0x2c, 0x00, 0xaa, 0x07, 0x2c, 0x00, 0xaa,
    0x07, 0x2c, 0x00, 0xaa, 0x07, 0x2c, 0x00, 0xaa, 0x07, 0x2c, 0x00, 0xaa, 0x07, 0x2c, 0x00, 0xaa,
    0x07, 0x2c, 0x00, 0xaa, 0x07, 0x2c, 0x00, 0xaa, 0x07, 0x2c, 0x00, 0xaa, 0x07, 0x2c, 0x00, 0xaa,
    0x07, 0x2c, 0x00, 0xaa, 0x07, 0x2c, 0x00, 0xaa, 0x07, 0x2c, 0x00, 0xaa, 0x07, 0x2c, 0x00, 0xaa,
    0x07, 0x2c, 0x00, 0xaa, 0x07, 0x2c, 0x00, 0xaa, 0x07, 0x2c, 0x00, 0xaa, 0x07, 0x2c, 0x00, 0xaa,
    0x07, 0x2c, 0x00, 0xaa, 0x07, 0x2c, 0x00, 0xaa, 0x07, 0x2c, 0x00, 0xaa, 0x07, 0x2c, 0x00, 0xaa,
    0x07, 0x2c, 0x00, 0xaa, 0x07, 0x2c, 0x00, 0xaa, 0x07, 0x2c, 0x00, 0xaa, 0x07, 0x2c, 0x00, 0xaa,
    0x07, 0x2c, 0x00, 0xaa, 0x07, 0x2c, 0x00, 0xaa, 0x07, 0x2c, 0x00, 0xaa, 0x07, 0x2c, 0x00, 0xaa,
    0x07, 0x2c, 0x00, 0xaa, 0x07, 0x2c, 0x00, 0xaa, 0x07, 0x2c, 0x00, 0xaa, 0x07, 0x2c, 0x00, 0xaa,
    0x07, 0x2c, 0x00, 0xaa, 0x07, 0x2c, 0x00, 0xaa, 0x07, 0x2c, 0x00, 0xaa, 0x07, 0x2c, 0x00, 0xaa,
    0x07, 0x2c, 0x00, 0xaa, 0x07, 0x2c, 0x00, 0xaa, 0x07, 0x2c, 0x00, 0xaa, 0x07, 0x2c, 0x00, 0xaa,
    0x07, 0x2c, 0x00, 0xaa, 0x07, 0x2c, 0x00, 0xaa, 0x07, 0x2c, 0x00, 0xaa, 0x07, 0x2c, 0x00, 0xaa,
    0x07, 0x2c, 0x00, 0xaa, 0x07, 0x2c, 0x00, 0xaa, 0x07, 0x2c, 0x00, 0xaa, 0x07, 0x2c, 0x00, 0xaa,
    0x07, 0x2c, 0x00, 0xaa, 0x07, 0x2c, 0x00, 0xaa, 0x07, 0x2c, 0x00, 0xaa, 0x07, 0x2c, 0x00, 0xaa,
    0x07, 0x2c, 0x00, 0xaa, 0x07, 0x2c, 0x00, 0xaa, 0x07, 0x2c, 0x00, 0xaa, 0x07, 0x2c, 0x00, 0xaa,
    0x07, 0x2c, 0x00, 0xaa, 0x07, 0x2c, 0x00, 0xaa, 0x07, 0x2c, 0x00, 0xaa, 0x07, 0x2c, 0x00, 0xaa,
    0x07, 0x2c, 0x00, 0xaa, 0x07, 0x2c, 0x00, 0xaa, 0x07, 0x2c, 0x00, 0xaa, 0x07, 0x2c, 0x00, 0xaa,
    0x07, 0x2c, 0x00, 0xaa, 0x07, 0x2c, 0x00, 0xaa, 0x07, 0x2c, 0x00, 0xaa, 0x07, 0x2c, 0x00, 0xaa,
    0x07, 0x2c, 0x00, 0xaa, 0x07, 0x2c, 0x00, 0xaa, 0x07, 0x2c, 0x00, 0xaa, 0x07, 0x2c, 0x00, 0xaa,
    0x07, 0x2c, 0x00, 0xaa, 0x07, 0x2c, 0x00, 0xaa, 0x07, 0x2c, 0x00, 0xaa, 0x07, 0x2c, 0x00, 0xaa,
    0x05, 0xed, 0x00, 0x10, 0x05, 0xd9, 0x00, 0xc9, 0x06, 0x8d, 0x00, 0xe8, 0x05, 0xd6, 0x00, 0xc9,
    0x05, 0x63, 0x00, 0xc9, 0x06, 0x33, 0x00, 0x73, 0x03, 0x24, 0x00, 0x66, 0x03, 0x22, 0xff, 0x96,
    0x06, 0x05, 0x00, 0xc9, 0x05, 0x3d, 0x00, 0xc9, 0x08, 0x33, 0x00, 0xc4, 0x06, 0x4c, 0x00, 0x72,
    0x05, 0x14, 0x00, 0x88, 0x05, 0xaa, 0xff, 0xfa, 0x06, 0xa4, 0x00, 0xb1, 0x05, 0xc8, 0x00, 0x10,
    0x08, 0xdd, 0x00, 0x44, 0x06, 0x72, 0x00, 0x6c, 0x05, 0xa8, 0xff, 0xfc, 0x05, 0x4b, 0x00, 0x7b,
    0x05, 0xaa, 0x00, 0x94, 0x04, 0x66, 0x00, 0x71, 0x05, 0xaa, 0x00, 0x94, 0x04, 0xec, 0x00, 0x6f,
    0x03, 0xb9, 0x00, 0x2f, 0x05, 0xaa, 0x00, 0x71, 0x05, 0xe5, 0x00, 0xba, 0x02, 0xcf, 0x00, 0xe6,
    0x02, 0xcf, 0xff, 0xd7, 0x05, 0x35, 0x00, 0xba, 0x02, 0xcf, 0x00, 0xe6, 0x09, 0x22, 0x00, 0xba,
    0x05, 0xe5, 0x00, 0xba, 0x04, 0xe5, 0x00, 0x71, 0x05, 0xaa, 0x00, 0x71, 0x05, 0xaa, 0x00, 0x71,
    0x03, 0xdf, 0x00, 0xba, 0x04, 0x2b, 0x00, 0x6f, 0x03, 0xb9, 0x00, 0x37, 0x05, 0xea, 0x00, 0xb1,
    0x04, 0xdc, 0x00, 0x3d, 0x07, 0x48, 0x00, 0x56, 0x05, 0x68, 0x00, 0x4c, 0x04, 0xff, 0x00, 0x3d,
    0x04, 0xb8, 0x00, 0x58, 0x05, 0x79, 0x00, 0x10, 0x05, 0x7d, 0x00, 0xc9, 0x05, 0x96, 0x00, 0x73,
    0x06, 0x29, 0x00, 0xc9, 0x05, 0x0e, 0x00, 0xc9, 0x04, 0x9a, 0x00, 0xc9, 0x06, 0x33, 0x00, 0x73,
    0x06, 0x04, 0x00, 0xc9, 0x03, 0x8c, 0x00, 0x97, 0x02, 0x5c, 0xff, 0x96, 0x05, 0x3f, 0x00, 0xc9,
    0x04, 0x75, 0x00, 0xc9, 0x06, 0xe7, 0x00, 0xc9, 0x05, 0xfc, 0x00, 0xc9, 0x06, 0x4c, 0x00, 0x73,
    0x04, 0xd3, 0x00, 0xc9, 0x06, 0x4c, 0x00, 0x73, 0x05, 0x8f, 0x00, 0xc9, 0x05, 0x14, 0x00, 0x87,
    0x04, 0xe3, 0xff, 0xfa, 0x05, 0xdb, 0x00, 0xb2, 0x05, 0x79, 0x00, 0x10, 0x07, 0xe9, 0x00, 0x44,
    0x05, 0x7b, 0x00, 0x3d, 0x04, 0xe3, 0xff, 0xfc, 0x05, 0x7b, 0x00, 0x5c, 0x04, 0xe7, 0x00, 0x7b,
    0x05, 0x14, 0x00, 0xba, 0x04, 0x66, 0x00, 0x71, 0x05, 0x14, 0x00, 0x71, 0x04, 0xec, 0x00, 0x71,
    0x02, 0xd1, 0x00, 0x2f, 0x05, 0x14, 0x00, 0x71, 0x05, 0x12, 0x00, 0xba, 0x02, 0x39, 0x00, 0xc1,
    0x02, 0x39, 0xff, 0xdb, 0x04, 0xa2, 0x00, 0xba, 0x02, 0x39, 0x00, 0xc1, 0x07, 0xcb, 0x00, 0xba,
    0x05, 0x12, 0x00, 0xba, 0x04, 0xe5, 0x00, 0x71, 0x05, 0x14, 0x00, 0xba, 0x05, 0x14, 0x00, 0x71,
    0x03, 0x4a, 0x00, 0xba, 0x04, 0x2b, 0x00, 0x6f, 0x03, 0x23, 0x00, 0x37, 0x05, 0x12, 0x00, 0xae,
    0x04, 0xbc, 0x00, 0x3d, 0x06, 0x8b, 0x00, 0x56, 0x04, 0xbc, 0x00, 0x3b, 0x04, 0xbc, 0x00, 0x3d,
    0x04, 0x33, 0x00, 0x58, 0x05, 0x17, 0x00, 0x88, 0x05, 0x17, 0x00, 0x6b, 0x05, 0x17, 0x00, 0x82,
    0x05, 0x17, 0x00, 0x9c, 0x05, 0x17, 0x00, 0x5a, 0x05, 0x17, 0x00, 0x94, 0x05, 0x17, 0x00, 0x71,
    0x05, 0x17, 0x00, 0x41, 0x05, 0x17, 0x00, 0x8b, 0x05, 0x14, 0x00, 0x6a, 0x05, 0x17, 0x00, 0x87,
    0x05, 0x17, 0x00, 0xe1, 0x05, 0x17, 0x00, 0x96, 0x05, 0x17, 0x00, 0x9c, 0x05, 0x17, 0x00, 0x64,
    0x05, 0x17, 0x00, 0x9e, 0x05, 0x17, 0x00, 0x8f, 0x05, 0x17, 0x00, 0xa8, 0x05, 0x17, 0x00, 0x8b,
    0x05, 0x17, 0x00, 0x81, 0x02, 0x39, 0x00, 0xc1, 0x07, 0x88, 0x00, 0x82, 0x05, 0x2a, 0x00, 0x9d,
    0x03, 0x90, 0x00, 0x7d, 0x03, 0xdd, 0xff, 0xab, 0x03, 0xdd, 0xff, 0xab, 0x05, 0x2a, 0x00, 0x9d,
    0x07, 0x66, 0x00, 0x90, 0x06, 0x43, 0x00, 0x82, 0x06, 0x98, 0x00, 0x90, 0x05, 0xd0, 0x00, 0x90,
    0x04, 0xf4, 0x00, 0x8c, 0x05, 0xe0, 0x00, 0x93, 0x09, 0xc4, 0x00, 0x82, 0x04, 0xc6, 0x00, 0x75,
    0x08, 0x4b, 0x00, 0x82, 0x09, 0xac, 0x00, 0x82, 0x06, 0x35, 0x00, 0x6b, 0x03, 0xdd, 0xff, 0xab,
    0x09, 0xc4, 0x00, 0x82, 0x07, 0x88, 0x00, 0x82, 0x07, 0x88, 0x00, 0x82, 0x05, 0x2a, 0x00, 0x9d,
    0x03, 0x90, 0x00, 0x7d, 0x09, 0xac, 0x00, 0x82, 0x07, 0x66, 0x00, 0x90, 0x04, 0xc6, 0x00, 0x75,
    0x07, 0x88, 0x00, 0x82, 0x05, 0xe0, 0x00, 0x93, 0x08, 0x4b, 0x00, 0x82, 0x06, 0x35, 0x00, 0x6b,
    0x03, 0x34, 0xff, 0xec, 0x05, 0x56, 0xff, 0xec, 0x04, 0xce, 0xff, 0xec, 0x05, 0x56, 0xff, 0xec,
    0x03, 0x34, 0xff, 0xec, 0x04, 0xc9, 0xff, 0xec, 0x03, 0x6a, 0xff, 0xec, 0x04, 0xdf, 0xff, 0xec,
    0x03, 0x34, 0xff, 0xec, 0x07, 0x18, 0xff, 0xec, 0x04, 0xc6, 0xff, 0xec, 0x03, 0xd3, 0xff, 0xec,
    0x07, 0x2f, 0xff, 0xec, 0x03, 0xd3, 0xff, 0xec, 0x07, 0x18, 0xff, 0xec, 0x03, 0x34, 0xff, 0xec,
    0x03, 0x34, 0xff, 0xec, 0x05, 0x56, 0xff, 0xec, 0x07, 0x2f, 0xff, 0xec, 0x04, 0x2f, 0xff, 0xec,
    0x05, 0x40, 0x00, 0xc1, 0x07, 0x62, 0x00, 0xc1, 0x06, 0xa8, 0x00, 0xc1, 0x07, 0x62, 0x00, 0xc1,
    0x08, 0xcd, 0x00, 0xc1, 0x05, 0x40, 0x00, 0xc1, 0x06, 0x3f, 0x00, 0xc1, 0x06, 0xb9, 0x00, 0xc1,
    0x05, 0x40, 0x00, 0xc1, 0x09, 0x24, 0x00, 0xc1, 0x07, 0x36, 0x00, 0xc1, 0x06, 0x43, 0x00, 0xc1,
    0x09, 0x3b, 0x00, 0xc1, 0x06, 0x43, 0x00, 0xc1, 0x09, 0x24, 0x00, 0xc1, 0x05, 0x40, 0x00, 0xc1,
    0x05, 0x40, 0x00, 0xc1, 0x07, 0x62, 0x00, 0xc1, 0x09, 0x3b, 0x00, 0xc1, 0x08, 0xcd, 0x00, 0xc1,
    0x07, 0x36, 0x00, 0xc1, 0x05, 0x40, 0x00, 0xc1, 0x06, 0x43, 0x00, 0xc1, 0x0a, 0xe9, 0x00, 0xc8,
    0x0a, 0xe9, 0x00, 0xc8, 0x0a, 0xe9, 0x00, 0xc8, 0x0a, 0xe9, 0x00, 0xc8, 0x0a, 0xe9, 0x00, 0xc8,
    0x0a, 0xe9, 0x00, 0xc8, 0x0a, 0xe9, 0x00, 0xc8, 0x0a, 0xe9, 0x00, 0xc8, 0x0a, 0xe9, 0x00, 0xc8,
    0x0a, 0xe9, 0x00, 0xc8, 0x0a, 0xe9, 0x00, 0xc8, 0x0a, 0xe9, 0x00, 0xc8, 0x0a, 0xe9, 0x00, 0xc8,
    0x0a, 0xe9, 0x00, 0xc8, 0x0a, 0xe9, 0x00, 0xc8, 0x0a, 0xe9, 0x00, 0xc8, 0x0a, 0xe9, 0x00, 0xc8,
    0x0a, 0xe9, 0x00, 0xc8, 0x0a, 0xe9, 0x00, 0xc8, 0x0a, 0xe9, 0x00, 0xc8, 0x0a, 0xe9, 0x00, 0xc8,
    0x0a, 0xe9, 0x00, 0xc8, 0x0a, 0xe9, 0x00, 0xc8, 0x0a, 0xe9, 0x00, 0xc8, 0x0a, 0xe9, 0x00, 0xc8,
    0x0a, 0xe9, 0x00, 0xc8, 0x0a, 0xe9, 0x00, 0xc8, 0x0a, 0xe9, 0x00, 0xc8, 0x0a, 0xe9, 0x00, 0xc8,
    0x0a, 0xe9, 0x00, 0xc8, 0x0a, 0xe9, 0x00, 0xc8, 0x0a, 0xe9, 0x00, 0xc8, 0x0a, 0xe9, 0x00, 0xc8,
    0x0a, 0xe9, 0x00, 0xc8, 0x0a, 0xe9, 0x00, 0xc8, 0x0a, 0xe9, 0x00, 0xc8, 0x0a, 0xe9, 0x00, 0xc8,
    0x0a, 0xe9, 0x00, 0xc8, 0x0a, 0xe9, 0x00, 0xc8, 0x0a, 0xe9, 0x00, 0xc8, 0x0a, 0xe9, 0x00, 0xc8,
    0x0a, 0xe9, 0x00, 0xc8, 0x0a, 0xe9, 0x00, 0xc8, 0x0a, 0xe9, 0x00, 0xc8, 0x0a, 0xe9, 0x00, 0xc8,
    0x0a, 0xe9, 0x00, 0xc8, 0x0a, 0xe9, 0x00, 0xc8, 0x0a, 0xe9, 0x00, 0xc8, 0x0a, 0xe9, 0x00, 0xc8,
    0x0a, 0xe9, 0x00, 0xc8, 0x06, 0x85, 0x00, 0xc8, 0x06, 0x85, 0x00, 0xc8, 0x06, 0x85, 0x00, 0xc8,
    0x06, 0x85, 0x00, 0xc8, 0x06, 0x85, 0x00, 0xc8, 0x06, 0x85, 0x00, 0xc8, 0x06, 0x85, 0x00, 0xc8,
    0x06, 0x85, 0x00, 0xc8, 0x06, 0x85, 0x00, 0xc8, 0x06, 0x85, 0x00, 0xc8, 0x06, 0x85, 0x00, 0xc8,
    0x06, 0x85, 0x00, 0xc8, 0x06, 0x85, 0x00, 0xc8, 0x06, 0x85, 0x00, 0xc8, 0x06, 0x85, 0x00, 0xc8,
    0x06, 0x85, 0x00, 0xc8, 0x06, 0x85, 0x00, 0xc8, 0x06, 0x85, 0x00, 0xc8, 0x06, 0x85, 0x00, 0xc8,
    0x06, 0x85, 0x00, 0xc8, 0x06, 0x85, 0x00, 0xc8, 0x06, 0x85, 0x00, 0xc8, 0x06, 0x85, 0x00, 0xc8,
    0x06, 0x85, 0x00, 0xc8, 0x06, 0x85, 0x00, 0xc8, 0x06, 0x85, 0x00, 0xc8, 0x06, 0x85, 0x00, 0xc8,
    0x06, 0x85, 0x00, 0xc8, 0x06, 0x85, 0x00, 0xc8, 0x06, 0x85, 0x00, 0xc8, 0x06, 0x85, 0x00, 0xc8,
    0x06, 0x85, 0x00, 0xc8, 0x06, 0x85, 0x00, 0xc8, 0x06, 0x85, 0x00, 0xc8, 0x06, 0x85, 0x00, 0xc8,
    0x06, 0x85, 0x00, 0xc8, 0x06, 0x85, 0x00, 0xc8, 0x06, 0x85, 0x00, 0xc8, 0x06, 0x85, 0x00, 0xc8,
    0x06, 0x85, 0x00, 0xc8, 0x06, 0x85, 0x00, 0xc8, 0x06, 0x85, 0x00, 0xc8, 0x06, 0x85, 0x00, 0xc8,
    0x06, 0x85, 0x00, 0xc8, 0x06, 0x85, 0x00, 0xc8, 0x06, 0x85, 0x00, 0xc8, 0x06, 0x85, 0x00, 0xc8,
    0x06, 0x85, 0x00, 0xc8, 0x06, 0x85, 0x00, 0xc8, 0x06, 0x85, 0x00, 0xc8, 0x08, 0x2f, 0x00, 0xc8,
    0x08, 0x2f, 0x00, 0xc8, 0x08, 0x2f, 0x00, 0xc8, 0x08, 0x2f, 0x00, 0xc8, 0x08, 0x2f, 0x00, 0xc8,
    0x08, 0x2f, 0x00, 0xc8, 0x08, 0x2f, 0x00, 0xc8, 0x08, 0x2f, 0x00, 0xc8, 0x08, 0x2f, 0x00, 0xc8,
    0x08, 0x2f, 0x00, 0xc8, 0x08, 0x2f, 0x00, 0xc8, 0x08, 0x2f, 0x00, 0xc8, 0x08, 0x2f, 0x00, 0xc8,
    0x08, 0x2f, 0x00, 0xc8, 0x08, 0x2f, 0x00, 0xc8, 0x08, 0x2f, 0x00, 0xc8, 0x08, 0x2f, 0x00, 0xc8,
    0x08, 0x2f, 0x00, 0xc8, 0x08, 0x2f, 0x00, 0xc8, 0x08, 0x2f, 0x00, 0xc8, 0x08, 0x2f, 0x00, 0xc8,
    0x08, 0x2f, 0x00, 0xc8, 0x08, 0x2f, 0x00, 0xc8, 0x08, 0x2f, 0x00, 0xc8, 0x08, 0x2f, 0x00, 0xc8,
    0x08, 0x2f, 0x00, 0xc8, 0x08, 0x2f, 0x00, 0xc8, 0x08, 0x40, 0x00, 0xd9, 0x08, 0x2f, 0x00, 0xc8,
    0x08, 0x2f, 0x00, 0xc8, 0x08, 0x2f, 0x00, 0xc8, 0x08, 0x2f, 0x00, 0xc8, 0x08, 0x2f, 0x00, 0xc8,
    0x08, 0x2f, 0x00, 0xc8, 0x08, 0x2f, 0x00, 0xc8, 0x08, 0x2f, 0x00, 0xc8, 0x08, 0x2f, 0x00, 0xc8,
    0x08, 0x2f, 0x00, 0xc8, 0x08, 0x2f, 0x00, 0xc8, 0x08, 0x2f, 0x00, 0xc8, 0x08, 0x2f, 0x00, 0xc8,
    0x08, 0x2f, 0x00, 0xc8, 0x08, 0x2f, 0x00, 0xc8, 0x08, 0x2f, 0x00, 0xc8, 0x08, 0x2f, 0x00, 0xc8,
    0x08, 0x2f, 0x00, 0xc8, 0x08, 0x2f, 0x00, 0xc8, 0x08, 0x2f, 0x00, 0xc8, 0x08, 0x2f, 0x00, 0xc8,
    0x08, 0x2f, 0x00, 0xc8, 0x08, 0x2f, 0x00, 0xc8, 0x08, 0x2f, 0x00, 0xc8, 0x08, 0x2f, 0x00, 0xc8,
    0x08, 0x2f, 0x00, 0xc8, 0x08, 0x2f, 0x00, 0xc8, 0x08, 0x2f, 0x00, 0xc8, 0x08, 0x2f, 0x00, 0xc8,
    0x08, 0x2f, 0x00, 0xc8, 0x08, 0x2f, 0x00, 0xc8, 0x08, 0x57, 0x00, 0xaa, 0x08, 0x57, 0x00, 0xaa,
    0x08, 0x57, 0x00, 0xaa, 0x08, 0x57, 0x00, 0xaa, 0x08, 0x57, 0x00, 0xaa, 0x08, 0x57, 0x00, 0xaa,
    0x08, 0x57, 0x00, 0xaa, 0x08, 0x57, 0x00, 0xaa, 0x08, 0x58, 0x00, 0x99, 0x09, 0x78, 0x00, 0x4b,
    0x08, 0x57, 0x00, 0x3d, 0x09, 0x40, 0x00, 0xaa, 0x08, 0x57, 0x00, 0xaa, 0x08, 0x57, 0x00, 0xaa,
    0x09, 0x59, 0x00, 0x5f, 0x08, 0x57, 0x00, 0xaa, 0x08, 0x57, 0x00, 0xaa, 0x08, 0x57, 0x00, 0xaa,
    0x08, 0x57, 0x00, 0xaa, 0x08, 0x57, 0x00, 0x8f, 0x08, 0x57, 0x00, 0xaa, 0x08, 0x57, 0x00, 0xaa,
    0x08, 0x57, 0x00, 0xaa, 0x08, 0x57, 0x00, 0xaa, 0x08, 0x57, 0x00, 0xaa, 0x08, 0x57, 0x00, 0xaa,
    0x08, 0x57, 0x00, 0xaa, 0x08, 0x57, 0x00, 0xaa, 0x08, 0x57, 0x00, 0xaa, 0x08, 0x57, 0x00, 0xaa,
    0x08, 0x57, 0x00, 0xaa, 0x08, 0x57, 0x00, 0xaa, 0x08, 0x57, 0x00, 0xaa, 0x08, 0x57, 0x00, 0xaa,
    0x08, 0x57, 0x00, 0xaa, 0x08, 0x57, 0x00, 0xaa, 0x08, 0x57, 0x00, 0xaa, 0x08, 0x57, 0x00, 0xaa,
    0x08, 0x57, 0x00, 0xaa, 0x08, 0x57, 0x00, 0xaa, 0x08, 0x57, 0x00, 0xaa, 0x08, 0x57, 0x00, 0xaa,
    0x08, 0x57, 0x00, 0xaa, 0x08, 0x57, 0x00, 0xaa, 0x08, 0x57, 0x00, 0xaa, 0x08, 0x57, 0x00, 0xaa,
    0x08, 0x57, 0x00, 0xaa, 0x08, 0x57, 0x00, 0xaa, 0x08, 0x57, 0x00, 0xaa, 0x08, 0x57, 0x00, 0xaa,
    0x08, 0x57, 0x00, 0xaa, 0x08, 0x57, 0x00, 0xaa, 0x08, 0x57, 0x00, 0xaa, 0x08, 0x57, 0x00, 0xaa,
    0x08, 0x57, 0x00, 0xaa, 0x09, 0x59, 0x00, 0x5f, 0x08, 0x57, 0x00, 0xaa, 0x08, 0x57, 0x00, 0xaa,
    0x08, 0x57, 0x00, 0xaa, 0x08, 0x57, 0x00, 0x23, 0x08, 0x57, 0x00, 0xaa, 0x08, 0x57, 0x00, 0xaa,
    0x0c, 0xd5, 0x00, 0xaa, 0x08, 0x57, 0x00, 0xaa, 0x08, 0x57, 0x00, 0xaa, 0x08, 0x57, 0x00, 0xaa,
    0x08, 0x57, 0x00, 0x3a, 0x09, 0x59, 0x00, 0x60, 0x08, 0x57, 0x00, 0x3a, 0x08, 0x57, 0x00, 0x3d,
    0x08, 0x57, 0x00, 0x3d, 0x08, 0x57, 0x00, 0x3d, 0x08, 0x57, 0x00, 0x3d, 0x08, 0x57, 0x00, 0x3d,
    0x08, 0x57, 0x00, 0x3d, 0x08, 0x57, 0x00, 0xaa, 0x00, 0x00, 0xff, 0xb9, 0x00, 0x00, 0xfc, 0xd7,
    0x00, 0x00, 0xfd, 0x73, 0x00, 0x00, 0xfc, 0xb6, 0x00, 0x00, 0xfd, 0x0c, 0x00, 0x00, 0xfc, 0xcf,
    0x00, 0x00, 0xfc, 0xcf, 0x00, 0x00, 0xfc, 0xc7, 0x00, 0x00, 0xfc, 0xc7, 0x00, 0x00, 0xfd, 0x9a,
    0x00, 0x00, 0xfc, 0xe6, 0x00, 0x00, 0xfc, 0x4e, 0x00, 0x96, 0x00, 0x00, 0x01, 0x90, 0x00, 0x00,
    0x01, 0x90, 0x00, 0x00, 0x01, 0x90, 0x00, 0x00, 0x00, 0x96, 0x00, 0x00, 0x01, 0x90, 0x00, 0x00,
    0x07, 0xdb, 0x00, 0x82, 0x02, 0x3a, 0xff, 0xec, 0x02, 0x6a, 0xff, 0xec, 0x08, 0x48, 0x00, 0x82,
    0x03, 0xd3, 0xff, 0xec, 0x04, 0x0c, 0xff, 0xec, 0x06, 0xac, 0x00, 0x6b, 0x03, 0xd3, 0xff, 0xec,
    0x04, 0x0c, 0xff, 0xec, 0x02, 0x3a, 0xff, 0xec, 0x02, 0x6a, 0xff, 0xec, 0x01, 0xb6, 0x00, 0x00,
    0x07, 0xdb, 0x00, 0x82, 0x02, 0x3a, 0xff, 0xec, 0x02, 0x6a, 0xff, 0xec, 0x07, 0xdb, 0x00, 0x82,
    0x02, 0x3a, 0xff, 0xec, 0x02, 0x6a, 0xff, 0xec, 0x05, 0x2a, 0x00, 0x9d, 0x04, 0xf2, 0xff, 0xec,
    0x05, 0x2a, 0xff, 0xec, 0x05, 0x2a, 0x00, 0x9d, 0x04, 0xf2, 0xff, 0xec, 0x05, 0x2a, 0xff, 0xec,
    0x05, 0x2a, 0x00, 0x9d, 0x04, 0xf2, 0xff, 0xec, 0x05, 0x2a, 0xff, 0xec, 0x05, 0x2a, 0x00, 0x9d,
    0x04, 0xf2, 0xff, 0xec, 0x05, 0x2a, 0xff, 0xec, 0x03, 0x5f, 0x00, 0x00, 0x05, 0xfc, 0x00, 0xd5,
    0x02, 0x39, 0x00, 0x0f, 0x02, 0xee, 0xfe, 0xf2, 0x05, 0x78, 0x01, 0x92, 0x05, 0x78, 0x01, 0x92,
    0x05, 0x78, 0x01, 0x92, 0x05, 0x78, 0x01, 0x93, 0x05, 0x78, 0x01, 0x93, 0x05, 0x78, 0x01, 0x92,
    0x05, 0x78, 0x01, 0x92, 0x05, 0x78, 0x01, 0x76, 0x05, 0x78, 0x01, 0x8b, 0x05, 0x78, 0x01, 0x76,
    0x05, 0x78, 0x01, 0x8b, 0x05, 0x78, 0x01, 0x76, 0x05, 0x78, 0x01, 0x8b, 0x05, 0x78, 0x01, 0x8b,
    0x05, 0x78, 0x01, 0x76, 0x05, 0x78, 0x01, 0x76, 0x05, 0x78, 0x01, 0x83, 0x05, 0x78, 0x01, 0x83,
    0x05, 0x78, 0x01, 0x83, 0x05, 0x78, 0x01, 0x8b, 0x00, 0x00, 0xfc, 0x9a, 0x01, 0x2c, 0x00, 0x00,
    0x04, 0x18, 0x00, 0x00, 0x04, 0xe2, 0xff, 0xab, 0x04, 0xe2, 0xff, 0xab, 0x06, 0x0f, 0x00, 0x90,
    0x02, 0x70, 0xff, 0xec, 0x02, 0xa6, 0xff, 0xec, 0x06, 0xab, 0x00, 0x82, 0x02, 0x3a, 0xff, 0xec,
    0x02, 0x6a, 0xff, 0xec, 0x04, 0x6a, 0xff, 0xab, 0x02, 0x39, 0x00, 0xc1, 0x04, 0x4a, 0x00, 0x91,
    0x05, 0x96, 0x00, 0x71, 0x04, 0xe2, 0x00, 0x71, 0x02, 0x39, 0x00, 0x96, 0x02, 0xcf, 0x00, 0x4f,
    0x02, 0xcf, 0xff, 0x16, 0x02, 0x39, 0xff, 0xd3, 0x02, 0x39, 0x00, 0xbf, 0x02, 0xb2, 0x00, 0xf0,
    0x03, 0x8c, 0x00, 0x97, 0x06, 0xb4, 0x01, 0xad, 0x00, 0x00, 0x00, 0xc8, 0x00, 0x00, 0x00, 0xc8,
    0x00, 0x00, 0x00, 0xc8, 0x00, 0x00, 0x00, 0xc8, 0x00, 0x00, 0x00, 0xc8, 0x00, 0x00, 0x00, 0xc8,
    0x00, 0x00, 0x00, 0xdc, 0x00, 0x00, 0x00, 0xdc, 0x02, 0x3a, 0x00, 0xc1, 0x02, 0x3a, 0xff, 0xec,
    0x02, 0x3a, 0xff, 0xec, 0x04, 0x92, 0x00, 0x71, 0x04, 0x92, 0xff, 0xec, 0x04, 0x92, 0xff, 0xec,
    0x03, 0x64, 0x00, 0x3d, 0x03, 0x64, 0xff, 0xec, 0x03, 0x64, 0xff, 0xec, 0x04, 0xbc, 0x00, 0x3d,
    0x04, 0xbc, 0xff, 0xec, 0x04, 0xbc, 0xff, 0xec, 0x05, 0x3b, 0x00, 0xba, 0x05, 0x3b, 0xff, 0xec,
    0x05, 0x3b, 0xff, 0xec, 0x05, 0x3b, 0x00, 0xba, 0x05, 0x3b, 0xff, 0xec, 0x05, 0x3b, 0xff, 0xec,
    0x04, 0xc0, 0x00, 0x71, 0x04, 0xc0, 0xff, 0xec, 0x04, 0xc0, 0xff, 0xec, 0x05, 0x3b, 0x00, 0xba,
    0x05, 0x3b, 0xff, 0xec, 0x05, 0x3b, 0xff, 0xec, 0x06, 0xa1, 0x00, 0x71, 0x06, 0xa1, 0xff, 0xec,
    0x06, 0xa1, 0xff, 0xec, 0x03, 0x81, 0x00, 0xc1, 0x03, 0x81, 0xff, 0xec, 0x03, 0x81, 0xff, 0xec,
    0x03, 0x81, 0x00, 0x3d, 0x03, 0x81, 0xff, 0xec, 0x03, 0x81, 0xff, 0xec, 0x04, 0x78, 0x00, 0xba,
    0x04, 0x78, 0xff, 0xec, 0x04, 0x78, 0xff, 0xec, 0x04, 0xe5, 0x00, 0xc1, 0x04, 0xe5, 0xff, 0xec,
    0x04, 0xe5, 0xff, 0xec, 0x02, 0xcd, 0x00, 0x3d, 0x02, 0xcd, 0xff, 0xec, 0x02, 0xcd, 0xff, 0xec,
    0x07, 0xac, 0x00, 0xc1, 0x07, 0xac, 0xff, 0xec, 0x07, 0xac, 0xff, 0xec, 0x03, 0xc8, 0x00, 0x3d,
    0x03, 0xc8, 0xff, 0xec, 0x03, 0xc8, 0xff, 0xec, 0x06, 0x44, 0x00, 0x3d, 0x06, 0x44, 0xff, 0xec,
    0x06, 0x44, 0xff, 0xec, 0x05, 0x3b, 0x00, 0xba, 0x05, 0x3b, 0xff, 0xec, 0x05, 0x3b, 0xff, 0xec,
    0x05, 0x00, 0x00, 0x3d, 0x05, 0x00, 0xff, 0xec, 0x05, 0x00, 0xff, 0xec, 0x05, 0xdf, 0x00, 0xc1,
    0x05, 0xdf, 0xff, 0xec, 0x05, 0xdf, 0xff, 0xec, 0x04, 0x3d, 0x00, 0xc1, 0x04, 0x3d, 0xff, 0xec,
    0x04, 0x3d, 0xff, 0xec, 0x05, 0xcb, 0x00, 0x70, 0x05, 0xcb, 0xff, 0xec, 0x05, 0xcb, 0xff, 0xec,
    0x03, 0xc8, 0x00, 0x3d, 0x03, 0xc8, 0xff, 0xec, 0x03, 0xc8, 0xff, 0xec, 0x05, 0x00, 0x00, 0x3d,
    0x05, 0x00, 0xff, 0xec, 0x05, 0x00, 0xff, 0xec, 0x04, 0xc0, 0x00, 0x71, 0x04, 0xc0, 0xff, 0xec,
    0x04, 0xc0, 0xff, 0xec, 0x04, 0x3d, 0x00, 0xc1, 0x04, 0x3d, 0xff, 0xec, 0x04, 0x3d, 0xff, 0xec,
    0x04, 0x3d, 0x00, 0xc1, 0x04, 0x3d, 0xff, 0xec, 0x04, 0x3d, 0xff, 0xec, 0x04, 0x2e, 0x00, 0xc1,
    0x04, 0x2e, 0xff, 0xec, 0x04, 0x2e, 0xff, 0xec, 0x04, 0xc0, 0x00, 0x71, 0x04, 0xc0, 0xff, 0xec,
    0x04, 0xc0, 0xff, 0xec, 0x04, 0xc0, 0x00, 0x71, 0x04, 0xc0, 0xff, 0xec, 0x04, 0xc0, 0xff, 0xec,
    0x00, 0x00, 0xfc, 0xec, 0x07, 0x2c, 0x00, 0xaa, 0x07, 0x2c, 0x00, 0xaa, 0x07, 0x2c, 0x00, 0xaa,
    0x07, 0x2c, 0x00, 0xaa, 0x07, 0x2c, 0x00, 0xaa, 0x07, 0x2c, 0x00, 0xaa, 0x07, 0x2c, 0x00, 0xaa,
    0x07, 0x2c, 0x00, 0xaa, 0x06, 0xb3, 0x01, 0x97, 0x06, 0x2e, 0x00, 0xc9, 0x05, 0x6a, 0x00, 0xc1,
    0x05, 0x12, 0x00, 0xae, 0x04, 0x33, 0x00, 0x7d, 0x04, 0x33, 0x00, 0x7d, 0x04, 0x33, 0x00, 0x7d,
    0x04, 0x33, 0x00, 0x7d, 0x04, 0x33, 0x00, 0x7d, 0x04, 0x6a, 0xff, 0xab, 0x04, 0x6a, 0xff, 0xab,
    0x04, 0x6a, 0xff, 0xab, 0x04, 0x6a, 0xff, 0xab, 0x04, 0x6a, 0xff, 0xab, 0x0a, 0x33, 0x00, 0x82,
    0x06, 0xb4, 0xff, 0xec, 0x07, 0x23, 0xff, 0xec, 0x0a, 0x33, 0x00, 0x82, 0x06, 0xb4, 0xff, 0xec,
    0x07, 0x23, 0xff, 0xec, 0x0a, 0x33, 0x00, 0x82, 0x06, 0xb4, 0xff, 0xec, 0x07, 0x23, 0xff, 0xec,
    0x09, 0xcd, 0x00, 0x82, 0x06, 0xcb, 0xff, 0xec, 0x06, 0xf0, 0xff, 0xec, 0x09, 0xcd, 0x00, 0x82,
    0x06, 0xcb, 0xff, 0xec, 0x06, 0xf0, 0xff, 0xec, 0x07, 0x98, 0x00, 0x90, 0x06, 0x5e, 0xff, 0xec,
    0x06, 0x90, 0xff, 0xec, 0x04, 0x42, 0x00, 0x75, 0x04, 0xc6, 0xff, 0xec, 0x03, 0xdc, 0xff, 0xec,
    0x08, 0x48, 0x00, 0x82, 0x03, 0xd3, 0xff, 0xec, 0x04, 0x0c, 0xff, 0xec, 0x08, 0x48, 0x00, 0x82,
    0x03, 0xd3, 0xff, 0xec, 0x04, 0x0c, 0xff, 0xec, 0x08, 0x48, 0x00, 0x82, 0x03, 0xd3, 0xff, 0xec,
    0x04, 0x0c, 0xff, 0xec, 0x06, 0xac, 0x00, 0x6b, 0x03, 0xd3, 0xff, 0xec, 0x04, 0x0c, 0xff, 0xec,
    0x06, 0xac, 0x00, 0x6b, 0x03, 0xd3, 0xff, 0xec, 0x04, 0x0c, 0xff, 0xec, 0x08, 0x6e, 0x00, 0x82,
    0x06, 0xf2, 0xff, 0xec, 0x06, 0xf2, 0xff, 0xec, 0x07, 0x29, 0x00, 0x82, 0x03, 0xcf, 0xff, 0xec,
    0x04, 0x6b, 0xff, 0xec, 0x06, 0xbe, 0x00, 0x90, 0x03, 0xcf, 0xff, 0xec, 0x04, 0x6b, 0xff, 0xec,
    0x06, 0xbe, 0x00, 0x90, 0x03, 0xcf, 0xff, 0xec, 0x04, 0x6b, 0xff, 0xec, 0x07, 0x29, 0x00, 0x82,
    0x03, 0xcf, 0xff, 0xec, 0x04, 0x6b, 0xff, 0xec, 0x07, 0x29, 0x00, 0x82, 0x03, 0xcf, 0xff, 0xec,
    0x04, 0x6b, 0xff, 0xec, 0x07, 0x29, 0x00, 0x82, 0x03, 0xcf, 0xff, 0xec, 0x04, 0x6b, 0xff, 0xec,
    0x06, 0x0f, 0x00, 0x90, 0x02, 0x70, 0xff, 0xec, 0x02, 0xa6, 0xff, 0xec, 0x06, 0x0f, 0x00, 0x90,
    0x02, 0x70, 0xff, 0xec, 0x02, 0xa6, 0xff, 0xec, 0x06, 0x0f, 0x00, 0x90, 0x02, 0x70, 0xff, 0xec,
    0x02, 0xa6, 0xff, 0xec, 0x06, 0x17, 0x00, 0x93, 0x02, 0x3a, 0xff, 0xec, 0x02, 0x6a, 0xff, 0xec,
    0x06, 0x17, 0x00, 0x93, 0x02, 0x3a, 0xff, 0xec, 0x02, 0x6a, 0xff, 0xec, 0x06, 0x17, 0x00, 0x93,
    0x02, 0x3a, 0xff, 0xec, 0x02, 0x6a, 0xff, 0xec, 0x03, 0x35, 0x01, 0x35, 0x04, 0x3f, 0x00, 0x8f,
    0x04, 0x3f, 0x00, 0x8f, 0x03, 0x34, 0xff, 0xec, 0x08, 0x90, 0x00, 0xdd, 0x08, 0x90, 0x00, 0xdd,
    0x07, 0x9f, 0x00, 0x23, 0x05, 0xe4, 0x00, 0xa5, 0x08, 0xed, 0x00, 0xa5, 0x0b, 0xf5, 0x00, 0xa5,
    0x05, 0xe4, 0x00, 0xa5, 0x08, 0xed, 0x00, 0xa5, 0x0b, 0xf5, 0x00, 0xa5, 0x05, 0xe4, 0x00, 0xa5,
    0x05, 0xe4, 0x00, 0xa5, 0x05, 0xe4, 0x00, 0xa5, 0x09, 0x47, 0xff, 0xf8, 0x09, 0x47, 0xff, 0xf8,
    0x09, 0x47, 0x00, 0xc6, 0x09, 0x47, 0x00, 0xc6, 0x0b, 0x50, 0x00, 0x52, 0x0b, 0x50, 0x00, 0x52,
    0x0b, 0x50, 0x00, 0x52, 0x0e, 0xfe, 0x00, 0xa5, 0x05, 0xe4, 0x00, 0xa5, 0x00, 0xa5, 0x00, 0xa5,
    0x00, 0xa5, 0x00, 0xa5, 0x00, 0xa5, 0x00, 0xa5, 0x00, 0xa5, 0x00, 0xa5, 0x00, 0xa5, 0xff, 0xa3,
    0x00, 0xa5, 0x00, 0xa5, 0x00, 0xa5, 0x00, 0xa5, 0x00, 0x97, 0x00, 0x00, 0x00, 0x01, 0x00, 0x00,
    0x18, 0x6d, 0x03, 0x54, 0x00, 0x2b, 0x00, 0x68, 0x00, 0x0c, 0x00, 0x02, 0x00, 0x10, 0x00, 0x99,
    0x00, 0x08, 0x00, 0x00, 0x04, 0x15, 0x02, 0x16, 0x00, 0x08, 0x00, 0x04,
};

const unsigned int DEFAULT_FONT_SFNT_LEN = 31116;
